MIOpen(HIP): Info [get_device_name] Raw device name: gfx1100
MIOpen(HIP): Info [Handle] stream: 0, device_id: 0
MIOpen(HIP): Info [get_device_name] Raw device name: gfx1100
MIOpen(HIP): Info [SetStream] stream: 0, device_id: 0
MIOpen(HIP): miopenStatus_t miopenCreateTensorDescriptor(miopenTensorDescriptor_t *){
MIOpen(HIP): 	tensorDesc = 0
MIOpen(HIP): }
MIOpen(HIP): miopenStatus_t miopenSetTensorDescriptorV2(miopenTensorDescriptor_t, miopenDataType_t, int, const size_t *, const size_t *){
MIOpen(HIP): 	tensorDesc = {}, {}, packed, 
MIOpen(HIP): 	dataType = 0
MIOpen(HIP): 	nbDims = 4
MIOpen(HIP): 	dim.values = { 64 128 128 128 }
MIOpen(HIP): 	stride.values = { 2097152 16384 128 1 }
MIOpen(HIP): }
MIOpen(HIP): miopenStatus_t miopenCreateTensorDescriptor(miopenTensorDescriptor_t *){
MIOpen(HIP): 	tensorDesc = 0
MIOpen(HIP): }
MIOpen(HIP): miopenStatus_t miopenSetTensorDescriptorV2(miopenTensorDescriptor_t, miopenDataType_t, int, const size_t *, const size_t *){
MIOpen(HIP): 	tensorDesc = {}, {}, packed, 
MIOpen(HIP): 	dataType = 0
MIOpen(HIP): 	nbDims = 4
MIOpen(HIP): 	dim.values = { 64 128 3 3 }
MIOpen(HIP): 	stride.values = { 1152 9 3 1 }
MIOpen(HIP): }
MIOpen(HIP): miopenStatus_t miopenCreateTensorDescriptor(miopenTensorDescriptor_t *){
MIOpen(HIP): 	tensorDesc = 0
MIOpen(HIP): }
MIOpen(HIP): miopenStatus_t miopenSetTensorDescriptorV2(miopenTensorDescriptor_t, miopenDataType_t, int, const size_t *, const size_t *){
MIOpen(HIP): 	tensorDesc = {}, {}, packed, 
MIOpen(HIP): 	dataType = 0
MIOpen(HIP): 	nbDims = 4
MIOpen(HIP): 	dim.values = { 64 64 128 128 }
MIOpen(HIP): 	stride.values = { 1048576 16384 128 1 }
MIOpen(HIP): }
MIOpen(HIP): miopenStatus_t miopenCreateConvolutionDescriptor(miopenConvolutionDescriptor_t *){
MIOpen(HIP): 	convDesc = 0
MIOpen(HIP): }
MIOpen(HIP): Info [] MIOPEN_FIND_MODE = FAST(2)
MIOpen(HIP): miopenStatus_t miopenInitConvolutionNdDescriptor(miopenConvolutionDescriptor_t, int, const int *, const int *, const int *, miopenConvolutionMode_t){
MIOpen(HIP): 	convDesc = conv2d, miopenConvolution, miopenPaddingDefault, {0, 0}, {1, 1}, {1, 1}, 
MIOpen(HIP): 	spatialDim = 2
MIOpen(HIP): 	pads = { 1 1 }
MIOpen(HIP): 	strides = { 1 1 }
MIOpen(HIP): 	dilations = { 1 1 }
MIOpen(HIP): 	c_mode = 0
MIOpen(HIP): }
MIOpen(HIP): miopenStatus_t miopenSetConvolutionGroupCount(miopenConvolutionDescriptor_t, int){
MIOpen(HIP): 	convDesc = conv2d, miopenConvolution, miopenPaddingDefault, {1, 1}, {1, 1}, {1, 1}, 
MIOpen(HIP): 	groupCount = 1
MIOpen(HIP): }
MIOpen(HIP): miopenStatus_t miopenSetConvolutionAttribute(miopenConvolutionDescriptor_t, const miopenConvolutionAttrib_t, const int){
MIOpen(HIP): 	convDesc = conv2d, miopenConvolution, miopenPaddingDefault, {1, 1}, {1, 1}, {1, 1}, 
MIOpen(HIP): 	attr = 1
MIOpen(HIP): 	value = 0
MIOpen(HIP): }
MIOpen(HIP): miopenStatus_t miopenConvolutionForwardGetWorkSpaceSize(miopenHandle_t, const miopenTensorDescriptor_t, const miopenTensorDescriptor_t, const miopenConvolutionDescriptor_t, const miopenTensorDescriptor_t, size_t *){
MIOpen(HIP): 	handle = stream: 0, device_id: 0
MIOpen(HIP): 	wDesc = {64, 128, 3, 3}, {1152, 9, 3, 1}, packed, 
MIOpen(HIP): 	xDesc = {64, 128, 128, 128}, {2097152, 16384, 128, 1}, packed, 
MIOpen(HIP): 	convDesc = conv2d, miopenConvolution, miopenPaddingDefault, {1, 1}, {1, 1}, {1, 1}, 
MIOpen(HIP): 	yDesc = {64, 64, 128, 128}, {1048576, 16384, 128, 1}, packed, 
MIOpen(HIP): }
MIOpen(HIP): Info [AmdRocmMetadataVersionDetect] ROCm MD version AMDHSA_COv3, HIP version 7.2.53211, MIOpen version 3.5.1.dabb6df2b9
MIOpen(HIP): Info2 [GetWorkSpaceSize] 
MIOpen(HIP): Info [IsEnabled] MIOPEN_FIND_MODE is set to NORMAL due to MIOPEN_FIND_ENFORCE
MIOpen(HIP): Info2 [GetWorkspaceSizes] fft: Not applicable
MIOpen(HIP): Info2 [GetWorkspaceSizes] GemmFwd1x1_0_1: Not applicable
MIOpen(HIP): Info2 [GetWorkspaceSizes] GemmFwd1x1_0_1_int8: Not applicable
MIOpen(HIP): Info2 [GetWorkspaceSizes] GemmFwd1x1_0_2: Not applicable
MIOpen(HIP): Info2 [GetWorkspaceSizes] GemmFwdRest: 37748736
MIOpen(HIP): Info2 [GetWorkspaceSizes] GemmBwd1x1_stride1: Not applicable
MIOpen(HIP): Info2 [GetWorkspaceSizes] GemmBwd1x1_stride2: Not applicable
MIOpen(HIP): Info2 [GetWorkspaceSizes] GemmBwdRest: Not applicable
MIOpen(HIP): Info2 [GetWorkspaceSizes] GemmWrw1x1_stride1: Skipped (no workspace required)
MIOpen(HIP): Info2 [GetWorkspaceSizes] GemmWrwUniversal: Not applicable
MIOpen(HIP): Info2 [GetMaxWorkSpaceSize] 0 < 37748736
MIOpen(HIP): Info2 [GetWorkspaceSizes] ConvAsm3x3U: Skipped (no workspace required)
MIOpen(HIP): Info2 [GetWorkspaceSizes] ConvAsm1x1U: Not applicable
MIOpen(HIP): Info2 [GetWorkspaceSizes] ConvAsm1x1UV2: Skipped (no workspace required)
MIOpen(HIP): Info2 [GetWorkspaceSizes] ConvAsm5x10u2v2f1: Skipped (no workspace required)
MIOpen(HIP): Info2 [GetWorkspaceSizes] ConvAsm7x7c3h224w224k64u2v2p3q3f1: Skipped (no workspace required)
MIOpen(HIP): Info2 [GetWorkspaceSizes] ConvAsm5x10u2v2b1: Skipped (no workspace required)
MIOpen(HIP): Info2 [GetWorkspaceSizes] ConvOclDirectFwd11x11: Skipped (no workspace required)
MIOpen(HIP): Info2 [GetWorkspaceSizes] ConvOclDirectFwdGen: Skipped (no workspace required)
MIOpen(HIP): Info2 [GetWorkspaceSizes] ConvOclDirectFwd1x1: Skipped (no workspace required)
MIOpen(HIP): Info2 [GetWorkspaceSizes] ConvOclDirectFwd: Skipped (no workspace required)
MIOpen(HIP): Info2 [GetWorkspaceSizes] ConvDirectNaiveConvFwd: Skipped (no workspace required)
MIOpen(HIP): Info2 [GetWorkspaceSizes] ConvDirectNaiveConvBwd: Skipped (no workspace required)
MIOpen(HIP): Info2 [GetWorkspaceSizes] ConvDirectNaiveConvWrw: Skipped (no workspace required)
MIOpen(HIP): Info2 [GetWorkspaceSizes] ConvHipImplicitGemmForwardV4R5Xdlops: Skipped (no workspace required)
MIOpen(HIP): Info2 [GetWorkspaceSizes] ConvHipImplicitGemmForwardV4R4Xdlops: Skipped (no workspace required)
MIOpen(HIP): Info2 [GetWorkspaceSizes] ConvHipImplicitGemmForwardV4R4Xdlops_Padded_Gemm: Skipped (no workspace required)
MIOpen(HIP): Info2 [GetWorkspaceSizes] ConvHipImplicitGemmBwdDataV4R1Xdlops: Skipped (no workspace required)
MIOpen(HIP): Info2 [GetWorkspaceSizes] ConvHipImplicitGemmBwdDataV1R1Xdlops: Not applicable
MIOpen(HIP): Info2 [GetWorkspaceSizes] ConvHipImplicitGemmV4R1Fwd: Skipped (no workspace required)
MIOpen(HIP): Info2 [GetWorkspaceSizes] ConvHipImplicitGemmV4R4Fwd: Skipped (no workspace required)
MIOpen(HIP): Info2 [GetWorkspaceSizes] ConvMlirIgemmFwdXdlops: Skipped (no workspace required)
MIOpen(HIP): Info2 [GetWorkspaceSizes] ConvMlirIgemmFwd: Skipped (no workspace required)
MIOpen(HIP): Info2 [GetWorkspaceSizes] ConvMlirIgemmBwdXdlops: Skipped (no workspace required)
MIOpen(HIP): Info2 [GetWorkspaceSizes] ConvMlirIgemmBwd: Skipped (no workspace required)
MIOpen(HIP): Info2 [GetWorkspaceSizes] ConvHipImplicitGemmBwdDataV1R1: Not applicable
MIOpen(HIP): Info2 [GetWorkspaceSizes] ConvHipImplicitGemmBwdDataV4R1: Skipped (no workspace required)
MIOpen(HIP): Info2 [GetWorkspaceSizes] ConvAsmImplicitGemmV4R1DynamicFwd_1x1: Skipped (no workspace required)
MIOpen(HIP): Info2 [GetWorkspaceSizes] ConvAsmImplicitGemmV4R1DynamicFwd: Skipped (no workspace required)
MIOpen(HIP): Info2 [GetWorkspaceSizes] ConvAsmImplicitGemmV4R1DynamicBwd: Skipped (no workspace required)
MIOpen(HIP): Info2 [GetWorkspaceSizes] ConvAsmImplicitGemmGTCDynamicFwdXdlops: Skipped (no workspace required)
MIOpen(HIP): Info2 [GetWorkspaceSizes] ConvAsmImplicitGemmGTCDynamicBwdXdlops: Skipped (no workspace required)
MIOpen(HIP): Info2 [GetWorkspaceSizes] ConvAsmImplicitGemmGTCDynamicFwdXdlopsNHWC: Not applicable
MIOpen(HIP): Info2 [GetWorkspaceSizes] ConvAsmImplicitGemmGTCDynamicBwdXdlopsNHWC: Not applicable
MIOpen(HIP): Info2 [GetWorkspaceSizes] ConvCkIgemmFwdV6r1DlopsNchw: Not applicable
MIOpen(HIP): Info2 [GetWorkspaceSizes] ConvHipImplicitGemmFwdXdlops: Skipped (no workspace required)
MIOpen(HIP): Info2 [GetWorkspaceSizes] ConvHipImplicitGemmBwdXdlops: Skipped (no workspace required)
MIOpen(HIP): Info2 [GetWorkspaceSizes] ConvHipImplicitGemmGroupFwdXdlops: Not applicable
MIOpen(HIP): Info2 [GetWorkspaceSizes] ConvHipImplicitGemmGroupBwdXdlops: Not applicable
MIOpen(HIP): Info2 [GetWorkspaceSizes] ConvHipImplicitGemm3DGroupFwdXdlops: Not applicable
MIOpen(HIP): Info2 [GetWorkspaceSizes] ConvHipImplicitGemm3DGroupBwdXdlops: Not applicable
MIOpen(HIP): Info2 [GetWorkspaceSizes] ConvAsmImplicitGemmGTCDynamicFwdDlopsNCHWC: Skipped (no workspace required)
MIOpen(HIP): Info2 [GetWorkspaceSizes] ConvBinWinograd3x3U: Skipped (no workspace required)
MIOpen(HIP): Info2 [GetWorkspaceSizes] ConvBinWinogradRxSf3x2: Skipped (no workspace required)
MIOpen(HIP): Info2 [GetWorkspaceSizes] ConvBinWinogradRxSf2x3: Skipped (no workspace required)
MIOpen(HIP): Info2 [GetWorkspaceSizes] ConvBinWinogradRxSf2x3g1: Skipped (no workspace required)
MIOpen(HIP): Info2 [GetWorkspaceSizes] ConvBinWinogradRxS: Skipped (no workspace required)
MIOpen(HIP): Info2 [GetWorkspaceSizes] ConvMPBidirectWinograd<2-3>: Not applicable
MIOpen(HIP): Info2 [GetWorkspaceSizes] ConvMPBidirectWinograd<3-3>: Not applicable
MIOpen(HIP): Info2 [GetWorkspaceSizes] ConvMPBidirectWinograd<4-3>: Not applicable
MIOpen(HIP): Info2 [GetWorkspaceSizes] ConvMPBidirectWinograd<5-3>: Not applicable
MIOpen(HIP): Info2 [GetWorkspaceSizes] ConvMPBidirectWinograd<6-3>: Not applicable
MIOpen(HIP): Info2 [GetWorkspaceSizes] ConvMPBidirectWinograd_xdlops<2-3>: Not applicable
MIOpen(HIP): Info2 [GetWorkspaceSizes] ConvMPBidirectWinograd_xdlops<3-3>: Not applicable
MIOpen(HIP): Info2 [GetWorkspaceSizes] ConvMPBidirectWinograd_xdlops<4-3>: Not applicable
MIOpen(HIP): Info2 [GetWorkspaceSizes] ConvMPBidirectWinograd_xdlops<5-3>: Not applicable
MIOpen(HIP): Info2 [GetWorkspaceSizes] ConvMPBidirectWinograd_xdlops<6-3>: Not applicable
MIOpen(HIP): Info2 [GetWorkspaceSizes] ConvWinoFuryRxS<2-3>: 2048
MIOpen(HIP): Info2 [GetWorkspaceSizes] ConvWinoRageRxS<2-3>: Skipped (no workspace required)
MIOpen(HIP): Info2 [GetMaxWorkSpaceSize] 0 < 2048
MIOpen(HIP): Info [GetWorkSpaceSize] 37748736
MIOpen(HIP): miopenStatus_t miopenFindConvolutionForwardAlgorithm(miopenHandle_t, const miopenTensorDescriptor_t, const void *, const miopenTensorDescriptor_t, const void *, const miopenConvolutionDescriptor_t, const miopenTensorDescriptor_t, void *, const int, int *, miopenConvAlgoPerf_t *, void *, size_t, bool){
MIOpen(HIP): 	handle = stream: 0, device_id: 0
MIOpen(HIP): 	xDesc = {64, 128, 128, 128}, {2097152, 16384, 128, 1}, packed, 
MIOpen(HIP): 	x = 0x7cdd7f800000
MIOpen(HIP): 	wDesc = {64, 128, 3, 3}, {1152, 9, 3, 1}, packed, 
MIOpen(HIP): 	w = 0x7cdd78600000
MIOpen(HIP): 	convDesc = conv2d, miopenConvolution, miopenPaddingDefault, {1, 1}, {1, 1}, {1, 1}, 
MIOpen(HIP): 	yDesc = {64, 64, 128, 128}, {1048576, 16384, 128, 1}, packed, 
MIOpen(HIP): 	y = 0x7cdd70400000
MIOpen(HIP): 	requestAlgoCount = 1
MIOpen(HIP): 	returnedAlgoCount = 31968
MIOpen(HIP): 	perfResults = 
MIOpen(HIP): 	workSpace = 0x7cdd6a000000
MIOpen(HIP): 	workSpaceSize = 37748736
MIOpen(HIP): 	exhaustiveSearch = 0
MIOpen(HIP): }
MIOpen(HIP): Command [LogCmdFindConvolution] ./bin/MIOpenDriver convfp16 -n 64 -c 128 -H 128 -W 128 -k 64 -y 3 -x 3 -p 1 -q 1 -u 1 -v 1 -l 1 -j 1 -m conv -g 1 -F 1 -t 1
MIOpen(HIP): Info [FindConvFwdAlgorithm] requestAlgoCount = 1, workspace = 37748736
MIOpen(HIP): Info [IsEnabled] MIOPEN_FIND_MODE is set to NORMAL due to MIOPEN_FIND_ENFORCE
MIOpen(HIP): Info [IsNetworkedFilesystem] Filesystem type at '"/home/wiffzack/.config/miopen/"' is: 0xef53 'EXT2/3/4_SUPER_MAGIC'
MIOpen(HIP): Info2 [timed_lock] Attempting Lock < /home/wiffzack/.config/miopen/miopen-lockfiles/gfx1100_48.HIP.3_5_1_dabb6df2b9.ufdb.txt.lock.fslock
MIOpen(HIP): Info2 [timed_lock] Lock < /home/wiffzack/.config/miopen/miopen-lockfiles/gfx1100_48.HIP.3_5_1_dabb6df2b9.ufdb.txt.lock.fslock
MIOpen(HIP): Info2 [refresh_lock] Lock Refresh Active < /home/wiffzack/.config/miopen/miopen-lockfiles/gfx1100_48.HIP.3_5_1_dabb6df2b9.ufdb.txt.lock.fslock.wiffzack-To-Be-Filled-By-O-E-M.122119
MIOpen(HIP): Info [Measure] RamDb::Prefetch time: 0.219943 ms
MIOpen(HIP): Info2 [unlock] Unlock < /home/wiffzack/.config/miopen/miopen-lockfiles/gfx1100_48.HIP.3_5_1_dabb6df2b9.ufdb.txt.lock.fslock
MIOpen(HIP): Info2 [refresh_lock] Lock Refresh Exit < /home/wiffzack/.config/miopen/miopen-lockfiles/gfx1100_48.HIP.3_5_1_dabb6df2b9.ufdb.txt.lock.fslock.wiffzack-To-Be-Filled-By-O-E-M.122119
MIOpen(HIP): Info2 [timed_lock] Attempting Lock < /home/wiffzack/.config/miopen/miopen-lockfiles/gfx1100_48.HIP.3_5_1_dabb6df2b9.ufdb.txt.lock.fslock
MIOpen(HIP): Info2 [timed_lock] Lock < /home/wiffzack/.config/miopen/miopen-lockfiles/gfx1100_48.HIP.3_5_1_dabb6df2b9.ufdb.txt.lock.fslock
MIOpen(HIP): Info2 [ValidateUnsafe] DB file is older than cache: 12268610364798, 12274137171341
MIOpen(HIP): Info2 [refresh_lock] Lock Refresh Active < /home/wiffzack/.config/miopen/miopen-lockfiles/gfx1100_48.HIP.3_5_1_dabb6df2b9.ufdb.txt.lock.fslock.wiffzack-To-Be-Filled-By-O-E-M.122119
MIOpen(HIP): Info2 [FindRecordUnsafe] Looking for key 128-128-128-3x3-64-128-128-64-1x1-1x1-1x1-0-NCHW-FP16-F in cache for file "/home/wiffzack/.config/miopen/gfx1100_48.HIP.3_5_1_dabb6df2b9.ufdb.txt"
MIOpen(HIP): Info2 [unlock] Unlock < /home/wiffzack/.config/miopen/miopen-lockfiles/gfx1100_48.HIP.3_5_1_dabb6df2b9.ufdb.txt.lock.fslock
MIOpen(HIP): Info2 [refresh_lock] Lock Refresh Exit < /home/wiffzack/.config/miopen/miopen-lockfiles/gfx1100_48.HIP.3_5_1_dabb6df2b9.ufdb.txt.lock.fslock.wiffzack-To-Be-Filled-By-O-E-M.122119
MIOpen(HIP): Info2 [Measure] Db::FindRecord time: 0.261783 ms
MIOpen(HIP): Info2 [GetInvoker] Returning an invoker for problem 128x128x128x3x3x64x128x128x64xNCHWxFP16x1x1x1x1x1x1x1xFxDefault and solver ConvDirectNaiveConvFwd
MIOpen(HIP): Info2 [LogFindDbItem] Kernel cache entry not found for solver: ConvDirectNaiveConvFwd at network config: 128-128-128-3x3-64-128-128-64-1x1-1x1-1x1-0-NCHW-FP16-F
MIOpen(HIP): Info2 [LogFindDbItem] Find-db record content: ConvDirectNaiveConvFwd:513.426,0,miopenConvolutionFwdAlgoDirect
MIOpen(HIP): Info2 [LogFindDbItem] Find-db record content: GemmFwdRest:7.15613,37748736,miopenConvolutionFwdAlgoGEMM
MIOpen(HIP): Info2 [LogFindDbItem] Find-db record content: ConvWinoFuryRxS<2-3>:1.02514,2048,miopenConvolutionFwdAlgoWinograd
MIOpen(HIP): Info2 [LogFindDbItem] Find-db record content: ConvBinWinogradRxSf3x2:2.64696,0,miopenConvolutionFwdAlgoWinograd
MIOpen(HIP): Info2 [LogFindDbItem] Find-db record content: ConvBinWinogradRxSf2x3g1:1.52185,0,miopenConvolutionFwdAlgoWinograd
MIOpen(HIP): Info [TryLoad] Find-db regenerating.
MIOpen(HIP): Info [FindConvolution] Find Start: 128-128-128-3x3-64-128-128-64-1x1-1x1-1x1-0-NCHW-FP16-F, findMode: FAST(2)
MIOpen(HIP): Info2 [Find] Starting find for miopenConvolutionFwdAlgoWinograd
MIOpen(HIP): Info2 [SearchForAllSolutions] ConvBinWinograd3x3U: Not applicable
MIOpen(HIP): Info [FindSolutionImpl] ConvBinWinogradRxSf3x2
MIOpen(HIP): Info2 [GetLibPath] Lib Path: "/mnt/data/miniconda3/envs/py310_amd/lib/python3.10/site-packages/torch/lib/libMIOpen.so"
MIOpen(HIP): Info2 [GetPerfDbPathFile] inexact perf database search
MIOpen(HIP): Info2 [GetPerfDbPathFile] Iterating over perf db directory "/mnt/data/miniconda3/envs/py310_amd/lib/python3.10/site-packages/torch/share/miopen/db"
MIOpen(HIP): Info [Measure] ReadonlyRamDb::Prefetch time: 1.5e-05 ms
MIOpen(HIP): Info2 [timed_lock] Attempting Lock < /home/wiffzack/.config/miopen/miopen-lockfiles/gfx1100_48.HIP.3_5_1_dabb6df2b9.udb.txt.lock.fslock
MIOpen(HIP): Info2 [timed_lock] Lock < /home/wiffzack/.config/miopen/miopen-lockfiles/gfx1100_48.HIP.3_5_1_dabb6df2b9.udb.txt.lock.fslock
MIOpen(HIP): Info2 [refresh_lock] Lock Refresh Active < /home/wiffzack/.config/miopen/miopen-lockfiles/gfx1100_48.HIP.3_5_1_dabb6df2b9.udb.txt.lock.fslock.wiffzack-To-Be-Filled-By-O-E-M.122119
MIOpen(HIP): Info [Measure] RamDb::Prefetch time: 0.056062 ms
MIOpen(HIP): Info2 [unlock] Unlock < /home/wiffzack/.config/miopen/miopen-lockfiles/gfx1100_48.HIP.3_5_1_dabb6df2b9.udb.txt.lock.fslock
MIOpen(HIP): Info2 [refresh_lock] Lock Refresh Exit < /home/wiffzack/.config/miopen/miopen-lockfiles/gfx1100_48.HIP.3_5_1_dabb6df2b9.udb.txt.lock.fslock.wiffzack-To-Be-Filled-By-O-E-M.122119
MIOpen(HIP): Info2 [timed_lock] Attempting Lock < /home/wiffzack/.config/miopen/miopen-lockfiles/gfx1100_48.HIP.3_5_1_dabb6df2b9.udb.txt.lock.fslock
MIOpen(HIP): Info2 [timed_lock] Lock < /home/wiffzack/.config/miopen/miopen-lockfiles/gfx1100_48.HIP.3_5_1_dabb6df2b9.udb.txt.lock.fslock
MIOpen(HIP): Info2 [refresh_lock] Lock Refresh Active < /home/wiffzack/.config/miopen/miopen-lockfiles/gfx1100_48.HIP.3_5_1_dabb6df2b9.udb.txt.lock.fslock.wiffzack-To-Be-Filled-By-O-E-M.122119
MIOpen(HIP): Info2 [ValidateUnsafe] DB file is older than cache: 11787452058333, 12274138240148
MIOpen(HIP): Info2 [FindRecordUnsafe] Looking for key 2x128x128x128x1x3x3x1x64x64x1x1x0x1x1x0x1x1x0x0x1xNCHWxFP16xF in cache for file "/home/wiffzack/.config/miopen/gfx1100_48.HIP.3_5_1_dabb6df2b9.udb.txt"
MIOpen(HIP): Info2 [unlock] Unlock < /home/wiffzack/.config/miopen/miopen-lockfiles/gfx1100_48.HIP.3_5_1_dabb6df2b9.udb.txt.lock.fslock
MIOpen(HIP): Info2 [refresh_lock] Lock Refresh Exit < /home/wiffzack/.config/miopen/miopen-lockfiles/gfx1100_48.HIP.3_5_1_dabb6df2b9.udb.txt.lock.fslock.wiffzack-To-Be-Filled-By-O-E-M.122119
MIOpen(HIP): Info [GetValues] 2x128x128x128x1x3x3x1x64x64x1x1x0x1x1x0x1x1x0x0x1xNCHWxFP16xF=ConvBinWinogradRxSf3x2:94
MIOpen(HIP): Info2 [Measure] Db::Load time: 0.219869 ms
MIOpen(HIP): Info2 [FindSolutionImpl] Perf Db: record loaded: ConvBinWinogradRxSf3x2
MIOpen(HIP): Info2 [SearchForAllSolutions] ConvBinWinogradRxSf3x2: Success.
MIOpen(HIP): Info2 [SearchForAllSolutions] ConvBinWinogradRxSf2x3: Not applicable
MIOpen(HIP): Info [FindSolutionImpl] ConvBinWinogradRxSf2x3g1 (not searchable)
MIOpen(HIP): Info [GetDefaultPerformanceConfig] 96
MIOpen(HIP): Info2 [SearchForAllSolutions] ConvBinWinogradRxSf2x3g1: Success.
MIOpen(HIP): Info2 [SearchForAllSolutions] ConvBinWinogradRxS: Not applicable
MIOpen(HIP): Info2 [SearchForAllSolutions] ConvMPBidirectWinograd<2-3>: Not applicable
MIOpen(HIP): Info2 [SearchForAllSolutions] ConvMPBidirectWinograd<3-3>: Not applicable
MIOpen(HIP): Info2 [SearchForAllSolutions] ConvMPBidirectWinograd<4-3>: Not applicable
MIOpen(HIP): Info2 [SearchForAllSolutions] ConvMPBidirectWinograd<5-3>: Not applicable
MIOpen(HIP): Info2 [SearchForAllSolutions] ConvMPBidirectWinograd<6-3>: Not applicable
MIOpen(HIP): Info2 [SearchForAllSolutions] ConvMPBidirectWinograd_xdlops<2-3>: Not applicable
MIOpen(HIP): Info2 [SearchForAllSolutions] ConvMPBidirectWinograd_xdlops<3-3>: Not applicable
MIOpen(HIP): Info2 [SearchForAllSolutions] ConvMPBidirectWinograd_xdlops<4-3>: Not applicable
MIOpen(HIP): Info2 [SearchForAllSolutions] ConvMPBidirectWinograd_xdlops<5-3>: Not applicable
MIOpen(HIP): Info2 [SearchForAllSolutions] ConvMPBidirectWinograd_xdlops<6-3>: Not applicable
MIOpen(HIP): Info [FindSolutionImpl] ConvWinoFuryRxS<2-3> (not searchable)
MIOpen(HIP): Info2 [SearchForAllSolutions] ConvWinoFuryRxS<2-3>: Success.
MIOpen(HIP): Info2 [SearchForAllSolutions] ConvWinoRageRxS<2-3>: Not applicable
MIOpen(HIP): Info2 [Find] Starting find for miopenConvolutionFwdAlgoDirect
MIOpen(HIP): Info2 [SearchForAllSolutions] ConvAsm3x3U: Not applicable
MIOpen(HIP): Info2 [SearchForAllSolutions] ConvAsm1x1U: Not applicable
MIOpen(HIP): Info2 [SearchForAllSolutions] ConvAsm1x1UV2: Not applicable
MIOpen(HIP): Info2 [SearchForAllSolutions] ConvAsm5x10u2v2f1: Not applicable
MIOpen(HIP): Info2 [SearchForAllSolutions] ConvAsm7x7c3h224w224k64u2v2p3q3f1: Not applicable
MIOpen(HIP): Info2 [SearchForAllSolutions] ConvAsm5x10u2v2b1: Not applicable
MIOpen(HIP): Info2 [SearchForAllSolutions] ConvOclDirectFwd11x11: Not applicable
MIOpen(HIP): Info2 [SearchForAllSolutions] ConvOclDirectFwdGen: Not applicable
MIOpen(HIP): Info2 [SearchForAllSolutions] ConvOclDirectFwd1x1: Not applicable
MIOpen(HIP): Info2 [SearchForAllSolutions] ConvOclDirectFwd: Not applicable
MIOpen(HIP): Info [FindSolutionImpl] ConvDirectNaiveConvFwd (not searchable)
MIOpen(HIP): Info2 [SearchForAllSolutions] ConvDirectNaiveConvFwd: Success.
MIOpen(HIP): Info2 [SearchForAllSolutions] ConvDirectNaiveConvBwd: Not applicable
MIOpen(HIP): Info2 [SearchForAllSolutions] ConvDirectNaiveConvWrw: Not applicable
MIOpen(HIP): Info2 [Find] Starting find for miopenConvolutionFwdAlgoImplicitGEMM
MIOpen(HIP): Info2 [SearchForAllSolutions] ConvHipImplicitGemmForwardV4R5Xdlops: Not applicable
MIOpen(HIP): Info2 [SearchForAllSolutions] ConvHipImplicitGemmForwardV4R4Xdlops: Not applicable
MIOpen(HIP): Info2 [SearchForAllSolutions] ConvHipImplicitGemmForwardV4R4Xdlops_Padded_Gemm: Not applicable
MIOpen(HIP): Info2 [SearchForAllSolutions] ConvHipImplicitGemmBwdDataV4R1Xdlops: Not applicable
MIOpen(HIP): Info2 [SearchForAllSolutions] ConvHipImplicitGemmBwdDataV1R1Xdlops: Not applicable
MIOpen(HIP): Info2 [SearchForAllSolutions] ConvHipImplicitGemmV4R1Fwd: Not applicable
MIOpen(HIP): Info2 [SearchForAllSolutions] ConvHipImplicitGemmV4R4Fwd: Not applicable
MIOpen(HIP): Info2 [SearchForAllSolutions] ConvMlirIgemmFwdXdlops: Not applicable
MIOpen(HIP): Info2 [SearchForAllSolutions] ConvMlirIgemmFwd: Not applicable
MIOpen(HIP): Info2 [SearchForAllSolutions] ConvMlirIgemmBwdXdlops: Not applicable
MIOpen(HIP): Info2 [SearchForAllSolutions] ConvMlirIgemmBwd: Not applicable
MIOpen(HIP): Info2 [SearchForAllSolutions] ConvHipImplicitGemmBwdDataV1R1: Not applicable
MIOpen(HIP): Info2 [SearchForAllSolutions] ConvHipImplicitGemmBwdDataV4R1: Not applicable
MIOpen(HIP): Info2 [SearchForAllSolutions] ConvAsmImplicitGemmV4R1DynamicFwd_1x1: Not applicable
MIOpen(HIP): Info2 [SearchForAllSolutions] ConvAsmImplicitGemmV4R1DynamicFwd: Not applicable
MIOpen(HIP): Info2 [SearchForAllSolutions] ConvAsmImplicitGemmV4R1DynamicBwd: Not applicable
MIOpen(HIP): Info2 [SearchForAllSolutions] ConvAsmImplicitGemmGTCDynamicFwdXdlops: Not applicable
MIOpen(HIP): Info2 [SearchForAllSolutions] ConvAsmImplicitGemmGTCDynamicBwdXdlops: Not applicable
MIOpen(HIP): Info2 [SearchForAllSolutions] ConvAsmImplicitGemmGTCDynamicFwdXdlopsNHWC: Not applicable
MIOpen(HIP): Info2 [SearchForAllSolutions] ConvAsmImplicitGemmGTCDynamicBwdXdlopsNHWC: Not applicable
MIOpen(HIP): Info2 [SearchForAllSolutions] ConvCkIgemmFwdV6r1DlopsNchw: Not applicable
MIOpen(HIP): Info2 [SearchForAllSolutions] ConvHipImplicitGemmFwdXdlops: Not applicable
MIOpen(HIP): Info2 [SearchForAllSolutions] ConvHipImplicitGemmBwdXdlops: Not applicable
MIOpen(HIP): Info2 [SearchForAllSolutions] ConvHipImplicitGemmGroupFwdXdlops: Not applicable
MIOpen(HIP): Info2 [SearchForAllSolutions] ConvHipImplicitGemmGroupBwdXdlops: Not applicable
MIOpen(HIP): Info2 [SearchForAllSolutions] ConvHipImplicitGemm3DGroupFwdXdlops: Not applicable
MIOpen(HIP): Info2 [SearchForAllSolutions] ConvHipImplicitGemm3DGroupBwdXdlops: Not applicable
MIOpen(HIP): Info2 [SearchForAllSolutions] ConvAsmImplicitGemmGTCDynamicFwdDlopsNCHWC: Not applicable
MIOpen(HIP): Info2 [Find] Starting find for miopenConvolutionFwdAlgoGEMM
MIOpen(HIP): Info2 [SearchForAllSolutions] GemmFwd1x1_0_1: Not applicable
MIOpen(HIP): Info2 [SearchForAllSolutions] GemmFwd1x1_0_1_int8: Not applicable
MIOpen(HIP): Info2 [SearchForAllSolutions] GemmFwd1x1_0_2: Not applicable
MIOpen(HIP): Info [FindSolutionImpl] GemmFwdRest (not searchable)
MIOpen(HIP): Info2 [SearchForAllSolutions] GemmFwdRest: Success.
MIOpen(HIP): Info2 [SearchForAllSolutions] GemmBwd1x1_stride1: Not applicable
MIOpen(HIP): Info2 [SearchForAllSolutions] GemmBwd1x1_stride2: Not applicable
MIOpen(HIP): Info2 [SearchForAllSolutions] GemmBwdRest: Not applicable
MIOpen(HIP): Info2 [SearchForAllSolutions] GemmWrw1x1_stride1: Not applicable
MIOpen(HIP): Info2 [SearchForAllSolutions] GemmWrwUniversal: Not applicable
MIOpen(HIP): Info2 [Find] Starting find for miopenConvolutionFwdAlgoFFT
MIOpen(HIP): Info2 [SearchForAllSolutions] fft: Not applicable
MIOpen(HIP): Info [IsNetworkedFilesystem] Filesystem type at '"/home/wiffzack/.cache/miopen/3.5.1.dabb6df2b9"' is: 0xef53 'EXT2/3/4_SUPER_MAGIC'
MIOpen(HIP): Info2 [SQLiteBase] Initializing system database file ""
MIOpen(HIP): Info [KernDb] database not present
MIOpen(HIP): Info2 [SQLiteBase] Initializing user database file "/home/wiffzack/.cache/miopen/3.5.1.dabb6df2b9/gfx1100_48.ukdb"
MIOpen(HIP): Info2 [KernDb] Database created successfully
MIOpen(HIP): Info2 [LoadBinary] Loading binary for: "naive_conv.cpp.o"; args:  -DMIOPEN_USE_FP16=1 -DMIOPEN_USE_FP16x4=0 -DMIOPEN_USE_FP16x8=0 -DMIOPEN_USE_FP32=0 -DMIOPEN_USE_INT8=0 -DMIOPEN_USE_BFP16=0 -DMIOPEN_USE_INT32=0 -DMIOPEN_USE_RNE_BFLOAT16=1 -DMIOPEN_FP8_IEEE_EXPONENT_BIAS=0 -DMIOPEN_FP8_CLIPPING=1 -mcpu=gfx1100
MIOpen(HIP): Info2 [Prepare] SELECT kernel_blob, kernel_hash, uncompressed_size FROM kern_db WHERE (kernel_name = 'naive_conv.cpp.o') AND (kernel_args = ' -DMIOPEN_USE_FP16=1 -DMIOPEN_USE_FP16x4=0 -DMIOPEN_USE_FP16x8=0 -DMIOPEN_USE_FP32=0 -DMIOPEN_USE_INT8=0 -DMIOPEN_USE_BFP16=0 -DMIOPEN_USE_INT32=0 -DMIOPEN_USE_RNE_BFLOAT16=1 -DMIOPEN_FP8_IEEE_EXPONENT_BIAS=0 -DMIOPEN_FP8_CLIPPING=1 -mcpu=gfx1100');
MIOpen(HIP): Info2 [Measure] Db::FindRecord time: 11.5167 ms
MIOpen(HIP): Info2 [LoadBinary] Successfully loaded binary for: "naive_conv.cpp.o"; args:  -DMIOPEN_USE_FP16=1 -DMIOPEN_USE_FP16x4=0 -DMIOPEN_USE_FP16x8=0 -DMIOPEN_USE_FP32=0 -DMIOPEN_USE_INT8=0 -DMIOPEN_USE_BFP16=0 -DMIOPEN_USE_INT32=0 -DMIOPEN_USE_RNE_BFLOAT16=1 -DMIOPEN_FP8_IEEE_EXPONENT_BIAS=0 -DMIOPEN_FP8_CLIPPING=1 -mcpu=gfx1100
MIOpen(HIP): Info2 [SQLiteBase] Initializing system database file ""
MIOpen(HIP): Info [KernDb] database not present
MIOpen(HIP): Info2 [SQLiteBase] Initializing user database file "/home/wiffzack/.cache/miopen/3.5.1.dabb6df2b9/gfx1100_48.ukdb"
MIOpen(HIP): Info2 [KernDb] Database created successfully
MIOpen(HIP): Info2 [LoadBinary] Loading binary for: "Conv_Winograd_v30_3_1_fp16_dot2_f3x2_stride1.s.o"; args: -Wa,-defsym,ROCM_METADATA_VERSION=5 -Wa,-defsym,FORCE_CACHE_BYPASS_ON_STORE=0 -mcumode -mwavefrontsize64 -mcpu=gfx1100
MIOpen(HIP): Info2 [Prepare] SELECT kernel_blob, kernel_hash, uncompressed_size FROM kern_db WHERE (kernel_name = 'Conv_Winograd_v30_3_1_fp16_dot2_f3x2_stride1.s.o') AND (kernel_args = '-Wa,-defsym,ROCM_METADATA_VERSION=5 -Wa,-defsym,FORCE_CACHE_BYPASS_ON_STORE=0 -mcumode -mwavefrontsize64 -mcpu=gfx1100');
MIOpen(HIP): Info2 [Measure] Db::FindRecord time: 1.17295 ms
MIOpen(HIP): Info2 [LoadBinary] Successfully loaded binary for: "Conv_Winograd_v30_3_1_fp16_dot2_f3x2_stride1.s.o"; args: -Wa,-defsym,ROCM_METADATA_VERSION=5 -Wa,-defsym,FORCE_CACHE_BYPASS_ON_STORE=0 -mcumode -mwavefrontsize64 -mcpu=gfx1100
MIOpen(HIP): Info2 [SQLiteBase] Initializing system database file ""
MIOpen(HIP): Info [KernDb] database not present
MIOpen(HIP): Info2 [SQLiteBase] Initializing user database file "/home/wiffzack/.cache/miopen/3.5.1.dabb6df2b9/gfx1100_48.ukdb"
MIOpen(HIP): Info2 [KernDb] Database created successfully
MIOpen(HIP): Info2 [LoadBinary] Loading binary for: "Conv_Winograd_v30_3_1_fp16_dot2_f2x3_stride1.s.o"; args: -Wa,-defsym,ROCM_METADATA_VERSION=5 -Wa,-defsym,FORCE_CACHE_BYPASS_ON_STORE=0 -mcumode -mwavefrontsize64 -mcpu=gfx1100
MIOpen(HIP): Info2 [Prepare] SELECT kernel_blob, kernel_hash, uncompressed_size FROM kern_db WHERE (kernel_name = 'Conv_Winograd_v30_3_1_fp16_dot2_f2x3_stride1.s.o') AND (kernel_args = '-Wa,-defsym,ROCM_METADATA_VERSION=5 -Wa,-defsym,FORCE_CACHE_BYPASS_ON_STORE=0 -mcumode -mwavefrontsize64 -mcpu=gfx1100');
MIOpen(HIP): Info2 [Measure] Db::FindRecord time: 0.951087 ms
MIOpen(HIP): Info2 [LoadBinary] Successfully loaded binary for: "Conv_Winograd_v30_3_1_fp16_dot2_f2x3_stride1.s.o"; args: -Wa,-defsym,ROCM_METADATA_VERSION=5 -Wa,-defsym,FORCE_CACHE_BYPASS_ON_STORE=0 -mcumode -mwavefrontsize64 -mcpu=gfx1100
MIOpen(HIP): Info2 [SQLiteBase] Initializing system database file ""
MIOpen(HIP): Info [KernDb] database not present
MIOpen(HIP): Info2 [SQLiteBase] Initializing user database file "/home/wiffzack/.cache/miopen/3.5.1.dabb6df2b9/gfx1100_48.ukdb"
MIOpen(HIP): Info2 [KernDb] Database created successfully
MIOpen(HIP): Info2 [LoadBinary] Loading binary for: "Conv_Winograd_Fury_v2_4_1_fp16_fp16acc_f2x3_c32_stride1.s.o"; args: -Wa,-defsym,ROCM_METADATA_VERSION=5 -mcumode -mwavefrontsize64 -mcpu=gfx1100
MIOpen(HIP): Info2 [Prepare] SELECT kernel_blob, kernel_hash, uncompressed_size FROM kern_db WHERE (kernel_name = 'Conv_Winograd_Fury_v2_4_1_fp16_fp16acc_f2x3_c32_stride1.s.o') AND (kernel_args = '-Wa,-defsym,ROCM_METADATA_VERSION=5 -mcumode -mwavefrontsize64 -mcpu=gfx1100');
MIOpen(HIP): Info2 [Measure] Db::FindRecord time: 0.935983 ms
MIOpen(HIP): Info2 [LoadBinary] Successfully loaded binary for: "Conv_Winograd_Fury_v2_4_1_fp16_fp16acc_f2x3_c32_stride1.s.o"; args: -Wa,-defsym,ROCM_METADATA_VERSION=5 -mcumode -mwavefrontsize64 -mcpu=gfx1100
MIOpen(HIP): Info2 [PrepareInvoker] Preparing kernel: naive_conv_ab_nonpacked_fwd_nchw_half_double_half
MIOpen(HIP): Info2 [run] kernel_name = naive_conv_ab_nonpacked_fwd_nchw_half_double_half, global_work_dim = { 1048576, 1, 1 }, local_work_dim = { 256, 1, 1 }
MIOpen(HIP): Info2 [run] kernel_name = naive_conv_ab_nonpacked_fwd_nchw_half_double_half, global_work_dim = { 1048576, 1, 1 }, local_work_dim = { 256, 1, 1 }
MIOpen(HIP): Info2 [run] kernel_name = naive_conv_ab_nonpacked_fwd_nchw_half_double_half, global_work_dim = { 1048576, 1, 1 }, local_work_dim = { 256, 1, 1 }
MIOpen(HIP): Info2 [run] kernel_name = naive_conv_ab_nonpacked_fwd_nchw_half_double_half, global_work_dim = { 1048576, 1, 1 }, local_work_dim = { 256, 1, 1 }
MIOpen(HIP): Info2 [run] kernel_name = naive_conv_ab_nonpacked_fwd_nchw_half_double_half, global_work_dim = { 1048576, 1, 1 }, local_work_dim = { 256, 1, 1 }
MIOpen(HIP): Info2 [run] kernel_name = naive_conv_ab_nonpacked_fwd_nchw_half_double_half, global_work_dim = { 1048576, 1, 1 }, local_work_dim = { 256, 1, 1 }
MIOpen(HIP): Info2 [run] kernel_name = naive_conv_ab_nonpacked_fwd_nchw_half_double_half, global_work_dim = { 1048576, 1, 1 }, local_work_dim = { 256, 1, 1 }
MIOpen(HIP): Info2 [run] kernel_name = naive_conv_ab_nonpacked_fwd_nchw_half_double_half, global_work_dim = { 1048576, 1, 1 }, local_work_dim = { 256, 1, 1 }
MIOpen(HIP): Info [EvaluateInvokers] ConvDirectNaiveConvFwd: naive_conv_ab_nonpacked_fwd_nchw_half_double_half: 519.497 < 3.40282e+38
MIOpen(HIP): Info2 [Register] Invoker registered for algorithm 128x128x128x3x3x64x128x128x64xNCHWxFP16x1x1x1x1x1x1x1xFxDefault and solver ConvDirectNaiveConvFwd
MIOpen(HIP): Info2 [SetAsFound1_0] Solver ConvDirectNaiveConvFwd registered as find 1.0 best for miopenConvolutionFwdAlgoDirect in 128x128x128x3x3x64x128x128x64xNCHWxFP16x1x1x1x1x1x1x1xFxDefault
MIOpen(HIP): Info [EvaluateInvokers] Selected: ConvDirectNaiveConvFwd: naive_conv_ab_nonpacked_fwd_nchw_half_double_half: 519.497, workspace_sz = 0
MIOpen(HIP): auto miopen::solver::conv::GemmFwdRest::GetSolution(const ExecutionContext &, const ProblemDescription &)::(anonymous class)::operator()(const std::vector<Kernel> &)::(anonymous class)::operator()(const Handle &, const AnyInvokeParams &) const{
MIOpen(HIP): 	name + ", non 1x1" = convolution, non 1x1
MIOpen(HIP): }
MIOpen(HIP): Info2 [GetKernels] 0 kernels for key: miopenIm2d2Col "c128i128_128w3_3p1_1s1_1d1_1t0"
MIOpen(HIP): Info2 [AddKernel] Key: miopenIm2d2Col "c128i128_128w3_3p1_1s1_1d1_1t0 -DLOCAL_MEM_SIZE=340 -DSTRIDE_GT_1=0 -DNUM_IM_BLKS_EQ_1=0 -DUSE_IM_OFF_GUARD=1"
MIOpen(HIP): Info2 [SQLiteBase] Initializing system database file ""
MIOpen(HIP): Info [KernDb] database not present
MIOpen(HIP): Info2 [SQLiteBase] Initializing user database file "/home/wiffzack/.cache/miopen/3.5.1.dabb6df2b9/gfx1100_48.ukdb"
MIOpen(HIP): Info2 [KernDb] Database created successfully
MIOpen(HIP): Info2 [LoadBinary] Loading binary for: "MIOpenIm2d2Col.cpp.o"; args:  -DLOCAL_MEM_SIZE=340 -DSTRIDE_GT_1=0 -DNUM_IM_BLKS_EQ_1=0 -DUSE_IM_OFF_GUARD=1 -DMIOPEN_USE_FP16=1 -DMIOPEN_USE_FP16x4=0 -DMIOPEN_USE_FP16x8=0 -DMIOPEN_USE_FP32=0 -DMIOPEN_USE_INT8=0 -DMIOPEN_USE_BFP16=0 -DMIOPEN_USE_INT32=0 -DMIOPEN_USE_RNE_BFLOAT16=1 -DMIOPEN_FP8_IEEE_EXPONENT_BIAS=0 -DMIOPEN_FP8_CLIPPING=1 -mcpu=gfx1100
MIOpen(HIP): Info2 [Prepare] SELECT kernel_blob, kernel_hash, uncompressed_size FROM kern_db WHERE (kernel_name = 'MIOpenIm2d2Col.cpp.o') AND (kernel_args = ' -DLOCAL_MEM_SIZE=340 -DSTRIDE_GT_1=0 -DNUM_IM_BLKS_EQ_1=0 -DUSE_IM_OFF_GUARD=1 -DMIOPEN_USE_FP16=1 -DMIOPEN_USE_FP16x4=0 -DMIOPEN_USE_FP16x8=0 -DMIOPEN_USE_FP32=0 -DMIOPEN_USE_INT8=0 -DMIOPEN_USE_BFP16=0 -DMIOPEN_USE_INT32=0 -DMIOPEN_USE_RNE_BFLOAT16=1 -DMIOPEN_FP8_IEEE_EXPONENT_BIAS=0 -DMIOPEN_FP8_CLIPPING=1 -mcpu=gfx1100');
MIOpen(HIP): Info2 [Measure] Db::FindRecord time: 0.279868 ms
MIOpen(HIP): Info2 [LoadBinary] Successfully loaded binary for: "MIOpenIm2d2Col.cpp.o"; args:  -DLOCAL_MEM_SIZE=340 -DSTRIDE_GT_1=0 -DNUM_IM_BLKS_EQ_1=0 -DUSE_IM_OFF_GUARD=1 -DMIOPEN_USE_FP16=1 -DMIOPEN_USE_FP16x4=0 -DMIOPEN_USE_FP16x8=0 -DMIOPEN_USE_FP32=0 -DMIOPEN_USE_INT8=0 -DMIOPEN_USE_BFP16=0 -DMIOPEN_USE_INT32=0 -DMIOPEN_USE_RNE_BFLOAT16=1 -DMIOPEN_FP8_IEEE_EXPONENT_BIAS=0 -DMIOPEN_FP8_CLIPPING=1 -mcpu=gfx1100
MIOpen(HIP): Info2 [run] kernel_name = Im2d2Col_v2, global_work_dim = { 2097152, 1, 1 }, local_work_dim = { 256, 1, 1 }
MIOpen(HIP): Info2 [CallGemm] gemm_desc: {isColMajor 0, transA 0, transB 0, m 64, n 16384, k 1152, lda 1152, ldb 16384, ldc 16384, batch_count 1, strideA 0, strideB 0, strideC 0, alpha 1, beta 0, dataType half, a_cast_type half, b_cast_type half} 
MIOpen(HIP): Info2 [CallGemm] rocBLAS
MIOpen(HIP): Info2 [GetKernels] 0 kernels for key: miopenIm2d2Col "c128i128_128w3_3p1_1s1_1d1_1t0"
MIOpen(HIP): Info2 [AddKernel] Key: miopenIm2d2Col "c128i128_128w3_3p1_1s1_1d1_1t0 -DLOCAL_MEM_SIZE=340 -DSTRIDE_GT_1=0 -DNUM_IM_BLKS_EQ_1=0 -DUSE_IM_OFF_GUARD=1"
MIOpen(HIP): Info2 [run] kernel_name = Im2d2Col_v2, global_work_dim = { 2097152, 1, 1 }, local_work_dim = { 256, 1, 1 }
MIOpen(HIP): Info2 [CallGemm] gemm_desc: {isColMajor 0, transA 0, transB 0, m 64, n 16384, k 1152, lda 1152, ldb 16384, ldc 16384, batch_count 1, strideA 0, strideB 0, strideC 0, alpha 1, beta 0, dataType half, a_cast_type half, b_cast_type half} 
MIOpen(HIP): Info2 [CallGemm] rocBLAS
MIOpen(HIP): Info2 [GetKernels] 0 kernels for key: miopenIm2d2Col "c128i128_128w3_3p1_1s1_1d1_1t0"
MIOpen(HIP): Info2 [AddKernel] Key: miopenIm2d2Col "c128i128_128w3_3p1_1s1_1d1_1t0 -DLOCAL_MEM_SIZE=340 -DSTRIDE_GT_1=0 -DNUM_IM_BLKS_EQ_1=0 -DUSE_IM_OFF_GUARD=1"
MIOpen(HIP): Info2 [run] kernel_name = Im2d2Col_v2, global_work_dim = { 2097152, 1, 1 }, local_work_dim = { 256, 1, 1 }
MIOpen(HIP): Info2 [CallGemm] gemm_desc: {isColMajor 0, transA 0, transB 0, m 64, n 16384, k 1152, lda 1152, ldb 16384, ldc 16384, batch_count 1, strideA 0, strideB 0, strideC 0, alpha 1, beta 0, dataType half, a_cast_type half, b_cast_type half} 
MIOpen(HIP): Info2 [CallGemm] rocBLAS
MIOpen(HIP): Info2 [GetKernels] 0 kernels for key: miopenIm2d2Col "c128i128_128w3_3p1_1s1_1d1_1t0"
MIOpen(HIP): Info2 [AddKernel] Key: miopenIm2d2Col "c128i128_128w3_3p1_1s1_1d1_1t0 -DLOCAL_MEM_SIZE=340 -DSTRIDE_GT_1=0 -DNUM_IM_BLKS_EQ_1=0 -DUSE_IM_OFF_GUARD=1"
MIOpen(HIP): Info2 [run] kernel_name = Im2d2Col_v2, global_work_dim = { 2097152, 1, 1 }, local_work_dim = { 256, 1, 1 }
MIOpen(HIP): Info2 [CallGemm] gemm_desc: {isColMajor 0, transA 0, transB 0, m 64, n 16384, k 1152, lda 1152, ldb 16384, ldc 16384, batch_count 1, strideA 0, strideB 0, strideC 0, alpha 1, beta 0, dataType half, a_cast_type half, b_cast_type half} 
MIOpen(HIP): Info2 [CallGemm] rocBLAS
MIOpen(HIP): Info2 [GetKernels] 0 kernels for key: miopenIm2d2Col "c128i128_128w3_3p1_1s1_1d1_1t0"
MIOpen(HIP): Info2 [AddKernel] Key: miopenIm2d2Col "c128i128_128w3_3p1_1s1_1d1_1t0 -DLOCAL_MEM_SIZE=340 -DSTRIDE_GT_1=0 -DNUM_IM_BLKS_EQ_1=0 -DUSE_IM_OFF_GUARD=1"
MIOpen(HIP): Info2 [run] kernel_name = Im2d2Col_v2, global_work_dim = { 2097152, 1, 1 }, local_work_dim = { 256, 1, 1 }
MIOpen(HIP): Info2 [CallGemm] gemm_desc: {isColMajor 0, transA 0, transB 0, m 64, n 16384, k 1152, lda 1152, ldb 16384, ldc 16384, batch_count 1, strideA 0, strideB 0, strideC 0, alpha 1, beta 0, dataType half, a_cast_type half, b_cast_type half} 
MIOpen(HIP): Info2 [CallGemm] rocBLAS
MIOpen(HIP): Info2 [GetKernels] 0 kernels for key: miopenIm2d2Col "c128i128_128w3_3p1_1s1_1d1_1t0"
MIOpen(HIP): Info2 [AddKernel] Key: miopenIm2d2Col "c128i128_128w3_3p1_1s1_1d1_1t0 -DLOCAL_MEM_SIZE=340 -DSTRIDE_GT_1=0 -DNUM_IM_BLKS_EQ_1=0 -DUSE_IM_OFF_GUARD=1"
MIOpen(HIP): Info2 [run] kernel_name = Im2d2Col_v2, global_work_dim = { 2097152, 1, 1 }, local_work_dim = { 256, 1, 1 }
MIOpen(HIP): Info2 [CallGemm] gemm_desc: {isColMajor 0, transA 0, transB 0, m 64, n 16384, k 1152, lda 1152, ldb 16384, ldc 16384, batch_count 1, strideA 0, strideB 0, strideC 0, alpha 1, beta 0, dataType half, a_cast_type half, b_cast_type half} 
MIOpen(HIP): Info2 [CallGemm] rocBLAS
MIOpen(HIP): Info2 [GetKernels] 0 kernels for key: miopenIm2d2Col "c128i128_128w3_3p1_1s1_1d1_1t0"
MIOpen(HIP): Info2 [AddKernel] Key: miopenIm2d2Col "c128i128_128w3_3p1_1s1_1d1_1t0 -DLOCAL_MEM_SIZE=340 -DSTRIDE_GT_1=0 -DNUM_IM_BLKS_EQ_1=0 -DUSE_IM_OFF_GUARD=1"
MIOpen(HIP): Info2 [run] kernel_name = Im2d2Col_v2, global_work_dim = { 2097152, 1, 1 }, local_work_dim = { 256, 1, 1 }
MIOpen(HIP): Info2 [CallGemm] gemm_desc: {isColMajor 0, transA 0, transB 0, m 64, n 16384, k 1152, lda 1152, ldb 16384, ldc 16384, batch_count 1, strideA 0, strideB 0, strideC 0, alpha 1, beta 0, dataType half, a_cast_type half, b_cast_type half} 
MIOpen(HIP): Info2 [CallGemm] rocBLAS
MIOpen(HIP): Info2 [GetKernels] 0 kernels for key: miopenIm2d2Col "c128i128_128w3_3p1_1s1_1d1_1t0"
MIOpen(HIP): Info2 [AddKernel] Key: miopenIm2d2Col "c128i128_128w3_3p1_1s1_1d1_1t0 -DLOCAL_MEM_SIZE=340 -DSTRIDE_GT_1=0 -DNUM_IM_BLKS_EQ_1=0 -DUSE_IM_OFF_GUARD=1"
MIOpen(HIP): Info2 [run] kernel_name = Im2d2Col_v2, global_work_dim = { 2097152, 1, 1 }, local_work_dim = { 256, 1, 1 }
MIOpen(HIP): Info2 [CallGemm] gemm_desc: {isColMajor 0, transA 0, transB 0, m 64, n 16384, k 1152, lda 1152, ldb 16384, ldc 16384, batch_count 1, strideA 0, strideB 0, strideC 0, alpha 1, beta 0, dataType half, a_cast_type half, b_cast_type half} 
MIOpen(HIP): Info2 [CallGemm] rocBLAS
MIOpen(HIP): Info2 [GetKernels] 0 kernels for key: miopenIm2d2Col "c128i128_128w3_3p1_1s1_1d1_1t0"
MIOpen(HIP): Info2 [AddKernel] Key: miopenIm2d2Col "c128i128_128w3_3p1_1s1_1d1_1t0 -DLOCAL_MEM_SIZE=340 -DSTRIDE_GT_1=0 -DNUM_IM_BLKS_EQ_1=0 -DUSE_IM_OFF_GUARD=1"
MIOpen(HIP): Info2 [run] kernel_name = Im2d2Col_v2, global_work_dim = { 2097152, 1, 1 }, local_work_dim = { 256, 1, 1 }
MIOpen(HIP): Info2 [CallGemm] gemm_desc: {isColMajor 0, transA 0, transB 0, m 64, n 16384, k 1152, lda 1152, ldb 16384, ldc 16384, batch_count 1, strideA 0, strideB 0, strideC 0, alpha 1, beta 0, dataType half, a_cast_type half, b_cast_type half} 
MIOpen(HIP): Info2 [CallGemm] rocBLAS
MIOpen(HIP): Info2 [GetKernels] 0 kernels for key: miopenIm2d2Col "c128i128_128w3_3p1_1s1_1d1_1t0"
MIOpen(HIP): Info2 [AddKernel] Key: miopenIm2d2Col "c128i128_128w3_3p1_1s1_1d1_1t0 -DLOCAL_MEM_SIZE=340 -DSTRIDE_GT_1=0 -DNUM_IM_BLKS_EQ_1=0 -DUSE_IM_OFF_GUARD=1"
MIOpen(HIP): Info2 [run] kernel_name = Im2d2Col_v2, global_work_dim = { 2097152, 1, 1 }, local_work_dim = { 256, 1, 1 }
MIOpen(HIP): Info2 [CallGemm] gemm_desc: {isColMajor 0, transA 0, transB 0, m 64, n 16384, k 1152, lda 1152, ldb 16384, ldc 16384, batch_count 1, strideA 0, strideB 0, strideC 0, alpha 1, beta 0, dataType half, a_cast_type half, b_cast_type half} 
MIOpen(HIP): Info2 [CallGemm] rocBLAS
MIOpen(HIP): Info2 [GetKernels] 0 kernels for key: miopenIm2d2Col "c128i128_128w3_3p1_1s1_1d1_1t0"
MIOpen(HIP): Info2 [AddKernel] Key: miopenIm2d2Col "c128i128_128w3_3p1_1s1_1d1_1t0 -DLOCAL_MEM_SIZE=340 -DSTRIDE_GT_1=0 -DNUM_IM_BLKS_EQ_1=0 -DUSE_IM_OFF_GUARD=1"
MIOpen(HIP): Info2 [run] kernel_name = Im2d2Col_v2, global_work_dim = { 2097152, 1, 1 }, local_work_dim = { 256, 1, 1 }
MIOpen(HIP): Info2 [CallGemm] gemm_desc: {isColMajor 0, transA 0, transB 0, m 64, n 16384, k 1152, lda 1152, ldb 16384, ldc 16384, batch_count 1, strideA 0, strideB 0, strideC 0, alpha 1, beta 0, dataType half, a_cast_type half, b_cast_type half} 
MIOpen(HIP): Info2 [CallGemm] rocBLAS
MIOpen(HIP): Info2 [GetKernels] 0 kernels for key: miopenIm2d2Col "c128i128_128w3_3p1_1s1_1d1_1t0"
MIOpen(HIP): Info2 [AddKernel] Key: miopenIm2d2Col "c128i128_128w3_3p1_1s1_1d1_1t0 -DLOCAL_MEM_SIZE=340 -DSTRIDE_GT_1=0 -DNUM_IM_BLKS_EQ_1=0 -DUSE_IM_OFF_GUARD=1"
MIOpen(HIP): Info2 [run] kernel_name = Im2d2Col_v2, global_work_dim = { 2097152, 1, 1 }, local_work_dim = { 256, 1, 1 }
MIOpen(HIP): Info2 [CallGemm] gemm_desc: {isColMajor 0, transA 0, transB 0, m 64, n 16384, k 1152, lda 1152, ldb 16384, ldc 16384, batch_count 1, strideA 0, strideB 0, strideC 0, alpha 1, beta 0, dataType half, a_cast_type half, b_cast_type half} 
MIOpen(HIP): Info2 [CallGemm] rocBLAS
MIOpen(HIP): Info2 [GetKernels] 0 kernels for key: miopenIm2d2Col "c128i128_128w3_3p1_1s1_1d1_1t0"
MIOpen(HIP): Info2 [AddKernel] Key: miopenIm2d2Col "c128i128_128w3_3p1_1s1_1d1_1t0 -DLOCAL_MEM_SIZE=340 -DSTRIDE_GT_1=0 -DNUM_IM_BLKS_EQ_1=0 -DUSE_IM_OFF_GUARD=1"
MIOpen(HIP): Info2 [run] kernel_name = Im2d2Col_v2, global_work_dim = { 2097152, 1, 1 }, local_work_dim = { 256, 1, 1 }
MIOpen(HIP): Info2 [CallGemm] gemm_desc: {isColMajor 0, transA 0, transB 0, m 64, n 16384, k 1152, lda 1152, ldb 16384, ldc 16384, batch_count 1, strideA 0, strideB 0, strideC 0, alpha 1, beta 0, dataType half, a_cast_type half, b_cast_type half} 
MIOpen(HIP): Info2 [CallGemm] rocBLAS
MIOpen(HIP): Info2 [GetKernels] 0 kernels for key: miopenIm2d2Col "c128i128_128w3_3p1_1s1_1d1_1t0"
MIOpen(HIP): Info2 [AddKernel] Key: miopenIm2d2Col "c128i128_128w3_3p1_1s1_1d1_1t0 -DLOCAL_MEM_SIZE=340 -DSTRIDE_GT_1=0 -DNUM_IM_BLKS_EQ_1=0 -DUSE_IM_OFF_GUARD=1"
MIOpen(HIP): Info2 [run] kernel_name = Im2d2Col_v2, global_work_dim = { 2097152, 1, 1 }, local_work_dim = { 256, 1, 1 }
MIOpen(HIP): Info2 [CallGemm] gemm_desc: {isColMajor 0, transA 0, transB 0, m 64, n 16384, k 1152, lda 1152, ldb 16384, ldc 16384, batch_count 1, strideA 0, strideB 0, strideC 0, alpha 1, beta 0, dataType half, a_cast_type half, b_cast_type half} 
MIOpen(HIP): Info2 [CallGemm] rocBLAS
MIOpen(HIP): Info2 [GetKernels] 0 kernels for key: miopenIm2d2Col "c128i128_128w3_3p1_1s1_1d1_1t0"
MIOpen(HIP): Info2 [AddKernel] Key: miopenIm2d2Col "c128i128_128w3_3p1_1s1_1d1_1t0 -DLOCAL_MEM_SIZE=340 -DSTRIDE_GT_1=0 -DNUM_IM_BLKS_EQ_1=0 -DUSE_IM_OFF_GUARD=1"
MIOpen(HIP): Info2 [run] kernel_name = Im2d2Col_v2, global_work_dim = { 2097152, 1, 1 }, local_work_dim = { 256, 1, 1 }
MIOpen(HIP): Info2 [CallGemm] gemm_desc: {isColMajor 0, transA 0, transB 0, m 64, n 16384, k 1152, lda 1152, ldb 16384, ldc 16384, batch_count 1, strideA 0, strideB 0, strideC 0, alpha 1, beta 0, dataType half, a_cast_type half, b_cast_type half} 
MIOpen(HIP): Info2 [CallGemm] rocBLAS
MIOpen(HIP): Info2 [GetKernels] 0 kernels for key: miopenIm2d2Col "c128i128_128w3_3p1_1s1_1d1_1t0"
MIOpen(HIP): Info2 [AddKernel] Key: miopenIm2d2Col "c128i128_128w3_3p1_1s1_1d1_1t0 -DLOCAL_MEM_SIZE=340 -DSTRIDE_GT_1=0 -DNUM_IM_BLKS_EQ_1=0 -DUSE_IM_OFF_GUARD=1"
MIOpen(HIP): Info2 [run] kernel_name = Im2d2Col_v2, global_work_dim = { 2097152, 1, 1 }, local_work_dim = { 256, 1, 1 }
MIOpen(HIP): Info2 [CallGemm] gemm_desc: {isColMajor 0, transA 0, transB 0, m 64, n 16384, k 1152, lda 1152, ldb 16384, ldc 16384, batch_count 1, strideA 0, strideB 0, strideC 0, alpha 1, beta 0, dataType half, a_cast_type half, b_cast_type half} 
MIOpen(HIP): Info2 [CallGemm] rocBLAS
MIOpen(HIP): Info2 [GetKernels] 0 kernels for key: miopenIm2d2Col "c128i128_128w3_3p1_1s1_1d1_1t0"
MIOpen(HIP): Info2 [AddKernel] Key: miopenIm2d2Col "c128i128_128w3_3p1_1s1_1d1_1t0 -DLOCAL_MEM_SIZE=340 -DSTRIDE_GT_1=0 -DNUM_IM_BLKS_EQ_1=0 -DUSE_IM_OFF_GUARD=1"
MIOpen(HIP): Info2 [run] kernel_name = Im2d2Col_v2, global_work_dim = { 2097152, 1, 1 }, local_work_dim = { 256, 1, 1 }
MIOpen(HIP): Info2 [CallGemm] gemm_desc: {isColMajor 0, transA 0, transB 0, m 64, n 16384, k 1152, lda 1152, ldb 16384, ldc 16384, batch_count 1, strideA 0, strideB 0, strideC 0, alpha 1, beta 0, dataType half, a_cast_type half, b_cast_type half} 
MIOpen(HIP): Info2 [CallGemm] rocBLAS
MIOpen(HIP): Info2 [GetKernels] 0 kernels for key: miopenIm2d2Col "c128i128_128w3_3p1_1s1_1d1_1t0"
MIOpen(HIP): Info2 [AddKernel] Key: miopenIm2d2Col "c128i128_128w3_3p1_1s1_1d1_1t0 -DLOCAL_MEM_SIZE=340 -DSTRIDE_GT_1=0 -DNUM_IM_BLKS_EQ_1=0 -DUSE_IM_OFF_GUARD=1"
MIOpen(HIP): Info2 [run] kernel_name = Im2d2Col_v2, global_work_dim = { 2097152, 1, 1 }, local_work_dim = { 256, 1, 1 }
MIOpen(HIP): Info2 [CallGemm] gemm_desc: {isColMajor 0, transA 0, transB 0, m 64, n 16384, k 1152, lda 1152, ldb 16384, ldc 16384, batch_count 1, strideA 0, strideB 0, strideC 0, alpha 1, beta 0, dataType half, a_cast_type half, b_cast_type half} 
MIOpen(HIP): Info2 [CallGemm] rocBLAS
MIOpen(HIP): Info2 [GetKernels] 0 kernels for key: miopenIm2d2Col "c128i128_128w3_3p1_1s1_1d1_1t0"
MIOpen(HIP): Info2 [AddKernel] Key: miopenIm2d2Col "c128i128_128w3_3p1_1s1_1d1_1t0 -DLOCAL_MEM_SIZE=340 -DSTRIDE_GT_1=0 -DNUM_IM_BLKS_EQ_1=0 -DUSE_IM_OFF_GUARD=1"
MIOpen(HIP): Info2 [run] kernel_name = Im2d2Col_v2, global_work_dim = { 2097152, 1, 1 }, local_work_dim = { 256, 1, 1 }
MIOpen(HIP): Info2 [CallGemm] gemm_desc: {isColMajor 0, transA 0, transB 0, m 64, n 16384, k 1152, lda 1152, ldb 16384, ldc 16384, batch_count 1, strideA 0, strideB 0, strideC 0, alpha 1, beta 0, dataType half, a_cast_type half, b_cast_type half} 
MIOpen(HIP): Info2 [CallGemm] rocBLAS
MIOpen(HIP): Info2 [GetKernels] 0 kernels for key: miopenIm2d2Col "c128i128_128w3_3p1_1s1_1d1_1t0"
MIOpen(HIP): Info2 [AddKernel] Key: miopenIm2d2Col "c128i128_128w3_3p1_1s1_1d1_1t0 -DLOCAL_MEM_SIZE=340 -DSTRIDE_GT_1=0 -DNUM_IM_BLKS_EQ_1=0 -DUSE_IM_OFF_GUARD=1"
MIOpen(HIP): Info2 [run] kernel_name = Im2d2Col_v2, global_work_dim = { 2097152, 1, 1 }, local_work_dim = { 256, 1, 1 }
MIOpen(HIP): Info2 [CallGemm] gemm_desc: {isColMajor 0, transA 0, transB 0, m 64, n 16384, k 1152, lda 1152, ldb 16384, ldc 16384, batch_count 1, strideA 0, strideB 0, strideC 0, alpha 1, beta 0, dataType half, a_cast_type half, b_cast_type half} 
MIOpen(HIP): Info2 [CallGemm] rocBLAS
MIOpen(HIP): Info2 [GetKernels] 0 kernels for key: miopenIm2d2Col "c128i128_128w3_3p1_1s1_1d1_1t0"
MIOpen(HIP): Info2 [AddKernel] Key: miopenIm2d2Col "c128i128_128w3_3p1_1s1_1d1_1t0 -DLOCAL_MEM_SIZE=340 -DSTRIDE_GT_1=0 -DNUM_IM_BLKS_EQ_1=0 -DUSE_IM_OFF_GUARD=1"
MIOpen(HIP): Info2 [run] kernel_name = Im2d2Col_v2, global_work_dim = { 2097152, 1, 1 }, local_work_dim = { 256, 1, 1 }
MIOpen(HIP): Info2 [CallGemm] gemm_desc: {isColMajor 0, transA 0, transB 0, m 64, n 16384, k 1152, lda 1152, ldb 16384, ldc 16384, batch_count 1, strideA 0, strideB 0, strideC 0, alpha 1, beta 0, dataType half, a_cast_type half, b_cast_type half} 
MIOpen(HIP): Info2 [CallGemm] rocBLAS
MIOpen(HIP): Info2 [GetKernels] 0 kernels for key: miopenIm2d2Col "c128i128_128w3_3p1_1s1_1d1_1t0"
MIOpen(HIP): Info2 [AddKernel] Key: miopenIm2d2Col "c128i128_128w3_3p1_1s1_1d1_1t0 -DLOCAL_MEM_SIZE=340 -DSTRIDE_GT_1=0 -DNUM_IM_BLKS_EQ_1=0 -DUSE_IM_OFF_GUARD=1"
MIOpen(HIP): Info2 [run] kernel_name = Im2d2Col_v2, global_work_dim = { 2097152, 1, 1 }, local_work_dim = { 256, 1, 1 }
MIOpen(HIP): Info2 [CallGemm] gemm_desc: {isColMajor 0, transA 0, transB 0, m 64, n 16384, k 1152, lda 1152, ldb 16384, ldc 16384, batch_count 1, strideA 0, strideB 0, strideC 0, alpha 1, beta 0, dataType half, a_cast_type half, b_cast_type half} 
MIOpen(HIP): Info2 [CallGemm] rocBLAS
MIOpen(HIP): Info2 [GetKernels] 0 kernels for key: miopenIm2d2Col "c128i128_128w3_3p1_1s1_1d1_1t0"
MIOpen(HIP): Info2 [AddKernel] Key: miopenIm2d2Col "c128i128_128w3_3p1_1s1_1d1_1t0 -DLOCAL_MEM_SIZE=340 -DSTRIDE_GT_1=0 -DNUM_IM_BLKS_EQ_1=0 -DUSE_IM_OFF_GUARD=1"
MIOpen(HIP): Info2 [run] kernel_name = Im2d2Col_v2, global_work_dim = { 2097152, 1, 1 }, local_work_dim = { 256, 1, 1 }
MIOpen(HIP): Info2 [CallGemm] gemm_desc: {isColMajor 0, transA 0, transB 0, m 64, n 16384, k 1152, lda 1152, ldb 16384, ldc 16384, batch_count 1, strideA 0, strideB 0, strideC 0, alpha 1, beta 0, dataType half, a_cast_type half, b_cast_type half} 
MIOpen(HIP): Info2 [CallGemm] rocBLAS
MIOpen(HIP): Info2 [GetKernels] 0 kernels for key: miopenIm2d2Col "c128i128_128w3_3p1_1s1_1d1_1t0"
MIOpen(HIP): Info2 [AddKernel] Key: miopenIm2d2Col "c128i128_128w3_3p1_1s1_1d1_1t0 -DLOCAL_MEM_SIZE=340 -DSTRIDE_GT_1=0 -DNUM_IM_BLKS_EQ_1=0 -DUSE_IM_OFF_GUARD=1"
MIOpen(HIP): Info2 [run] kernel_name = Im2d2Col_v2, global_work_dim = { 2097152, 1, 1 }, local_work_dim = { 256, 1, 1 }
MIOpen(HIP): Info2 [CallGemm] gemm_desc: {isColMajor 0, transA 0, transB 0, m 64, n 16384, k 1152, lda 1152, ldb 16384, ldc 16384, batch_count 1, strideA 0, strideB 0, strideC 0, alpha 1, beta 0, dataType half, a_cast_type half, b_cast_type half} 
MIOpen(HIP): Info2 [CallGemm] rocBLAS
MIOpen(HIP): Info2 [GetKernels] 0 kernels for key: miopenIm2d2Col "c128i128_128w3_3p1_1s1_1d1_1t0"
MIOpen(HIP): Info2 [AddKernel] Key: miopenIm2d2Col "c128i128_128w3_3p1_1s1_1d1_1t0 -DLOCAL_MEM_SIZE=340 -DSTRIDE_GT_1=0 -DNUM_IM_BLKS_EQ_1=0 -DUSE_IM_OFF_GUARD=1"
MIOpen(HIP): Info2 [run] kernel_name = Im2d2Col_v2, global_work_dim = { 2097152, 1, 1 }, local_work_dim = { 256, 1, 1 }
MIOpen(HIP): Info2 [CallGemm] gemm_desc: {isColMajor 0, transA 0, transB 0, m 64, n 16384, k 1152, lda 1152, ldb 16384, ldc 16384, batch_count 1, strideA 0, strideB 0, strideC 0, alpha 1, beta 0, dataType half, a_cast_type half, b_cast_type half} 
MIOpen(HIP): Info2 [CallGemm] rocBLAS
MIOpen(HIP): Info2 [GetKernels] 0 kernels for key: miopenIm2d2Col "c128i128_128w3_3p1_1s1_1d1_1t0"
MIOpen(HIP): Info2 [AddKernel] Key: miopenIm2d2Col "c128i128_128w3_3p1_1s1_1d1_1t0 -DLOCAL_MEM_SIZE=340 -DSTRIDE_GT_1=0 -DNUM_IM_BLKS_EQ_1=0 -DUSE_IM_OFF_GUARD=1"
MIOpen(HIP): Info2 [run] kernel_name = Im2d2Col_v2, global_work_dim = { 2097152, 1, 1 }, local_work_dim = { 256, 1, 1 }
MIOpen(HIP): Info2 [CallGemm] gemm_desc: {isColMajor 0, transA 0, transB 0, m 64, n 16384, k 1152, lda 1152, ldb 16384, ldc 16384, batch_count 1, strideA 0, strideB 0, strideC 0, alpha 1, beta 0, dataType half, a_cast_type half, b_cast_type half} 
MIOpen(HIP): Info2 [CallGemm] rocBLAS
MIOpen(HIP): Info2 [GetKernels] 0 kernels for key: miopenIm2d2Col "c128i128_128w3_3p1_1s1_1d1_1t0"
MIOpen(HIP): Info2 [AddKernel] Key: miopenIm2d2Col "c128i128_128w3_3p1_1s1_1d1_1t0 -DLOCAL_MEM_SIZE=340 -DSTRIDE_GT_1=0 -DNUM_IM_BLKS_EQ_1=0 -DUSE_IM_OFF_GUARD=1"
MIOpen(HIP): Info2 [run] kernel_name = Im2d2Col_v2, global_work_dim = { 2097152, 1, 1 }, local_work_dim = { 256, 1, 1 }
MIOpen(HIP): Info2 [CallGemm] gemm_desc: {isColMajor 0, transA 0, transB 0, m 64, n 16384, k 1152, lda 1152, ldb 16384, ldc 16384, batch_count 1, strideA 0, strideB 0, strideC 0, alpha 1, beta 0, dataType half, a_cast_type half, b_cast_type half} 
MIOpen(HIP): Info2 [CallGemm] rocBLAS
MIOpen(HIP): Info2 [GetKernels] 0 kernels for key: miopenIm2d2Col "c128i128_128w3_3p1_1s1_1d1_1t0"
MIOpen(HIP): Info2 [AddKernel] Key: miopenIm2d2Col "c128i128_128w3_3p1_1s1_1d1_1t0 -DLOCAL_MEM_SIZE=340 -DSTRIDE_GT_1=0 -DNUM_IM_BLKS_EQ_1=0 -DUSE_IM_OFF_GUARD=1"
MIOpen(HIP): Info2 [run] kernel_name = Im2d2Col_v2, global_work_dim = { 2097152, 1, 1 }, local_work_dim = { 256, 1, 1 }
MIOpen(HIP): Info2 [CallGemm] gemm_desc: {isColMajor 0, transA 0, transB 0, m 64, n 16384, k 1152, lda 1152, ldb 16384, ldc 16384, batch_count 1, strideA 0, strideB 0, strideC 0, alpha 1, beta 0, dataType half, a_cast_type half, b_cast_type half} 
MIOpen(HIP): Info2 [CallGemm] rocBLAS
MIOpen(HIP): Info2 [GetKernels] 0 kernels for key: miopenIm2d2Col "c128i128_128w3_3p1_1s1_1d1_1t0"
MIOpen(HIP): Info2 [AddKernel] Key: miopenIm2d2Col "c128i128_128w3_3p1_1s1_1d1_1t0 -DLOCAL_MEM_SIZE=340 -DSTRIDE_GT_1=0 -DNUM_IM_BLKS_EQ_1=0 -DUSE_IM_OFF_GUARD=1"
MIOpen(HIP): Info2 [run] kernel_name = Im2d2Col_v2, global_work_dim = { 2097152, 1, 1 }, local_work_dim = { 256, 1, 1 }
MIOpen(HIP): Info2 [CallGemm] gemm_desc: {isColMajor 0, transA 0, transB 0, m 64, n 16384, k 1152, lda 1152, ldb 16384, ldc 16384, batch_count 1, strideA 0, strideB 0, strideC 0, alpha 1, beta 0, dataType half, a_cast_type half, b_cast_type half} 
MIOpen(HIP): Info2 [CallGemm] rocBLAS
MIOpen(HIP): Info2 [GetKernels] 0 kernels for key: miopenIm2d2Col "c128i128_128w3_3p1_1s1_1d1_1t0"
MIOpen(HIP): Info2 [AddKernel] Key: miopenIm2d2Col "c128i128_128w3_3p1_1s1_1d1_1t0 -DLOCAL_MEM_SIZE=340 -DSTRIDE_GT_1=0 -DNUM_IM_BLKS_EQ_1=0 -DUSE_IM_OFF_GUARD=1"
MIOpen(HIP): Info2 [run] kernel_name = Im2d2Col_v2, global_work_dim = { 2097152, 1, 1 }, local_work_dim = { 256, 1, 1 }
MIOpen(HIP): Info2 [CallGemm] gemm_desc: {isColMajor 0, transA 0, transB 0, m 64, n 16384, k 1152, lda 1152, ldb 16384, ldc 16384, batch_count 1, strideA 0, strideB 0, strideC 0, alpha 1, beta 0, dataType half, a_cast_type half, b_cast_type half} 
MIOpen(HIP): Info2 [CallGemm] rocBLAS
MIOpen(HIP): Info2 [GetKernels] 0 kernels for key: miopenIm2d2Col "c128i128_128w3_3p1_1s1_1d1_1t0"
MIOpen(HIP): Info2 [AddKernel] Key: miopenIm2d2Col "c128i128_128w3_3p1_1s1_1d1_1t0 -DLOCAL_MEM_SIZE=340 -DSTRIDE_GT_1=0 -DNUM_IM_BLKS_EQ_1=0 -DUSE_IM_OFF_GUARD=1"
MIOpen(HIP): Info2 [run] kernel_name = Im2d2Col_v2, global_work_dim = { 2097152, 1, 1 }, local_work_dim = { 256, 1, 1 }
MIOpen(HIP): Info2 [CallGemm] gemm_desc: {isColMajor 0, transA 0, transB 0, m 64, n 16384, k 1152, lda 1152, ldb 16384, ldc 16384, batch_count 1, strideA 0, strideB 0, strideC 0, alpha 1, beta 0, dataType half, a_cast_type half, b_cast_type half} 
MIOpen(HIP): Info2 [CallGemm] rocBLAS
MIOpen(HIP): Info2 [GetKernels] 0 kernels for key: miopenIm2d2Col "c128i128_128w3_3p1_1s1_1d1_1t0"
MIOpen(HIP): Info2 [AddKernel] Key: miopenIm2d2Col "c128i128_128w3_3p1_1s1_1d1_1t0 -DLOCAL_MEM_SIZE=340 -DSTRIDE_GT_1=0 -DNUM_IM_BLKS_EQ_1=0 -DUSE_IM_OFF_GUARD=1"
MIOpen(HIP): Info2 [run] kernel_name = Im2d2Col_v2, global_work_dim = { 2097152, 1, 1 }, local_work_dim = { 256, 1, 1 }
MIOpen(HIP): Info2 [CallGemm] gemm_desc: {isColMajor 0, transA 0, transB 0, m 64, n 16384, k 1152, lda 1152, ldb 16384, ldc 16384, batch_count 1, strideA 0, strideB 0, strideC 0, alpha 1, beta 0, dataType half, a_cast_type half, b_cast_type half} 
MIOpen(HIP): Info2 [CallGemm] rocBLAS
MIOpen(HIP): Info2 [GetKernels] 0 kernels for key: miopenIm2d2Col "c128i128_128w3_3p1_1s1_1d1_1t0"
MIOpen(HIP): Info2 [AddKernel] Key: miopenIm2d2Col "c128i128_128w3_3p1_1s1_1d1_1t0 -DLOCAL_MEM_SIZE=340 -DSTRIDE_GT_1=0 -DNUM_IM_BLKS_EQ_1=0 -DUSE_IM_OFF_GUARD=1"
MIOpen(HIP): Info2 [run] kernel_name = Im2d2Col_v2, global_work_dim = { 2097152, 1, 1 }, local_work_dim = { 256, 1, 1 }
MIOpen(HIP): Info2 [CallGemm] gemm_desc: {isColMajor 0, transA 0, transB 0, m 64, n 16384, k 1152, lda 1152, ldb 16384, ldc 16384, batch_count 1, strideA 0, strideB 0, strideC 0, alpha 1, beta 0, dataType half, a_cast_type half, b_cast_type half} 
MIOpen(HIP): Info2 [CallGemm] rocBLAS
MIOpen(HIP): Info2 [GetKernels] 0 kernels for key: miopenIm2d2Col "c128i128_128w3_3p1_1s1_1d1_1t0"
MIOpen(HIP): Info2 [AddKernel] Key: miopenIm2d2Col "c128i128_128w3_3p1_1s1_1d1_1t0 -DLOCAL_MEM_SIZE=340 -DSTRIDE_GT_1=0 -DNUM_IM_BLKS_EQ_1=0 -DUSE_IM_OFF_GUARD=1"
MIOpen(HIP): Info2 [run] kernel_name = Im2d2Col_v2, global_work_dim = { 2097152, 1, 1 }, local_work_dim = { 256, 1, 1 }
MIOpen(HIP): Info2 [CallGemm] gemm_desc: {isColMajor 0, transA 0, transB 0, m 64, n 16384, k 1152, lda 1152, ldb 16384, ldc 16384, batch_count 1, strideA 0, strideB 0, strideC 0, alpha 1, beta 0, dataType half, a_cast_type half, b_cast_type half} 
MIOpen(HIP): Info2 [CallGemm] rocBLAS
MIOpen(HIP): Info2 [GetKernels] 0 kernels for key: miopenIm2d2Col "c128i128_128w3_3p1_1s1_1d1_1t0"
MIOpen(HIP): Info2 [AddKernel] Key: miopenIm2d2Col "c128i128_128w3_3p1_1s1_1d1_1t0 -DLOCAL_MEM_SIZE=340 -DSTRIDE_GT_1=0 -DNUM_IM_BLKS_EQ_1=0 -DUSE_IM_OFF_GUARD=1"
MIOpen(HIP): Info2 [run] kernel_name = Im2d2Col_v2, global_work_dim = { 2097152, 1, 1 }, local_work_dim = { 256, 1, 1 }
MIOpen(HIP): Info2 [CallGemm] gemm_desc: {isColMajor 0, transA 0, transB 0, m 64, n 16384, k 1152, lda 1152, ldb 16384, ldc 16384, batch_count 1, strideA 0, strideB 0, strideC 0, alpha 1, beta 0, dataType half, a_cast_type half, b_cast_type half} 
MIOpen(HIP): Info2 [CallGemm] rocBLAS
MIOpen(HIP): Info2 [GetKernels] 0 kernels for key: miopenIm2d2Col "c128i128_128w3_3p1_1s1_1d1_1t0"
MIOpen(HIP): Info2 [AddKernel] Key: miopenIm2d2Col "c128i128_128w3_3p1_1s1_1d1_1t0 -DLOCAL_MEM_SIZE=340 -DSTRIDE_GT_1=0 -DNUM_IM_BLKS_EQ_1=0 -DUSE_IM_OFF_GUARD=1"
MIOpen(HIP): Info2 [run] kernel_name = Im2d2Col_v2, global_work_dim = { 2097152, 1, 1 }, local_work_dim = { 256, 1, 1 }
MIOpen(HIP): Info2 [CallGemm] gemm_desc: {isColMajor 0, transA 0, transB 0, m 64, n 16384, k 1152, lda 1152, ldb 16384, ldc 16384, batch_count 1, strideA 0, strideB 0, strideC 0, alpha 1, beta 0, dataType half, a_cast_type half, b_cast_type half} 
MIOpen(HIP): Info2 [CallGemm] rocBLAS
MIOpen(HIP): Info2 [GetKernels] 0 kernels for key: miopenIm2d2Col "c128i128_128w3_3p1_1s1_1d1_1t0"
MIOpen(HIP): Info2 [AddKernel] Key: miopenIm2d2Col "c128i128_128w3_3p1_1s1_1d1_1t0 -DLOCAL_MEM_SIZE=340 -DSTRIDE_GT_1=0 -DNUM_IM_BLKS_EQ_1=0 -DUSE_IM_OFF_GUARD=1"
MIOpen(HIP): Info2 [run] kernel_name = Im2d2Col_v2, global_work_dim = { 2097152, 1, 1 }, local_work_dim = { 256, 1, 1 }
MIOpen(HIP): Info2 [CallGemm] gemm_desc: {isColMajor 0, transA 0, transB 0, m 64, n 16384, k 1152, lda 1152, ldb 16384, ldc 16384, batch_count 1, strideA 0, strideB 0, strideC 0, alpha 1, beta 0, dataType half, a_cast_type half, b_cast_type half} 
MIOpen(HIP): Info2 [CallGemm] rocBLAS
MIOpen(HIP): Info2 [GetKernels] 0 kernels for key: miopenIm2d2Col "c128i128_128w3_3p1_1s1_1d1_1t0"
MIOpen(HIP): Info2 [AddKernel] Key: miopenIm2d2Col "c128i128_128w3_3p1_1s1_1d1_1t0 -DLOCAL_MEM_SIZE=340 -DSTRIDE_GT_1=0 -DNUM_IM_BLKS_EQ_1=0 -DUSE_IM_OFF_GUARD=1"
MIOpen(HIP): Info2 [run] kernel_name = Im2d2Col_v2, global_work_dim = { 2097152, 1, 1 }, local_work_dim = { 256, 1, 1 }
MIOpen(HIP): Info2 [CallGemm] gemm_desc: {isColMajor 0, transA 0, transB 0, m 64, n 16384, k 1152, lda 1152, ldb 16384, ldc 16384, batch_count 1, strideA 0, strideB 0, strideC 0, alpha 1, beta 0, dataType half, a_cast_type half, b_cast_type half} 
MIOpen(HIP): Info2 [CallGemm] rocBLAS
MIOpen(HIP): Info2 [GetKernels] 0 kernels for key: miopenIm2d2Col "c128i128_128w3_3p1_1s1_1d1_1t0"
MIOpen(HIP): Info2 [AddKernel] Key: miopenIm2d2Col "c128i128_128w3_3p1_1s1_1d1_1t0 -DLOCAL_MEM_SIZE=340 -DSTRIDE_GT_1=0 -DNUM_IM_BLKS_EQ_1=0 -DUSE_IM_OFF_GUARD=1"
MIOpen(HIP): Info2 [run] kernel_name = Im2d2Col_v2, global_work_dim = { 2097152, 1, 1 }, local_work_dim = { 256, 1, 1 }
MIOpen(HIP): Info2 [CallGemm] gemm_desc: {isColMajor 0, transA 0, transB 0, m 64, n 16384, k 1152, lda 1152, ldb 16384, ldc 16384, batch_count 1, strideA 0, strideB 0, strideC 0, alpha 1, beta 0, dataType half, a_cast_type half, b_cast_type half} 
MIOpen(HIP): Info2 [CallGemm] rocBLAS
MIOpen(HIP): Info2 [GetKernels] 0 kernels for key: miopenIm2d2Col "c128i128_128w3_3p1_1s1_1d1_1t0"
MIOpen(HIP): Info2 [AddKernel] Key: miopenIm2d2Col "c128i128_128w3_3p1_1s1_1d1_1t0 -DLOCAL_MEM_SIZE=340 -DSTRIDE_GT_1=0 -DNUM_IM_BLKS_EQ_1=0 -DUSE_IM_OFF_GUARD=1"
MIOpen(HIP): Info2 [run] kernel_name = Im2d2Col_v2, global_work_dim = { 2097152, 1, 1 }, local_work_dim = { 256, 1, 1 }
MIOpen(HIP): Info2 [CallGemm] gemm_desc: {isColMajor 0, transA 0, transB 0, m 64, n 16384, k 1152, lda 1152, ldb 16384, ldc 16384, batch_count 1, strideA 0, strideB 0, strideC 0, alpha 1, beta 0, dataType half, a_cast_type half, b_cast_type half} 
MIOpen(HIP): Info2 [CallGemm] rocBLAS
MIOpen(HIP): Info2 [GetKernels] 0 kernels for key: miopenIm2d2Col "c128i128_128w3_3p1_1s1_1d1_1t0"
MIOpen(HIP): Info2 [AddKernel] Key: miopenIm2d2Col "c128i128_128w3_3p1_1s1_1d1_1t0 -DLOCAL_MEM_SIZE=340 -DSTRIDE_GT_1=0 -DNUM_IM_BLKS_EQ_1=0 -DUSE_IM_OFF_GUARD=1"
MIOpen(HIP): Info2 [run] kernel_name = Im2d2Col_v2, global_work_dim = { 2097152, 1, 1 }, local_work_dim = { 256, 1, 1 }
MIOpen(HIP): Info2 [CallGemm] gemm_desc: {isColMajor 0, transA 0, transB 0, m 64, n 16384, k 1152, lda 1152, ldb 16384, ldc 16384, batch_count 1, strideA 0, strideB 0, strideC 0, alpha 1, beta 0, dataType half, a_cast_type half, b_cast_type half} 
MIOpen(HIP): Info2 [CallGemm] rocBLAS
MIOpen(HIP): Info2 [GetKernels] 0 kernels for key: miopenIm2d2Col "c128i128_128w3_3p1_1s1_1d1_1t0"
MIOpen(HIP): Info2 [AddKernel] Key: miopenIm2d2Col "c128i128_128w3_3p1_1s1_1d1_1t0 -DLOCAL_MEM_SIZE=340 -DSTRIDE_GT_1=0 -DNUM_IM_BLKS_EQ_1=0 -DUSE_IM_OFF_GUARD=1"
MIOpen(HIP): Info2 [run] kernel_name = Im2d2Col_v2, global_work_dim = { 2097152, 1, 1 }, local_work_dim = { 256, 1, 1 }
MIOpen(HIP): Info2 [CallGemm] gemm_desc: {isColMajor 0, transA 0, transB 0, m 64, n 16384, k 1152, lda 1152, ldb 16384, ldc 16384, batch_count 1, strideA 0, strideB 0, strideC 0, alpha 1, beta 0, dataType half, a_cast_type half, b_cast_type half} 
MIOpen(HIP): Info2 [CallGemm] rocBLAS
MIOpen(HIP): Info2 [GetKernels] 0 kernels for key: miopenIm2d2Col "c128i128_128w3_3p1_1s1_1d1_1t0"
MIOpen(HIP): Info2 [AddKernel] Key: miopenIm2d2Col "c128i128_128w3_3p1_1s1_1d1_1t0 -DLOCAL_MEM_SIZE=340 -DSTRIDE_GT_1=0 -DNUM_IM_BLKS_EQ_1=0 -DUSE_IM_OFF_GUARD=1"
MIOpen(HIP): Info2 [run] kernel_name = Im2d2Col_v2, global_work_dim = { 2097152, 1, 1 }, local_work_dim = { 256, 1, 1 }
MIOpen(HIP): Info2 [CallGemm] gemm_desc: {isColMajor 0, transA 0, transB 0, m 64, n 16384, k 1152, lda 1152, ldb 16384, ldc 16384, batch_count 1, strideA 0, strideB 0, strideC 0, alpha 1, beta 0, dataType half, a_cast_type half, b_cast_type half} 
MIOpen(HIP): Info2 [CallGemm] rocBLAS
MIOpen(HIP): Info2 [GetKernels] 0 kernels for key: miopenIm2d2Col "c128i128_128w3_3p1_1s1_1d1_1t0"
MIOpen(HIP): Info2 [AddKernel] Key: miopenIm2d2Col "c128i128_128w3_3p1_1s1_1d1_1t0 -DLOCAL_MEM_SIZE=340 -DSTRIDE_GT_1=0 -DNUM_IM_BLKS_EQ_1=0 -DUSE_IM_OFF_GUARD=1"
MIOpen(HIP): Info2 [run] kernel_name = Im2d2Col_v2, global_work_dim = { 2097152, 1, 1 }, local_work_dim = { 256, 1, 1 }
MIOpen(HIP): Info2 [CallGemm] gemm_desc: {isColMajor 0, transA 0, transB 0, m 64, n 16384, k 1152, lda 1152, ldb 16384, ldc 16384, batch_count 1, strideA 0, strideB 0, strideC 0, alpha 1, beta 0, dataType half, a_cast_type half, b_cast_type half} 
MIOpen(HIP): Info2 [CallGemm] rocBLAS
MIOpen(HIP): Info2 [GetKernels] 0 kernels for key: miopenIm2d2Col "c128i128_128w3_3p1_1s1_1d1_1t0"
MIOpen(HIP): Info2 [AddKernel] Key: miopenIm2d2Col "c128i128_128w3_3p1_1s1_1d1_1t0 -DLOCAL_MEM_SIZE=340 -DSTRIDE_GT_1=0 -DNUM_IM_BLKS_EQ_1=0 -DUSE_IM_OFF_GUARD=1"
MIOpen(HIP): Info2 [run] kernel_name = Im2d2Col_v2, global_work_dim = { 2097152, 1, 1 }, local_work_dim = { 256, 1, 1 }
MIOpen(HIP): Info2 [CallGemm] gemm_desc: {isColMajor 0, transA 0, transB 0, m 64, n 16384, k 1152, lda 1152, ldb 16384, ldc 16384, batch_count 1, strideA 0, strideB 0, strideC 0, alpha 1, beta 0, dataType half, a_cast_type half, b_cast_type half} 
MIOpen(HIP): Info2 [CallGemm] rocBLAS
MIOpen(HIP): Info2 [GetKernels] 0 kernels for key: miopenIm2d2Col "c128i128_128w3_3p1_1s1_1d1_1t0"
MIOpen(HIP): Info2 [AddKernel] Key: miopenIm2d2Col "c128i128_128w3_3p1_1s1_1d1_1t0 -DLOCAL_MEM_SIZE=340 -DSTRIDE_GT_1=0 -DNUM_IM_BLKS_EQ_1=0 -DUSE_IM_OFF_GUARD=1"
MIOpen(HIP): Info2 [run] kernel_name = Im2d2Col_v2, global_work_dim = { 2097152, 1, 1 }, local_work_dim = { 256, 1, 1 }
MIOpen(HIP): Info2 [CallGemm] gemm_desc: {isColMajor 0, transA 0, transB 0, m 64, n 16384, k 1152, lda 1152, ldb 16384, ldc 16384, batch_count 1, strideA 0, strideB 0, strideC 0, alpha 1, beta 0, dataType half, a_cast_type half, b_cast_type half} 
MIOpen(HIP): Info2 [CallGemm] rocBLAS
MIOpen(HIP): Info2 [GetKernels] 0 kernels for key: miopenIm2d2Col "c128i128_128w3_3p1_1s1_1d1_1t0"
MIOpen(HIP): Info2 [AddKernel] Key: miopenIm2d2Col "c128i128_128w3_3p1_1s1_1d1_1t0 -DLOCAL_MEM_SIZE=340 -DSTRIDE_GT_1=0 -DNUM_IM_BLKS_EQ_1=0 -DUSE_IM_OFF_GUARD=1"
MIOpen(HIP): Info2 [run] kernel_name = Im2d2Col_v2, global_work_dim = { 2097152, 1, 1 }, local_work_dim = { 256, 1, 1 }
MIOpen(HIP): Info2 [CallGemm] gemm_desc: {isColMajor 0, transA 0, transB 0, m 64, n 16384, k 1152, lda 1152, ldb 16384, ldc 16384, batch_count 1, strideA 0, strideB 0, strideC 0, alpha 1, beta 0, dataType half, a_cast_type half, b_cast_type half} 
MIOpen(HIP): Info2 [CallGemm] rocBLAS
MIOpen(HIP): Info2 [GetKernels] 0 kernels for key: miopenIm2d2Col "c128i128_128w3_3p1_1s1_1d1_1t0"
MIOpen(HIP): Info2 [AddKernel] Key: miopenIm2d2Col "c128i128_128w3_3p1_1s1_1d1_1t0 -DLOCAL_MEM_SIZE=340 -DSTRIDE_GT_1=0 -DNUM_IM_BLKS_EQ_1=0 -DUSE_IM_OFF_GUARD=1"
MIOpen(HIP): Info2 [run] kernel_name = Im2d2Col_v2, global_work_dim = { 2097152, 1, 1 }, local_work_dim = { 256, 1, 1 }
MIOpen(HIP): Info2 [CallGemm] gemm_desc: {isColMajor 0, transA 0, transB 0, m 64, n 16384, k 1152, lda 1152, ldb 16384, ldc 16384, batch_count 1, strideA 0, strideB 0, strideC 0, alpha 1, beta 0, dataType half, a_cast_type half, b_cast_type half} 
MIOpen(HIP): Info2 [CallGemm] rocBLAS
MIOpen(HIP): Info2 [GetKernels] 0 kernels for key: miopenIm2d2Col "c128i128_128w3_3p1_1s1_1d1_1t0"
MIOpen(HIP): Info2 [AddKernel] Key: miopenIm2d2Col "c128i128_128w3_3p1_1s1_1d1_1t0 -DLOCAL_MEM_SIZE=340 -DSTRIDE_GT_1=0 -DNUM_IM_BLKS_EQ_1=0 -DUSE_IM_OFF_GUARD=1"
MIOpen(HIP): Info2 [run] kernel_name = Im2d2Col_v2, global_work_dim = { 2097152, 1, 1 }, local_work_dim = { 256, 1, 1 }
MIOpen(HIP): Info2 [CallGemm] gemm_desc: {isColMajor 0, transA 0, transB 0, m 64, n 16384, k 1152, lda 1152, ldb 16384, ldc 16384, batch_count 1, strideA 0, strideB 0, strideC 0, alpha 1, beta 0, dataType half, a_cast_type half, b_cast_type half} 
MIOpen(HIP): Info2 [CallGemm] rocBLAS
MIOpen(HIP): Info2 [GetKernels] 0 kernels for key: miopenIm2d2Col "c128i128_128w3_3p1_1s1_1d1_1t0"
MIOpen(HIP): Info2 [AddKernel] Key: miopenIm2d2Col "c128i128_128w3_3p1_1s1_1d1_1t0 -DLOCAL_MEM_SIZE=340 -DSTRIDE_GT_1=0 -DNUM_IM_BLKS_EQ_1=0 -DUSE_IM_OFF_GUARD=1"
MIOpen(HIP): Info2 [run] kernel_name = Im2d2Col_v2, global_work_dim = { 2097152, 1, 1 }, local_work_dim = { 256, 1, 1 }
MIOpen(HIP): Info2 [CallGemm] gemm_desc: {isColMajor 0, transA 0, transB 0, m 64, n 16384, k 1152, lda 1152, ldb 16384, ldc 16384, batch_count 1, strideA 0, strideB 0, strideC 0, alpha 1, beta 0, dataType half, a_cast_type half, b_cast_type half} 
MIOpen(HIP): Info2 [CallGemm] rocBLAS
MIOpen(HIP): Info2 [GetKernels] 0 kernels for key: miopenIm2d2Col "c128i128_128w3_3p1_1s1_1d1_1t0"
MIOpen(HIP): Info2 [AddKernel] Key: miopenIm2d2Col "c128i128_128w3_3p1_1s1_1d1_1t0 -DLOCAL_MEM_SIZE=340 -DSTRIDE_GT_1=0 -DNUM_IM_BLKS_EQ_1=0 -DUSE_IM_OFF_GUARD=1"
MIOpen(HIP): Info2 [run] kernel_name = Im2d2Col_v2, global_work_dim = { 2097152, 1, 1 }, local_work_dim = { 256, 1, 1 }
MIOpen(HIP): Info2 [CallGemm] gemm_desc: {isColMajor 0, transA 0, transB 0, m 64, n 16384, k 1152, lda 1152, ldb 16384, ldc 16384, batch_count 1, strideA 0, strideB 0, strideC 0, alpha 1, beta 0, dataType half, a_cast_type half, b_cast_type half} 
MIOpen(HIP): Info2 [CallGemm] rocBLAS
MIOpen(HIP): Info2 [GetKernels] 0 kernels for key: miopenIm2d2Col "c128i128_128w3_3p1_1s1_1d1_1t0"
MIOpen(HIP): Info2 [AddKernel] Key: miopenIm2d2Col "c128i128_128w3_3p1_1s1_1d1_1t0 -DLOCAL_MEM_SIZE=340 -DSTRIDE_GT_1=0 -DNUM_IM_BLKS_EQ_1=0 -DUSE_IM_OFF_GUARD=1"
MIOpen(HIP): Info2 [run] kernel_name = Im2d2Col_v2, global_work_dim = { 2097152, 1, 1 }, local_work_dim = { 256, 1, 1 }
MIOpen(HIP): Info2 [CallGemm] gemm_desc: {isColMajor 0, transA 0, transB 0, m 64, n 16384, k 1152, lda 1152, ldb 16384, ldc 16384, batch_count 1, strideA 0, strideB 0, strideC 0, alpha 1, beta 0, dataType half, a_cast_type half, b_cast_type half} 
MIOpen(HIP): Info2 [CallGemm] rocBLAS
MIOpen(HIP): Info2 [GetKernels] 0 kernels for key: miopenIm2d2Col "c128i128_128w3_3p1_1s1_1d1_1t0"
MIOpen(HIP): Info2 [AddKernel] Key: miopenIm2d2Col "c128i128_128w3_3p1_1s1_1d1_1t0 -DLOCAL_MEM_SIZE=340 -DSTRIDE_GT_1=0 -DNUM_IM_BLKS_EQ_1=0 -DUSE_IM_OFF_GUARD=1"
MIOpen(HIP): Info2 [run] kernel_name = Im2d2Col_v2, global_work_dim = { 2097152, 1, 1 }, local_work_dim = { 256, 1, 1 }
MIOpen(HIP): Info2 [CallGemm] gemm_desc: {isColMajor 0, transA 0, transB 0, m 64, n 16384, k 1152, lda 1152, ldb 16384, ldc 16384, batch_count 1, strideA 0, strideB 0, strideC 0, alpha 1, beta 0, dataType half, a_cast_type half, b_cast_type half} 
MIOpen(HIP): Info2 [CallGemm] rocBLAS
MIOpen(HIP): Info2 [GetKernels] 0 kernels for key: miopenIm2d2Col "c128i128_128w3_3p1_1s1_1d1_1t0"
MIOpen(HIP): Info2 [AddKernel] Key: miopenIm2d2Col "c128i128_128w3_3p1_1s1_1d1_1t0 -DLOCAL_MEM_SIZE=340 -DSTRIDE_GT_1=0 -DNUM_IM_BLKS_EQ_1=0 -DUSE_IM_OFF_GUARD=1"
MIOpen(HIP): Info2 [run] kernel_name = Im2d2Col_v2, global_work_dim = { 2097152, 1, 1 }, local_work_dim = { 256, 1, 1 }
MIOpen(HIP): Info2 [CallGemm] gemm_desc: {isColMajor 0, transA 0, transB 0, m 64, n 16384, k 1152, lda 1152, ldb 16384, ldc 16384, batch_count 1, strideA 0, strideB 0, strideC 0, alpha 1, beta 0, dataType half, a_cast_type half, b_cast_type half} 
MIOpen(HIP): Info2 [CallGemm] rocBLAS
MIOpen(HIP): Info2 [GetKernels] 0 kernels for key: miopenIm2d2Col "c128i128_128w3_3p1_1s1_1d1_1t0"
MIOpen(HIP): Info2 [AddKernel] Key: miopenIm2d2Col "c128i128_128w3_3p1_1s1_1d1_1t0 -DLOCAL_MEM_SIZE=340 -DSTRIDE_GT_1=0 -DNUM_IM_BLKS_EQ_1=0 -DUSE_IM_OFF_GUARD=1"
MIOpen(HIP): Info2 [run] kernel_name = Im2d2Col_v2, global_work_dim = { 2097152, 1, 1 }, local_work_dim = { 256, 1, 1 }
MIOpen(HIP): Info2 [CallGemm] gemm_desc: {isColMajor 0, transA 0, transB 0, m 64, n 16384, k 1152, lda 1152, ldb 16384, ldc 16384, batch_count 1, strideA 0, strideB 0, strideC 0, alpha 1, beta 0, dataType half, a_cast_type half, b_cast_type half} 
MIOpen(HIP): Info2 [CallGemm] rocBLAS
MIOpen(HIP): Info2 [GetKernels] 0 kernels for key: miopenIm2d2Col "c128i128_128w3_3p1_1s1_1d1_1t0"
MIOpen(HIP): Info2 [AddKernel] Key: miopenIm2d2Col "c128i128_128w3_3p1_1s1_1d1_1t0 -DLOCAL_MEM_SIZE=340 -DSTRIDE_GT_1=0 -DNUM_IM_BLKS_EQ_1=0 -DUSE_IM_OFF_GUARD=1"
MIOpen(HIP): Info2 [run] kernel_name = Im2d2Col_v2, global_work_dim = { 2097152, 1, 1 }, local_work_dim = { 256, 1, 1 }
MIOpen(HIP): Info2 [CallGemm] gemm_desc: {isColMajor 0, transA 0, transB 0, m 64, n 16384, k 1152, lda 1152, ldb 16384, ldc 16384, batch_count 1, strideA 0, strideB 0, strideC 0, alpha 1, beta 0, dataType half, a_cast_type half, b_cast_type half} 
MIOpen(HIP): Info2 [CallGemm] rocBLAS
MIOpen(HIP): Info2 [GetKernels] 0 kernels for key: miopenIm2d2Col "c128i128_128w3_3p1_1s1_1d1_1t0"
MIOpen(HIP): Info2 [AddKernel] Key: miopenIm2d2Col "c128i128_128w3_3p1_1s1_1d1_1t0 -DLOCAL_MEM_SIZE=340 -DSTRIDE_GT_1=0 -DNUM_IM_BLKS_EQ_1=0 -DUSE_IM_OFF_GUARD=1"
MIOpen(HIP): Info2 [run] kernel_name = Im2d2Col_v2, global_work_dim = { 2097152, 1, 1 }, local_work_dim = { 256, 1, 1 }
MIOpen(HIP): Info2 [CallGemm] gemm_desc: {isColMajor 0, transA 0, transB 0, m 64, n 16384, k 1152, lda 1152, ldb 16384, ldc 16384, batch_count 1, strideA 0, strideB 0, strideC 0, alpha 1, beta 0, dataType half, a_cast_type half, b_cast_type half} 
MIOpen(HIP): Info2 [CallGemm] rocBLAS
MIOpen(HIP): Info2 [GetKernels] 0 kernels for key: miopenIm2d2Col "c128i128_128w3_3p1_1s1_1d1_1t0"
MIOpen(HIP): Info2 [AddKernel] Key: miopenIm2d2Col "c128i128_128w3_3p1_1s1_1d1_1t0 -DLOCAL_MEM_SIZE=340 -DSTRIDE_GT_1=0 -DNUM_IM_BLKS_EQ_1=0 -DUSE_IM_OFF_GUARD=1"
MIOpen(HIP): Info2 [run] kernel_name = Im2d2Col_v2, global_work_dim = { 2097152, 1, 1 }, local_work_dim = { 256, 1, 1 }
MIOpen(HIP): Info2 [CallGemm] gemm_desc: {isColMajor 0, transA 0, transB 0, m 64, n 16384, k 1152, lda 1152, ldb 16384, ldc 16384, batch_count 1, strideA 0, strideB 0, strideC 0, alpha 1, beta 0, dataType half, a_cast_type half, b_cast_type half} 
MIOpen(HIP): Info2 [CallGemm] rocBLAS
MIOpen(HIP): Info2 [GetKernels] 0 kernels for key: miopenIm2d2Col "c128i128_128w3_3p1_1s1_1d1_1t0"
MIOpen(HIP): Info2 [AddKernel] Key: miopenIm2d2Col "c128i128_128w3_3p1_1s1_1d1_1t0 -DLOCAL_MEM_SIZE=340 -DSTRIDE_GT_1=0 -DNUM_IM_BLKS_EQ_1=0 -DUSE_IM_OFF_GUARD=1"
MIOpen(HIP): Info2 [run] kernel_name = Im2d2Col_v2, global_work_dim = { 2097152, 1, 1 }, local_work_dim = { 256, 1, 1 }
MIOpen(HIP): Info2 [CallGemm] gemm_desc: {isColMajor 0, transA 0, transB 0, m 64, n 16384, k 1152, lda 1152, ldb 16384, ldc 16384, batch_count 1, strideA 0, strideB 0, strideC 0, alpha 1, beta 0, dataType half, a_cast_type half, b_cast_type half} 
MIOpen(HIP): Info2 [CallGemm] rocBLAS
MIOpen(HIP): Info2 [GetKernels] 0 kernels for key: miopenIm2d2Col "c128i128_128w3_3p1_1s1_1d1_1t0"
MIOpen(HIP): Info2 [AddKernel] Key: miopenIm2d2Col "c128i128_128w3_3p1_1s1_1d1_1t0 -DLOCAL_MEM_SIZE=340 -DSTRIDE_GT_1=0 -DNUM_IM_BLKS_EQ_1=0 -DUSE_IM_OFF_GUARD=1"
MIOpen(HIP): Info2 [run] kernel_name = Im2d2Col_v2, global_work_dim = { 2097152, 1, 1 }, local_work_dim = { 256, 1, 1 }
MIOpen(HIP): Info2 [CallGemm] gemm_desc: {isColMajor 0, transA 0, transB 0, m 64, n 16384, k 1152, lda 1152, ldb 16384, ldc 16384, batch_count 1, strideA 0, strideB 0, strideC 0, alpha 1, beta 0, dataType half, a_cast_type half, b_cast_type half} 
MIOpen(HIP): Info2 [CallGemm] rocBLAS
MIOpen(HIP): Info2 [GetKernels] 0 kernels for key: miopenIm2d2Col "c128i128_128w3_3p1_1s1_1d1_1t0"
MIOpen(HIP): Info2 [AddKernel] Key: miopenIm2d2Col "c128i128_128w3_3p1_1s1_1d1_1t0 -DLOCAL_MEM_SIZE=340 -DSTRIDE_GT_1=0 -DNUM_IM_BLKS_EQ_1=0 -DUSE_IM_OFF_GUARD=1"
MIOpen(HIP): Info2 [run] kernel_name = Im2d2Col_v2, global_work_dim = { 2097152, 1, 1 }, local_work_dim = { 256, 1, 1 }
MIOpen(HIP): Info2 [CallGemm] gemm_desc: {isColMajor 0, transA 0, transB 0, m 64, n 16384, k 1152, lda 1152, ldb 16384, ldc 16384, batch_count 1, strideA 0, strideB 0, strideC 0, alpha 1, beta 0, dataType half, a_cast_type half, b_cast_type half} 
MIOpen(HIP): Info2 [CallGemm] rocBLAS
MIOpen(HIP): Info2 [GetKernels] 0 kernels for key: miopenIm2d2Col "c128i128_128w3_3p1_1s1_1d1_1t0"
MIOpen(HIP): Info2 [AddKernel] Key: miopenIm2d2Col "c128i128_128w3_3p1_1s1_1d1_1t0 -DLOCAL_MEM_SIZE=340 -DSTRIDE_GT_1=0 -DNUM_IM_BLKS_EQ_1=0 -DUSE_IM_OFF_GUARD=1"
MIOpen(HIP): Info2 [run] kernel_name = Im2d2Col_v2, global_work_dim = { 2097152, 1, 1 }, local_work_dim = { 256, 1, 1 }
MIOpen(HIP): Info2 [CallGemm] gemm_desc: {isColMajor 0, transA 0, transB 0, m 64, n 16384, k 1152, lda 1152, ldb 16384, ldc 16384, batch_count 1, strideA 0, strideB 0, strideC 0, alpha 1, beta 0, dataType half, a_cast_type half, b_cast_type half} 
MIOpen(HIP): Info2 [CallGemm] rocBLAS
MIOpen(HIP): Info2 [GetKernels] 0 kernels for key: miopenIm2d2Col "c128i128_128w3_3p1_1s1_1d1_1t0"
MIOpen(HIP): Info2 [AddKernel] Key: miopenIm2d2Col "c128i128_128w3_3p1_1s1_1d1_1t0 -DLOCAL_MEM_SIZE=340 -DSTRIDE_GT_1=0 -DNUM_IM_BLKS_EQ_1=0 -DUSE_IM_OFF_GUARD=1"
MIOpen(HIP): Info2 [run] kernel_name = Im2d2Col_v2, global_work_dim = { 2097152, 1, 1 }, local_work_dim = { 256, 1, 1 }
MIOpen(HIP): Info2 [CallGemm] gemm_desc: {isColMajor 0, transA 0, transB 0, m 64, n 16384, k 1152, lda 1152, ldb 16384, ldc 16384, batch_count 1, strideA 0, strideB 0, strideC 0, alpha 1, beta 0, dataType half, a_cast_type half, b_cast_type half} 
MIOpen(HIP): Info2 [CallGemm] rocBLAS
MIOpen(HIP): Info2 [GetKernels] 0 kernels for key: miopenIm2d2Col "c128i128_128w3_3p1_1s1_1d1_1t0"
MIOpen(HIP): Info2 [AddKernel] Key: miopenIm2d2Col "c128i128_128w3_3p1_1s1_1d1_1t0 -DLOCAL_MEM_SIZE=340 -DSTRIDE_GT_1=0 -DNUM_IM_BLKS_EQ_1=0 -DUSE_IM_OFF_GUARD=1"
MIOpen(HIP): Info2 [run] kernel_name = Im2d2Col_v2, global_work_dim = { 2097152, 1, 1 }, local_work_dim = { 256, 1, 1 }
MIOpen(HIP): Info2 [CallGemm] gemm_desc: {isColMajor 0, transA 0, transB 0, m 64, n 16384, k 1152, lda 1152, ldb 16384, ldc 16384, batch_count 1, strideA 0, strideB 0, strideC 0, alpha 1, beta 0, dataType half, a_cast_type half, b_cast_type half} 
MIOpen(HIP): Info2 [CallGemm] rocBLAS
MIOpen(HIP): auto miopen::solver::conv::GemmFwdRest::GetSolution(const ExecutionContext &, const ProblemDescription &)::(anonymous class)::operator()(const std::vector<Kernel> &)::(anonymous class)::operator()(const Handle &, const AnyInvokeParams &) const{
MIOpen(HIP): 	name + ", non 1x1" = convolution, non 1x1
MIOpen(HIP): }
MIOpen(HIP): Info2 [GetKernels] 0 kernels for key: miopenIm2d2Col "c128i128_128w3_3p1_1s1_1d1_1t0"
MIOpen(HIP): Info2 [AddKernel] Key: miopenIm2d2Col "c128i128_128w3_3p1_1s1_1d1_1t0 -DLOCAL_MEM_SIZE=340 -DSTRIDE_GT_1=0 -DNUM_IM_BLKS_EQ_1=0 -DUSE_IM_OFF_GUARD=1"
MIOpen(HIP): Info2 [run] kernel_name = Im2d2Col_v2, global_work_dim = { 2097152, 1, 1 }, local_work_dim = { 256, 1, 1 }
MIOpen(HIP): Info2 [CallGemm] gemm_desc: {isColMajor 0, transA 0, transB 0, m 64, n 16384, k 1152, lda 1152, ldb 16384, ldc 16384, batch_count 1, strideA 0, strideB 0, strideC 0, alpha 1, beta 0, dataType half, a_cast_type half, b_cast_type half} 
MIOpen(HIP): Info2 [CallGemm] rocBLAS
MIOpen(HIP): Info2 [GetKernels] 0 kernels for key: miopenIm2d2Col "c128i128_128w3_3p1_1s1_1d1_1t0"
MIOpen(HIP): Info2 [AddKernel] Key: miopenIm2d2Col "c128i128_128w3_3p1_1s1_1d1_1t0 -DLOCAL_MEM_SIZE=340 -DSTRIDE_GT_1=0 -DNUM_IM_BLKS_EQ_1=0 -DUSE_IM_OFF_GUARD=1"
MIOpen(HIP): Info2 [run] kernel_name = Im2d2Col_v2, global_work_dim = { 2097152, 1, 1 }, local_work_dim = { 256, 1, 1 }
MIOpen(HIP): Info2 [CallGemm] gemm_desc: {isColMajor 0, transA 0, transB 0, m 64, n 16384, k 1152, lda 1152, ldb 16384, ldc 16384, batch_count 1, strideA 0, strideB 0, strideC 0, alpha 1, beta 0, dataType half, a_cast_type half, b_cast_type half} 
MIOpen(HIP): Info2 [CallGemm] rocBLAS
MIOpen(HIP): Info2 [GetKernels] 0 kernels for key: miopenIm2d2Col "c128i128_128w3_3p1_1s1_1d1_1t0"
MIOpen(HIP): Info2 [AddKernel] Key: miopenIm2d2Col "c128i128_128w3_3p1_1s1_1d1_1t0 -DLOCAL_MEM_SIZE=340 -DSTRIDE_GT_1=0 -DNUM_IM_BLKS_EQ_1=0 -DUSE_IM_OFF_GUARD=1"
MIOpen(HIP): Info2 [run] kernel_name = Im2d2Col_v2, global_work_dim = { 2097152, 1, 1 }, local_work_dim = { 256, 1, 1 }
MIOpen(HIP): Info2 [CallGemm] gemm_desc: {isColMajor 0, transA 0, transB 0, m 64, n 16384, k 1152, lda 1152, ldb 16384, ldc 16384, batch_count 1, strideA 0, strideB 0, strideC 0, alpha 1, beta 0, dataType half, a_cast_type half, b_cast_type half} 
MIOpen(HIP): Info2 [CallGemm] rocBLAS
MIOpen(HIP): Info2 [GetKernels] 0 kernels for key: miopenIm2d2Col "c128i128_128w3_3p1_1s1_1d1_1t0"
MIOpen(HIP): Info2 [AddKernel] Key: miopenIm2d2Col "c128i128_128w3_3p1_1s1_1d1_1t0 -DLOCAL_MEM_SIZE=340 -DSTRIDE_GT_1=0 -DNUM_IM_BLKS_EQ_1=0 -DUSE_IM_OFF_GUARD=1"
MIOpen(HIP): Info2 [run] kernel_name = Im2d2Col_v2, global_work_dim = { 2097152, 1, 1 }, local_work_dim = { 256, 1, 1 }
MIOpen(HIP): Info2 [CallGemm] gemm_desc: {isColMajor 0, transA 0, transB 0, m 64, n 16384, k 1152, lda 1152, ldb 16384, ldc 16384, batch_count 1, strideA 0, strideB 0, strideC 0, alpha 1, beta 0, dataType half, a_cast_type half, b_cast_type half} 
MIOpen(HIP): Info2 [CallGemm] rocBLAS
MIOpen(HIP): Info2 [GetKernels] 0 kernels for key: miopenIm2d2Col "c128i128_128w3_3p1_1s1_1d1_1t0"
MIOpen(HIP): Info2 [AddKernel] Key: miopenIm2d2Col "c128i128_128w3_3p1_1s1_1d1_1t0 -DLOCAL_MEM_SIZE=340 -DSTRIDE_GT_1=0 -DNUM_IM_BLKS_EQ_1=0 -DUSE_IM_OFF_GUARD=1"
MIOpen(HIP): Info2 [run] kernel_name = Im2d2Col_v2, global_work_dim = { 2097152, 1, 1 }, local_work_dim = { 256, 1, 1 }
MIOpen(HIP): Info2 [CallGemm] gemm_desc: {isColMajor 0, transA 0, transB 0, m 64, n 16384, k 1152, lda 1152, ldb 16384, ldc 16384, batch_count 1, strideA 0, strideB 0, strideC 0, alpha 1, beta 0, dataType half, a_cast_type half, b_cast_type half} 
MIOpen(HIP): Info2 [CallGemm] rocBLAS
MIOpen(HIP): Info2 [GetKernels] 0 kernels for key: miopenIm2d2Col "c128i128_128w3_3p1_1s1_1d1_1t0"
MIOpen(HIP): Info2 [AddKernel] Key: miopenIm2d2Col "c128i128_128w3_3p1_1s1_1d1_1t0 -DLOCAL_MEM_SIZE=340 -DSTRIDE_GT_1=0 -DNUM_IM_BLKS_EQ_1=0 -DUSE_IM_OFF_GUARD=1"
MIOpen(HIP): Info2 [run] kernel_name = Im2d2Col_v2, global_work_dim = { 2097152, 1, 1 }, local_work_dim = { 256, 1, 1 }
MIOpen(HIP): Info2 [CallGemm] gemm_desc: {isColMajor 0, transA 0, transB 0, m 64, n 16384, k 1152, lda 1152, ldb 16384, ldc 16384, batch_count 1, strideA 0, strideB 0, strideC 0, alpha 1, beta 0, dataType half, a_cast_type half, b_cast_type half} 
MIOpen(HIP): Info2 [CallGemm] rocBLAS
MIOpen(HIP): Info2 [GetKernels] 0 kernels for key: miopenIm2d2Col "c128i128_128w3_3p1_1s1_1d1_1t0"
MIOpen(HIP): Info2 [AddKernel] Key: miopenIm2d2Col "c128i128_128w3_3p1_1s1_1d1_1t0 -DLOCAL_MEM_SIZE=340 -DSTRIDE_GT_1=0 -DNUM_IM_BLKS_EQ_1=0 -DUSE_IM_OFF_GUARD=1"
MIOpen(HIP): Info2 [run] kernel_name = Im2d2Col_v2, global_work_dim = { 2097152, 1, 1 }, local_work_dim = { 256, 1, 1 }
MIOpen(HIP): Info2 [CallGemm] gemm_desc: {isColMajor 0, transA 0, transB 0, m 64, n 16384, k 1152, lda 1152, ldb 16384, ldc 16384, batch_count 1, strideA 0, strideB 0, strideC 0, alpha 1, beta 0, dataType half, a_cast_type half, b_cast_type half} 
MIOpen(HIP): Info2 [CallGemm] rocBLAS
MIOpen(HIP): Info2 [GetKernels] 0 kernels for key: miopenIm2d2Col "c128i128_128w3_3p1_1s1_1d1_1t0"
MIOpen(HIP): Info2 [AddKernel] Key: miopenIm2d2Col "c128i128_128w3_3p1_1s1_1d1_1t0 -DLOCAL_MEM_SIZE=340 -DSTRIDE_GT_1=0 -DNUM_IM_BLKS_EQ_1=0 -DUSE_IM_OFF_GUARD=1"
MIOpen(HIP): Info2 [run] kernel_name = Im2d2Col_v2, global_work_dim = { 2097152, 1, 1 }, local_work_dim = { 256, 1, 1 }
MIOpen(HIP): Info2 [CallGemm] gemm_desc: {isColMajor 0, transA 0, transB 0, m 64, n 16384, k 1152, lda 1152, ldb 16384, ldc 16384, batch_count 1, strideA 0, strideB 0, strideC 0, alpha 1, beta 0, dataType half, a_cast_type half, b_cast_type half} 
MIOpen(HIP): Info2 [CallGemm] rocBLAS
MIOpen(HIP): Info2 [GetKernels] 0 kernels for key: miopenIm2d2Col "c128i128_128w3_3p1_1s1_1d1_1t0"
MIOpen(HIP): Info2 [AddKernel] Key: miopenIm2d2Col "c128i128_128w3_3p1_1s1_1d1_1t0 -DLOCAL_MEM_SIZE=340 -DSTRIDE_GT_1=0 -DNUM_IM_BLKS_EQ_1=0 -DUSE_IM_OFF_GUARD=1"
MIOpen(HIP): Info2 [run] kernel_name = Im2d2Col_v2, global_work_dim = { 2097152, 1, 1 }, local_work_dim = { 256, 1, 1 }
MIOpen(HIP): Info2 [CallGemm] gemm_desc: {isColMajor 0, transA 0, transB 0, m 64, n 16384, k 1152, lda 1152, ldb 16384, ldc 16384, batch_count 1, strideA 0, strideB 0, strideC 0, alpha 1, beta 0, dataType half, a_cast_type half, b_cast_type half} 
MIOpen(HIP): Info2 [CallGemm] rocBLAS
MIOpen(HIP): Info2 [GetKernels] 0 kernels for key: miopenIm2d2Col "c128i128_128w3_3p1_1s1_1d1_1t0"
MIOpen(HIP): Info2 [AddKernel] Key: miopenIm2d2Col "c128i128_128w3_3p1_1s1_1d1_1t0 -DLOCAL_MEM_SIZE=340 -DSTRIDE_GT_1=0 -DNUM_IM_BLKS_EQ_1=0 -DUSE_IM_OFF_GUARD=1"
MIOpen(HIP): Info2 [run] kernel_name = Im2d2Col_v2, global_work_dim = { 2097152, 1, 1 }, local_work_dim = { 256, 1, 1 }
MIOpen(HIP): Info2 [CallGemm] gemm_desc: {isColMajor 0, transA 0, transB 0, m 64, n 16384, k 1152, lda 1152, ldb 16384, ldc 16384, batch_count 1, strideA 0, strideB 0, strideC 0, alpha 1, beta 0, dataType half, a_cast_type half, b_cast_type half} 
MIOpen(HIP): Info2 [CallGemm] rocBLAS
MIOpen(HIP): Info2 [GetKernels] 0 kernels for key: miopenIm2d2Col "c128i128_128w3_3p1_1s1_1d1_1t0"
MIOpen(HIP): Info2 [AddKernel] Key: miopenIm2d2Col "c128i128_128w3_3p1_1s1_1d1_1t0 -DLOCAL_MEM_SIZE=340 -DSTRIDE_GT_1=0 -DNUM_IM_BLKS_EQ_1=0 -DUSE_IM_OFF_GUARD=1"
MIOpen(HIP): Info2 [run] kernel_name = Im2d2Col_v2, global_work_dim = { 2097152, 1, 1 }, local_work_dim = { 256, 1, 1 }
MIOpen(HIP): Info2 [CallGemm] gemm_desc: {isColMajor 0, transA 0, transB 0, m 64, n 16384, k 1152, lda 1152, ldb 16384, ldc 16384, batch_count 1, strideA 0, strideB 0, strideC 0, alpha 1, beta 0, dataType half, a_cast_type half, b_cast_type half} 
MIOpen(HIP): Info2 [CallGemm] rocBLAS
MIOpen(HIP): Info2 [GetKernels] 0 kernels for key: miopenIm2d2Col "c128i128_128w3_3p1_1s1_1d1_1t0"
MIOpen(HIP): Info2 [AddKernel] Key: miopenIm2d2Col "c128i128_128w3_3p1_1s1_1d1_1t0 -DLOCAL_MEM_SIZE=340 -DSTRIDE_GT_1=0 -DNUM_IM_BLKS_EQ_1=0 -DUSE_IM_OFF_GUARD=1"
MIOpen(HIP): Info2 [run] kernel_name = Im2d2Col_v2, global_work_dim = { 2097152, 1, 1 }, local_work_dim = { 256, 1, 1 }
MIOpen(HIP): Info2 [CallGemm] gemm_desc: {isColMajor 0, transA 0, transB 0, m 64, n 16384, k 1152, lda 1152, ldb 16384, ldc 16384, batch_count 1, strideA 0, strideB 0, strideC 0, alpha 1, beta 0, dataType half, a_cast_type half, b_cast_type half} 
MIOpen(HIP): Info2 [CallGemm] rocBLAS
MIOpen(HIP): Info2 [GetKernels] 0 kernels for key: miopenIm2d2Col "c128i128_128w3_3p1_1s1_1d1_1t0"
MIOpen(HIP): Info2 [AddKernel] Key: miopenIm2d2Col "c128i128_128w3_3p1_1s1_1d1_1t0 -DLOCAL_MEM_SIZE=340 -DSTRIDE_GT_1=0 -DNUM_IM_BLKS_EQ_1=0 -DUSE_IM_OFF_GUARD=1"
MIOpen(HIP): Info2 [run] kernel_name = Im2d2Col_v2, global_work_dim = { 2097152, 1, 1 }, local_work_dim = { 256, 1, 1 }
MIOpen(HIP): Info2 [CallGemm] gemm_desc: {isColMajor 0, transA 0, transB 0, m 64, n 16384, k 1152, lda 1152, ldb 16384, ldc 16384, batch_count 1, strideA 0, strideB 0, strideC 0, alpha 1, beta 0, dataType half, a_cast_type half, b_cast_type half} 
MIOpen(HIP): Info2 [CallGemm] rocBLAS
MIOpen(HIP): Info2 [GetKernels] 0 kernels for key: miopenIm2d2Col "c128i128_128w3_3p1_1s1_1d1_1t0"
MIOpen(HIP): Info2 [AddKernel] Key: miopenIm2d2Col "c128i128_128w3_3p1_1s1_1d1_1t0 -DLOCAL_MEM_SIZE=340 -DSTRIDE_GT_1=0 -DNUM_IM_BLKS_EQ_1=0 -DUSE_IM_OFF_GUARD=1"
MIOpen(HIP): Info2 [run] kernel_name = Im2d2Col_v2, global_work_dim = { 2097152, 1, 1 }, local_work_dim = { 256, 1, 1 }
MIOpen(HIP): Info2 [CallGemm] gemm_desc: {isColMajor 0, transA 0, transB 0, m 64, n 16384, k 1152, lda 1152, ldb 16384, ldc 16384, batch_count 1, strideA 0, strideB 0, strideC 0, alpha 1, beta 0, dataType half, a_cast_type half, b_cast_type half} 
MIOpen(HIP): Info2 [CallGemm] rocBLAS
MIOpen(HIP): Info2 [GetKernels] 0 kernels for key: miopenIm2d2Col "c128i128_128w3_3p1_1s1_1d1_1t0"
MIOpen(HIP): Info2 [AddKernel] Key: miopenIm2d2Col "c128i128_128w3_3p1_1s1_1d1_1t0 -DLOCAL_MEM_SIZE=340 -DSTRIDE_GT_1=0 -DNUM_IM_BLKS_EQ_1=0 -DUSE_IM_OFF_GUARD=1"
MIOpen(HIP): Info2 [run] kernel_name = Im2d2Col_v2, global_work_dim = { 2097152, 1, 1 }, local_work_dim = { 256, 1, 1 }
MIOpen(HIP): Info2 [CallGemm] gemm_desc: {isColMajor 0, transA 0, transB 0, m 64, n 16384, k 1152, lda 1152, ldb 16384, ldc 16384, batch_count 1, strideA 0, strideB 0, strideC 0, alpha 1, beta 0, dataType half, a_cast_type half, b_cast_type half} 
MIOpen(HIP): Info2 [CallGemm] rocBLAS
MIOpen(HIP): Info2 [GetKernels] 0 kernels for key: miopenIm2d2Col "c128i128_128w3_3p1_1s1_1d1_1t0"
MIOpen(HIP): Info2 [AddKernel] Key: miopenIm2d2Col "c128i128_128w3_3p1_1s1_1d1_1t0 -DLOCAL_MEM_SIZE=340 -DSTRIDE_GT_1=0 -DNUM_IM_BLKS_EQ_1=0 -DUSE_IM_OFF_GUARD=1"
MIOpen(HIP): Info2 [run] kernel_name = Im2d2Col_v2, global_work_dim = { 2097152, 1, 1 }, local_work_dim = { 256, 1, 1 }
MIOpen(HIP): Info2 [CallGemm] gemm_desc: {isColMajor 0, transA 0, transB 0, m 64, n 16384, k 1152, lda 1152, ldb 16384, ldc 16384, batch_count 1, strideA 0, strideB 0, strideC 0, alpha 1, beta 0, dataType half, a_cast_type half, b_cast_type half} 
MIOpen(HIP): Info2 [CallGemm] rocBLAS
MIOpen(HIP): Info2 [GetKernels] 0 kernels for key: miopenIm2d2Col "c128i128_128w3_3p1_1s1_1d1_1t0"
MIOpen(HIP): Info2 [AddKernel] Key: miopenIm2d2Col "c128i128_128w3_3p1_1s1_1d1_1t0 -DLOCAL_MEM_SIZE=340 -DSTRIDE_GT_1=0 -DNUM_IM_BLKS_EQ_1=0 -DUSE_IM_OFF_GUARD=1"
MIOpen(HIP): Info2 [run] kernel_name = Im2d2Col_v2, global_work_dim = { 2097152, 1, 1 }, local_work_dim = { 256, 1, 1 }
MIOpen(HIP): Info2 [CallGemm] gemm_desc: {isColMajor 0, transA 0, transB 0, m 64, n 16384, k 1152, lda 1152, ldb 16384, ldc 16384, batch_count 1, strideA 0, strideB 0, strideC 0, alpha 1, beta 0, dataType half, a_cast_type half, b_cast_type half} 
MIOpen(HIP): Info2 [CallGemm] rocBLAS
MIOpen(HIP): Info2 [GetKernels] 0 kernels for key: miopenIm2d2Col "c128i128_128w3_3p1_1s1_1d1_1t0"
MIOpen(HIP): Info2 [AddKernel] Key: miopenIm2d2Col "c128i128_128w3_3p1_1s1_1d1_1t0 -DLOCAL_MEM_SIZE=340 -DSTRIDE_GT_1=0 -DNUM_IM_BLKS_EQ_1=0 -DUSE_IM_OFF_GUARD=1"
MIOpen(HIP): Info2 [run] kernel_name = Im2d2Col_v2, global_work_dim = { 2097152, 1, 1 }, local_work_dim = { 256, 1, 1 }
MIOpen(HIP): Info2 [CallGemm] gemm_desc: {isColMajor 0, transA 0, transB 0, m 64, n 16384, k 1152, lda 1152, ldb 16384, ldc 16384, batch_count 1, strideA 0, strideB 0, strideC 0, alpha 1, beta 0, dataType half, a_cast_type half, b_cast_type half} 
MIOpen(HIP): Info2 [CallGemm] rocBLAS
MIOpen(HIP): Info2 [GetKernels] 0 kernels for key: miopenIm2d2Col "c128i128_128w3_3p1_1s1_1d1_1t0"
MIOpen(HIP): Info2 [AddKernel] Key: miopenIm2d2Col "c128i128_128w3_3p1_1s1_1d1_1t0 -DLOCAL_MEM_SIZE=340 -DSTRIDE_GT_1=0 -DNUM_IM_BLKS_EQ_1=0 -DUSE_IM_OFF_GUARD=1"
MIOpen(HIP): Info2 [run] kernel_name = Im2d2Col_v2, global_work_dim = { 2097152, 1, 1 }, local_work_dim = { 256, 1, 1 }
MIOpen(HIP): Info2 [CallGemm] gemm_desc: {isColMajor 0, transA 0, transB 0, m 64, n 16384, k 1152, lda 1152, ldb 16384, ldc 16384, batch_count 1, strideA 0, strideB 0, strideC 0, alpha 1, beta 0, dataType half, a_cast_type half, b_cast_type half} 
MIOpen(HIP): Info2 [CallGemm] rocBLAS
MIOpen(HIP): Info2 [GetKernels] 0 kernels for key: miopenIm2d2Col "c128i128_128w3_3p1_1s1_1d1_1t0"
MIOpen(HIP): Info2 [AddKernel] Key: miopenIm2d2Col "c128i128_128w3_3p1_1s1_1d1_1t0 -DLOCAL_MEM_SIZE=340 -DSTRIDE_GT_1=0 -DNUM_IM_BLKS_EQ_1=0 -DUSE_IM_OFF_GUARD=1"
MIOpen(HIP): Info2 [run] kernel_name = Im2d2Col_v2, global_work_dim = { 2097152, 1, 1 }, local_work_dim = { 256, 1, 1 }
MIOpen(HIP): Info2 [CallGemm] gemm_desc: {isColMajor 0, transA 0, transB 0, m 64, n 16384, k 1152, lda 1152, ldb 16384, ldc 16384, batch_count 1, strideA 0, strideB 0, strideC 0, alpha 1, beta 0, dataType half, a_cast_type half, b_cast_type half} 
MIOpen(HIP): Info2 [CallGemm] rocBLAS
MIOpen(HIP): Info2 [GetKernels] 0 kernels for key: miopenIm2d2Col "c128i128_128w3_3p1_1s1_1d1_1t0"
MIOpen(HIP): Info2 [AddKernel] Key: miopenIm2d2Col "c128i128_128w3_3p1_1s1_1d1_1t0 -DLOCAL_MEM_SIZE=340 -DSTRIDE_GT_1=0 -DNUM_IM_BLKS_EQ_1=0 -DUSE_IM_OFF_GUARD=1"
MIOpen(HIP): Info2 [run] kernel_name = Im2d2Col_v2, global_work_dim = { 2097152, 1, 1 }, local_work_dim = { 256, 1, 1 }
MIOpen(HIP): Info2 [CallGemm] gemm_desc: {isColMajor 0, transA 0, transB 0, m 64, n 16384, k 1152, lda 1152, ldb 16384, ldc 16384, batch_count 1, strideA 0, strideB 0, strideC 0, alpha 1, beta 0, dataType half, a_cast_type half, b_cast_type half} 
MIOpen(HIP): Info2 [CallGemm] rocBLAS
MIOpen(HIP): Info2 [GetKernels] 0 kernels for key: miopenIm2d2Col "c128i128_128w3_3p1_1s1_1d1_1t0"
MIOpen(HIP): Info2 [AddKernel] Key: miopenIm2d2Col "c128i128_128w3_3p1_1s1_1d1_1t0 -DLOCAL_MEM_SIZE=340 -DSTRIDE_GT_1=0 -DNUM_IM_BLKS_EQ_1=0 -DUSE_IM_OFF_GUARD=1"
MIOpen(HIP): Info2 [run] kernel_name = Im2d2Col_v2, global_work_dim = { 2097152, 1, 1 }, local_work_dim = { 256, 1, 1 }
MIOpen(HIP): Info2 [CallGemm] gemm_desc: {isColMajor 0, transA 0, transB 0, m 64, n 16384, k 1152, lda 1152, ldb 16384, ldc 16384, batch_count 1, strideA 0, strideB 0, strideC 0, alpha 1, beta 0, dataType half, a_cast_type half, b_cast_type half} 
MIOpen(HIP): Info2 [CallGemm] rocBLAS
MIOpen(HIP): Info2 [GetKernels] 0 kernels for key: miopenIm2d2Col "c128i128_128w3_3p1_1s1_1d1_1t0"
MIOpen(HIP): Info2 [AddKernel] Key: miopenIm2d2Col "c128i128_128w3_3p1_1s1_1d1_1t0 -DLOCAL_MEM_SIZE=340 -DSTRIDE_GT_1=0 -DNUM_IM_BLKS_EQ_1=0 -DUSE_IM_OFF_GUARD=1"
MIOpen(HIP): Info2 [run] kernel_name = Im2d2Col_v2, global_work_dim = { 2097152, 1, 1 }, local_work_dim = { 256, 1, 1 }
MIOpen(HIP): Info2 [CallGemm] gemm_desc: {isColMajor 0, transA 0, transB 0, m 64, n 16384, k 1152, lda 1152, ldb 16384, ldc 16384, batch_count 1, strideA 0, strideB 0, strideC 0, alpha 1, beta 0, dataType half, a_cast_type half, b_cast_type half} 
MIOpen(HIP): Info2 [CallGemm] rocBLAS
MIOpen(HIP): Info2 [GetKernels] 0 kernels for key: miopenIm2d2Col "c128i128_128w3_3p1_1s1_1d1_1t0"
MIOpen(HIP): Info2 [AddKernel] Key: miopenIm2d2Col "c128i128_128w3_3p1_1s1_1d1_1t0 -DLOCAL_MEM_SIZE=340 -DSTRIDE_GT_1=0 -DNUM_IM_BLKS_EQ_1=0 -DUSE_IM_OFF_GUARD=1"
MIOpen(HIP): Info2 [run] kernel_name = Im2d2Col_v2, global_work_dim = { 2097152, 1, 1 }, local_work_dim = { 256, 1, 1 }
MIOpen(HIP): Info2 [CallGemm] gemm_desc: {isColMajor 0, transA 0, transB 0, m 64, n 16384, k 1152, lda 1152, ldb 16384, ldc 16384, batch_count 1, strideA 0, strideB 0, strideC 0, alpha 1, beta 0, dataType half, a_cast_type half, b_cast_type half} 
MIOpen(HIP): Info2 [CallGemm] rocBLAS
MIOpen(HIP): Info2 [GetKernels] 0 kernels for key: miopenIm2d2Col "c128i128_128w3_3p1_1s1_1d1_1t0"
MIOpen(HIP): Info2 [AddKernel] Key: miopenIm2d2Col "c128i128_128w3_3p1_1s1_1d1_1t0 -DLOCAL_MEM_SIZE=340 -DSTRIDE_GT_1=0 -DNUM_IM_BLKS_EQ_1=0 -DUSE_IM_OFF_GUARD=1"
MIOpen(HIP): Info2 [run] kernel_name = Im2d2Col_v2, global_work_dim = { 2097152, 1, 1 }, local_work_dim = { 256, 1, 1 }
MIOpen(HIP): Info2 [CallGemm] gemm_desc: {isColMajor 0, transA 0, transB 0, m 64, n 16384, k 1152, lda 1152, ldb 16384, ldc 16384, batch_count 1, strideA 0, strideB 0, strideC 0, alpha 1, beta 0, dataType half, a_cast_type half, b_cast_type half} 
MIOpen(HIP): Info2 [CallGemm] rocBLAS
MIOpen(HIP): Info2 [GetKernels] 0 kernels for key: miopenIm2d2Col "c128i128_128w3_3p1_1s1_1d1_1t0"
MIOpen(HIP): Info2 [AddKernel] Key: miopenIm2d2Col "c128i128_128w3_3p1_1s1_1d1_1t0 -DLOCAL_MEM_SIZE=340 -DSTRIDE_GT_1=0 -DNUM_IM_BLKS_EQ_1=0 -DUSE_IM_OFF_GUARD=1"
MIOpen(HIP): Info2 [run] kernel_name = Im2d2Col_v2, global_work_dim = { 2097152, 1, 1 }, local_work_dim = { 256, 1, 1 }
MIOpen(HIP): Info2 [CallGemm] gemm_desc: {isColMajor 0, transA 0, transB 0, m 64, n 16384, k 1152, lda 1152, ldb 16384, ldc 16384, batch_count 1, strideA 0, strideB 0, strideC 0, alpha 1, beta 0, dataType half, a_cast_type half, b_cast_type half} 
MIOpen(HIP): Info2 [CallGemm] rocBLAS
MIOpen(HIP): Info2 [GetKernels] 0 kernels for key: miopenIm2d2Col "c128i128_128w3_3p1_1s1_1d1_1t0"
MIOpen(HIP): Info2 [AddKernel] Key: miopenIm2d2Col "c128i128_128w3_3p1_1s1_1d1_1t0 -DLOCAL_MEM_SIZE=340 -DSTRIDE_GT_1=0 -DNUM_IM_BLKS_EQ_1=0 -DUSE_IM_OFF_GUARD=1"
MIOpen(HIP): Info2 [run] kernel_name = Im2d2Col_v2, global_work_dim = { 2097152, 1, 1 }, local_work_dim = { 256, 1, 1 }
MIOpen(HIP): Info2 [CallGemm] gemm_desc: {isColMajor 0, transA 0, transB 0, m 64, n 16384, k 1152, lda 1152, ldb 16384, ldc 16384, batch_count 1, strideA 0, strideB 0, strideC 0, alpha 1, beta 0, dataType half, a_cast_type half, b_cast_type half} 
MIOpen(HIP): Info2 [CallGemm] rocBLAS
MIOpen(HIP): Info2 [GetKernels] 0 kernels for key: miopenIm2d2Col "c128i128_128w3_3p1_1s1_1d1_1t0"
MIOpen(HIP): Info2 [AddKernel] Key: miopenIm2d2Col "c128i128_128w3_3p1_1s1_1d1_1t0 -DLOCAL_MEM_SIZE=340 -DSTRIDE_GT_1=0 -DNUM_IM_BLKS_EQ_1=0 -DUSE_IM_OFF_GUARD=1"
MIOpen(HIP): Info2 [run] kernel_name = Im2d2Col_v2, global_work_dim = { 2097152, 1, 1 }, local_work_dim = { 256, 1, 1 }
MIOpen(HIP): Info2 [CallGemm] gemm_desc: {isColMajor 0, transA 0, transB 0, m 64, n 16384, k 1152, lda 1152, ldb 16384, ldc 16384, batch_count 1, strideA 0, strideB 0, strideC 0, alpha 1, beta 0, dataType half, a_cast_type half, b_cast_type half} 
MIOpen(HIP): Info2 [CallGemm] rocBLAS
MIOpen(HIP): Info2 [GetKernels] 0 kernels for key: miopenIm2d2Col "c128i128_128w3_3p1_1s1_1d1_1t0"
MIOpen(HIP): Info2 [AddKernel] Key: miopenIm2d2Col "c128i128_128w3_3p1_1s1_1d1_1t0 -DLOCAL_MEM_SIZE=340 -DSTRIDE_GT_1=0 -DNUM_IM_BLKS_EQ_1=0 -DUSE_IM_OFF_GUARD=1"
MIOpen(HIP): Info2 [run] kernel_name = Im2d2Col_v2, global_work_dim = { 2097152, 1, 1 }, local_work_dim = { 256, 1, 1 }
MIOpen(HIP): Info2 [CallGemm] gemm_desc: {isColMajor 0, transA 0, transB 0, m 64, n 16384, k 1152, lda 1152, ldb 16384, ldc 16384, batch_count 1, strideA 0, strideB 0, strideC 0, alpha 1, beta 0, dataType half, a_cast_type half, b_cast_type half} 
MIOpen(HIP): Info2 [CallGemm] rocBLAS
MIOpen(HIP): Info2 [GetKernels] 0 kernels for key: miopenIm2d2Col "c128i128_128w3_3p1_1s1_1d1_1t0"
MIOpen(HIP): Info2 [AddKernel] Key: miopenIm2d2Col "c128i128_128w3_3p1_1s1_1d1_1t0 -DLOCAL_MEM_SIZE=340 -DSTRIDE_GT_1=0 -DNUM_IM_BLKS_EQ_1=0 -DUSE_IM_OFF_GUARD=1"
MIOpen(HIP): Info2 [run] kernel_name = Im2d2Col_v2, global_work_dim = { 2097152, 1, 1 }, local_work_dim = { 256, 1, 1 }
MIOpen(HIP): Info2 [CallGemm] gemm_desc: {isColMajor 0, transA 0, transB 0, m 64, n 16384, k 1152, lda 1152, ldb 16384, ldc 16384, batch_count 1, strideA 0, strideB 0, strideC 0, alpha 1, beta 0, dataType half, a_cast_type half, b_cast_type half} 
MIOpen(HIP): Info2 [CallGemm] rocBLAS
MIOpen(HIP): Info2 [GetKernels] 0 kernels for key: miopenIm2d2Col "c128i128_128w3_3p1_1s1_1d1_1t0"
MIOpen(HIP): Info2 [AddKernel] Key: miopenIm2d2Col "c128i128_128w3_3p1_1s1_1d1_1t0 -DLOCAL_MEM_SIZE=340 -DSTRIDE_GT_1=0 -DNUM_IM_BLKS_EQ_1=0 -DUSE_IM_OFF_GUARD=1"
MIOpen(HIP): Info2 [run] kernel_name = Im2d2Col_v2, global_work_dim = { 2097152, 1, 1 }, local_work_dim = { 256, 1, 1 }
MIOpen(HIP): Info2 [CallGemm] gemm_desc: {isColMajor 0, transA 0, transB 0, m 64, n 16384, k 1152, lda 1152, ldb 16384, ldc 16384, batch_count 1, strideA 0, strideB 0, strideC 0, alpha 1, beta 0, dataType half, a_cast_type half, b_cast_type half} 
MIOpen(HIP): Info2 [CallGemm] rocBLAS
MIOpen(HIP): Info2 [GetKernels] 0 kernels for key: miopenIm2d2Col "c128i128_128w3_3p1_1s1_1d1_1t0"
MIOpen(HIP): Info2 [AddKernel] Key: miopenIm2d2Col "c128i128_128w3_3p1_1s1_1d1_1t0 -DLOCAL_MEM_SIZE=340 -DSTRIDE_GT_1=0 -DNUM_IM_BLKS_EQ_1=0 -DUSE_IM_OFF_GUARD=1"
MIOpen(HIP): Info2 [run] kernel_name = Im2d2Col_v2, global_work_dim = { 2097152, 1, 1 }, local_work_dim = { 256, 1, 1 }
MIOpen(HIP): Info2 [CallGemm] gemm_desc: {isColMajor 0, transA 0, transB 0, m 64, n 16384, k 1152, lda 1152, ldb 16384, ldc 16384, batch_count 1, strideA 0, strideB 0, strideC 0, alpha 1, beta 0, dataType half, a_cast_type half, b_cast_type half} 
MIOpen(HIP): Info2 [CallGemm] rocBLAS
MIOpen(HIP): Info2 [GetKernels] 0 kernels for key: miopenIm2d2Col "c128i128_128w3_3p1_1s1_1d1_1t0"
MIOpen(HIP): Info2 [AddKernel] Key: miopenIm2d2Col "c128i128_128w3_3p1_1s1_1d1_1t0 -DLOCAL_MEM_SIZE=340 -DSTRIDE_GT_1=0 -DNUM_IM_BLKS_EQ_1=0 -DUSE_IM_OFF_GUARD=1"
MIOpen(HIP): Info2 [run] kernel_name = Im2d2Col_v2, global_work_dim = { 2097152, 1, 1 }, local_work_dim = { 256, 1, 1 }
MIOpen(HIP): Info2 [CallGemm] gemm_desc: {isColMajor 0, transA 0, transB 0, m 64, n 16384, k 1152, lda 1152, ldb 16384, ldc 16384, batch_count 1, strideA 0, strideB 0, strideC 0, alpha 1, beta 0, dataType half, a_cast_type half, b_cast_type half} 
MIOpen(HIP): Info2 [CallGemm] rocBLAS
MIOpen(HIP): Info2 [GetKernels] 0 kernels for key: miopenIm2d2Col "c128i128_128w3_3p1_1s1_1d1_1t0"
MIOpen(HIP): Info2 [AddKernel] Key: miopenIm2d2Col "c128i128_128w3_3p1_1s1_1d1_1t0 -DLOCAL_MEM_SIZE=340 -DSTRIDE_GT_1=0 -DNUM_IM_BLKS_EQ_1=0 -DUSE_IM_OFF_GUARD=1"
MIOpen(HIP): Info2 [run] kernel_name = Im2d2Col_v2, global_work_dim = { 2097152, 1, 1 }, local_work_dim = { 256, 1, 1 }
MIOpen(HIP): Info2 [CallGemm] gemm_desc: {isColMajor 0, transA 0, transB 0, m 64, n 16384, k 1152, lda 1152, ldb 16384, ldc 16384, batch_count 1, strideA 0, strideB 0, strideC 0, alpha 1, beta 0, dataType half, a_cast_type half, b_cast_type half} 
MIOpen(HIP): Info2 [CallGemm] rocBLAS
MIOpen(HIP): Info2 [GetKernels] 0 kernels for key: miopenIm2d2Col "c128i128_128w3_3p1_1s1_1d1_1t0"
MIOpen(HIP): Info2 [AddKernel] Key: miopenIm2d2Col "c128i128_128w3_3p1_1s1_1d1_1t0 -DLOCAL_MEM_SIZE=340 -DSTRIDE_GT_1=0 -DNUM_IM_BLKS_EQ_1=0 -DUSE_IM_OFF_GUARD=1"
MIOpen(HIP): Info2 [run] kernel_name = Im2d2Col_v2, global_work_dim = { 2097152, 1, 1 }, local_work_dim = { 256, 1, 1 }
MIOpen(HIP): Info2 [CallGemm] gemm_desc: {isColMajor 0, transA 0, transB 0, m 64, n 16384, k 1152, lda 1152, ldb 16384, ldc 16384, batch_count 1, strideA 0, strideB 0, strideC 0, alpha 1, beta 0, dataType half, a_cast_type half, b_cast_type half} 
MIOpen(HIP): Info2 [CallGemm] rocBLAS
MIOpen(HIP): Info2 [GetKernels] 0 kernels for key: miopenIm2d2Col "c128i128_128w3_3p1_1s1_1d1_1t0"
MIOpen(HIP): Info2 [AddKernel] Key: miopenIm2d2Col "c128i128_128w3_3p1_1s1_1d1_1t0 -DLOCAL_MEM_SIZE=340 -DSTRIDE_GT_1=0 -DNUM_IM_BLKS_EQ_1=0 -DUSE_IM_OFF_GUARD=1"
MIOpen(HIP): Info2 [run] kernel_name = Im2d2Col_v2, global_work_dim = { 2097152, 1, 1 }, local_work_dim = { 256, 1, 1 }
MIOpen(HIP): Info2 [CallGemm] gemm_desc: {isColMajor 0, transA 0, transB 0, m 64, n 16384, k 1152, lda 1152, ldb 16384, ldc 16384, batch_count 1, strideA 0, strideB 0, strideC 0, alpha 1, beta 0, dataType half, a_cast_type half, b_cast_type half} 
MIOpen(HIP): Info2 [CallGemm] rocBLAS
MIOpen(HIP): Info2 [GetKernels] 0 kernels for key: miopenIm2d2Col "c128i128_128w3_3p1_1s1_1d1_1t0"
MIOpen(HIP): Info2 [AddKernel] Key: miopenIm2d2Col "c128i128_128w3_3p1_1s1_1d1_1t0 -DLOCAL_MEM_SIZE=340 -DSTRIDE_GT_1=0 -DNUM_IM_BLKS_EQ_1=0 -DUSE_IM_OFF_GUARD=1"
MIOpen(HIP): Info2 [run] kernel_name = Im2d2Col_v2, global_work_dim = { 2097152, 1, 1 }, local_work_dim = { 256, 1, 1 }
MIOpen(HIP): Info2 [CallGemm] gemm_desc: {isColMajor 0, transA 0, transB 0, m 64, n 16384, k 1152, lda 1152, ldb 16384, ldc 16384, batch_count 1, strideA 0, strideB 0, strideC 0, alpha 1, beta 0, dataType half, a_cast_type half, b_cast_type half} 
MIOpen(HIP): Info2 [CallGemm] rocBLAS
MIOpen(HIP): Info2 [GetKernels] 0 kernels for key: miopenIm2d2Col "c128i128_128w3_3p1_1s1_1d1_1t0"
MIOpen(HIP): Info2 [AddKernel] Key: miopenIm2d2Col "c128i128_128w3_3p1_1s1_1d1_1t0 -DLOCAL_MEM_SIZE=340 -DSTRIDE_GT_1=0 -DNUM_IM_BLKS_EQ_1=0 -DUSE_IM_OFF_GUARD=1"
MIOpen(HIP): Info2 [run] kernel_name = Im2d2Col_v2, global_work_dim = { 2097152, 1, 1 }, local_work_dim = { 256, 1, 1 }
MIOpen(HIP): Info2 [CallGemm] gemm_desc: {isColMajor 0, transA 0, transB 0, m 64, n 16384, k 1152, lda 1152, ldb 16384, ldc 16384, batch_count 1, strideA 0, strideB 0, strideC 0, alpha 1, beta 0, dataType half, a_cast_type half, b_cast_type half} 
MIOpen(HIP): Info2 [CallGemm] rocBLAS
MIOpen(HIP): Info2 [GetKernels] 0 kernels for key: miopenIm2d2Col "c128i128_128w3_3p1_1s1_1d1_1t0"
MIOpen(HIP): Info2 [AddKernel] Key: miopenIm2d2Col "c128i128_128w3_3p1_1s1_1d1_1t0 -DLOCAL_MEM_SIZE=340 -DSTRIDE_GT_1=0 -DNUM_IM_BLKS_EQ_1=0 -DUSE_IM_OFF_GUARD=1"
MIOpen(HIP): Info2 [run] kernel_name = Im2d2Col_v2, global_work_dim = { 2097152, 1, 1 }, local_work_dim = { 256, 1, 1 }
MIOpen(HIP): Info2 [CallGemm] gemm_desc: {isColMajor 0, transA 0, transB 0, m 64, n 16384, k 1152, lda 1152, ldb 16384, ldc 16384, batch_count 1, strideA 0, strideB 0, strideC 0, alpha 1, beta 0, dataType half, a_cast_type half, b_cast_type half} 
MIOpen(HIP): Info2 [CallGemm] rocBLAS
MIOpen(HIP): Info2 [GetKernels] 0 kernels for key: miopenIm2d2Col "c128i128_128w3_3p1_1s1_1d1_1t0"
MIOpen(HIP): Info2 [AddKernel] Key: miopenIm2d2Col "c128i128_128w3_3p1_1s1_1d1_1t0 -DLOCAL_MEM_SIZE=340 -DSTRIDE_GT_1=0 -DNUM_IM_BLKS_EQ_1=0 -DUSE_IM_OFF_GUARD=1"
MIOpen(HIP): Info2 [run] kernel_name = Im2d2Col_v2, global_work_dim = { 2097152, 1, 1 }, local_work_dim = { 256, 1, 1 }
MIOpen(HIP): Info2 [CallGemm] gemm_desc: {isColMajor 0, transA 0, transB 0, m 64, n 16384, k 1152, lda 1152, ldb 16384, ldc 16384, batch_count 1, strideA 0, strideB 0, strideC 0, alpha 1, beta 0, dataType half, a_cast_type half, b_cast_type half} 
MIOpen(HIP): Info2 [CallGemm] rocBLAS
MIOpen(HIP): Info2 [GetKernels] 0 kernels for key: miopenIm2d2Col "c128i128_128w3_3p1_1s1_1d1_1t0"
MIOpen(HIP): Info2 [AddKernel] Key: miopenIm2d2Col "c128i128_128w3_3p1_1s1_1d1_1t0 -DLOCAL_MEM_SIZE=340 -DSTRIDE_GT_1=0 -DNUM_IM_BLKS_EQ_1=0 -DUSE_IM_OFF_GUARD=1"
MIOpen(HIP): Info2 [run] kernel_name = Im2d2Col_v2, global_work_dim = { 2097152, 1, 1 }, local_work_dim = { 256, 1, 1 }
MIOpen(HIP): Info2 [CallGemm] gemm_desc: {isColMajor 0, transA 0, transB 0, m 64, n 16384, k 1152, lda 1152, ldb 16384, ldc 16384, batch_count 1, strideA 0, strideB 0, strideC 0, alpha 1, beta 0, dataType half, a_cast_type half, b_cast_type half} 
MIOpen(HIP): Info2 [CallGemm] rocBLAS
MIOpen(HIP): Info2 [GetKernels] 0 kernels for key: miopenIm2d2Col "c128i128_128w3_3p1_1s1_1d1_1t0"
MIOpen(HIP): Info2 [AddKernel] Key: miopenIm2d2Col "c128i128_128w3_3p1_1s1_1d1_1t0 -DLOCAL_MEM_SIZE=340 -DSTRIDE_GT_1=0 -DNUM_IM_BLKS_EQ_1=0 -DUSE_IM_OFF_GUARD=1"
MIOpen(HIP): Info2 [run] kernel_name = Im2d2Col_v2, global_work_dim = { 2097152, 1, 1 }, local_work_dim = { 256, 1, 1 }
MIOpen(HIP): Info2 [CallGemm] gemm_desc: {isColMajor 0, transA 0, transB 0, m 64, n 16384, k 1152, lda 1152, ldb 16384, ldc 16384, batch_count 1, strideA 0, strideB 0, strideC 0, alpha 1, beta 0, dataType half, a_cast_type half, b_cast_type half} 
MIOpen(HIP): Info2 [CallGemm] rocBLAS
MIOpen(HIP): Info2 [GetKernels] 0 kernels for key: miopenIm2d2Col "c128i128_128w3_3p1_1s1_1d1_1t0"
MIOpen(HIP): Info2 [AddKernel] Key: miopenIm2d2Col "c128i128_128w3_3p1_1s1_1d1_1t0 -DLOCAL_MEM_SIZE=340 -DSTRIDE_GT_1=0 -DNUM_IM_BLKS_EQ_1=0 -DUSE_IM_OFF_GUARD=1"
MIOpen(HIP): Info2 [run] kernel_name = Im2d2Col_v2, global_work_dim = { 2097152, 1, 1 }, local_work_dim = { 256, 1, 1 }
MIOpen(HIP): Info2 [CallGemm] gemm_desc: {isColMajor 0, transA 0, transB 0, m 64, n 16384, k 1152, lda 1152, ldb 16384, ldc 16384, batch_count 1, strideA 0, strideB 0, strideC 0, alpha 1, beta 0, dataType half, a_cast_type half, b_cast_type half} 
MIOpen(HIP): Info2 [CallGemm] rocBLAS
MIOpen(HIP): Info2 [GetKernels] 0 kernels for key: miopenIm2d2Col "c128i128_128w3_3p1_1s1_1d1_1t0"
MIOpen(HIP): Info2 [AddKernel] Key: miopenIm2d2Col "c128i128_128w3_3p1_1s1_1d1_1t0 -DLOCAL_MEM_SIZE=340 -DSTRIDE_GT_1=0 -DNUM_IM_BLKS_EQ_1=0 -DUSE_IM_OFF_GUARD=1"
MIOpen(HIP): Info2 [run] kernel_name = Im2d2Col_v2, global_work_dim = { 2097152, 1, 1 }, local_work_dim = { 256, 1, 1 }
MIOpen(HIP): Info2 [CallGemm] gemm_desc: {isColMajor 0, transA 0, transB 0, m 64, n 16384, k 1152, lda 1152, ldb 16384, ldc 16384, batch_count 1, strideA 0, strideB 0, strideC 0, alpha 1, beta 0, dataType half, a_cast_type half, b_cast_type half} 
MIOpen(HIP): Info2 [CallGemm] rocBLAS
MIOpen(HIP): Info2 [GetKernels] 0 kernels for key: miopenIm2d2Col "c128i128_128w3_3p1_1s1_1d1_1t0"
MIOpen(HIP): Info2 [AddKernel] Key: miopenIm2d2Col "c128i128_128w3_3p1_1s1_1d1_1t0 -DLOCAL_MEM_SIZE=340 -DSTRIDE_GT_1=0 -DNUM_IM_BLKS_EQ_1=0 -DUSE_IM_OFF_GUARD=1"
MIOpen(HIP): Info2 [run] kernel_name = Im2d2Col_v2, global_work_dim = { 2097152, 1, 1 }, local_work_dim = { 256, 1, 1 }
MIOpen(HIP): Info2 [CallGemm] gemm_desc: {isColMajor 0, transA 0, transB 0, m 64, n 16384, k 1152, lda 1152, ldb 16384, ldc 16384, batch_count 1, strideA 0, strideB 0, strideC 0, alpha 1, beta 0, dataType half, a_cast_type half, b_cast_type half} 
MIOpen(HIP): Info2 [CallGemm] rocBLAS
MIOpen(HIP): Info2 [GetKernels] 0 kernels for key: miopenIm2d2Col "c128i128_128w3_3p1_1s1_1d1_1t0"
MIOpen(HIP): Info2 [AddKernel] Key: miopenIm2d2Col "c128i128_128w3_3p1_1s1_1d1_1t0 -DLOCAL_MEM_SIZE=340 -DSTRIDE_GT_1=0 -DNUM_IM_BLKS_EQ_1=0 -DUSE_IM_OFF_GUARD=1"
MIOpen(HIP): Info2 [run] kernel_name = Im2d2Col_v2, global_work_dim = { 2097152, 1, 1 }, local_work_dim = { 256, 1, 1 }
MIOpen(HIP): Info2 [CallGemm] gemm_desc: {isColMajor 0, transA 0, transB 0, m 64, n 16384, k 1152, lda 1152, ldb 16384, ldc 16384, batch_count 1, strideA 0, strideB 0, strideC 0, alpha 1, beta 0, dataType half, a_cast_type half, b_cast_type half} 
MIOpen(HIP): Info2 [CallGemm] rocBLAS
MIOpen(HIP): Info2 [GetKernels] 0 kernels for key: miopenIm2d2Col "c128i128_128w3_3p1_1s1_1d1_1t0"
MIOpen(HIP): Info2 [AddKernel] Key: miopenIm2d2Col "c128i128_128w3_3p1_1s1_1d1_1t0 -DLOCAL_MEM_SIZE=340 -DSTRIDE_GT_1=0 -DNUM_IM_BLKS_EQ_1=0 -DUSE_IM_OFF_GUARD=1"
MIOpen(HIP): Info2 [run] kernel_name = Im2d2Col_v2, global_work_dim = { 2097152, 1, 1 }, local_work_dim = { 256, 1, 1 }
MIOpen(HIP): Info2 [CallGemm] gemm_desc: {isColMajor 0, transA 0, transB 0, m 64, n 16384, k 1152, lda 1152, ldb 16384, ldc 16384, batch_count 1, strideA 0, strideB 0, strideC 0, alpha 1, beta 0, dataType half, a_cast_type half, b_cast_type half} 
MIOpen(HIP): Info2 [CallGemm] rocBLAS
MIOpen(HIP): Info2 [GetKernels] 0 kernels for key: miopenIm2d2Col "c128i128_128w3_3p1_1s1_1d1_1t0"
MIOpen(HIP): Info2 [AddKernel] Key: miopenIm2d2Col "c128i128_128w3_3p1_1s1_1d1_1t0 -DLOCAL_MEM_SIZE=340 -DSTRIDE_GT_1=0 -DNUM_IM_BLKS_EQ_1=0 -DUSE_IM_OFF_GUARD=1"
MIOpen(HIP): Info2 [run] kernel_name = Im2d2Col_v2, global_work_dim = { 2097152, 1, 1 }, local_work_dim = { 256, 1, 1 }
MIOpen(HIP): Info2 [CallGemm] gemm_desc: {isColMajor 0, transA 0, transB 0, m 64, n 16384, k 1152, lda 1152, ldb 16384, ldc 16384, batch_count 1, strideA 0, strideB 0, strideC 0, alpha 1, beta 0, dataType half, a_cast_type half, b_cast_type half} 
MIOpen(HIP): Info2 [CallGemm] rocBLAS
MIOpen(HIP): Info2 [GetKernels] 0 kernels for key: miopenIm2d2Col "c128i128_128w3_3p1_1s1_1d1_1t0"
MIOpen(HIP): Info2 [AddKernel] Key: miopenIm2d2Col "c128i128_128w3_3p1_1s1_1d1_1t0 -DLOCAL_MEM_SIZE=340 -DSTRIDE_GT_1=0 -DNUM_IM_BLKS_EQ_1=0 -DUSE_IM_OFF_GUARD=1"
MIOpen(HIP): Info2 [run] kernel_name = Im2d2Col_v2, global_work_dim = { 2097152, 1, 1 }, local_work_dim = { 256, 1, 1 }
MIOpen(HIP): Info2 [CallGemm] gemm_desc: {isColMajor 0, transA 0, transB 0, m 64, n 16384, k 1152, lda 1152, ldb 16384, ldc 16384, batch_count 1, strideA 0, strideB 0, strideC 0, alpha 1, beta 0, dataType half, a_cast_type half, b_cast_type half} 
MIOpen(HIP): Info2 [CallGemm] rocBLAS
MIOpen(HIP): Info2 [GetKernels] 0 kernels for key: miopenIm2d2Col "c128i128_128w3_3p1_1s1_1d1_1t0"
MIOpen(HIP): Info2 [AddKernel] Key: miopenIm2d2Col "c128i128_128w3_3p1_1s1_1d1_1t0 -DLOCAL_MEM_SIZE=340 -DSTRIDE_GT_1=0 -DNUM_IM_BLKS_EQ_1=0 -DUSE_IM_OFF_GUARD=1"
MIOpen(HIP): Info2 [run] kernel_name = Im2d2Col_v2, global_work_dim = { 2097152, 1, 1 }, local_work_dim = { 256, 1, 1 }
MIOpen(HIP): Info2 [CallGemm] gemm_desc: {isColMajor 0, transA 0, transB 0, m 64, n 16384, k 1152, lda 1152, ldb 16384, ldc 16384, batch_count 1, strideA 0, strideB 0, strideC 0, alpha 1, beta 0, dataType half, a_cast_type half, b_cast_type half} 
MIOpen(HIP): Info2 [CallGemm] rocBLAS
MIOpen(HIP): Info2 [GetKernels] 0 kernels for key: miopenIm2d2Col "c128i128_128w3_3p1_1s1_1d1_1t0"
MIOpen(HIP): Info2 [AddKernel] Key: miopenIm2d2Col "c128i128_128w3_3p1_1s1_1d1_1t0 -DLOCAL_MEM_SIZE=340 -DSTRIDE_GT_1=0 -DNUM_IM_BLKS_EQ_1=0 -DUSE_IM_OFF_GUARD=1"
MIOpen(HIP): Info2 [run] kernel_name = Im2d2Col_v2, global_work_dim = { 2097152, 1, 1 }, local_work_dim = { 256, 1, 1 }
MIOpen(HIP): Info2 [CallGemm] gemm_desc: {isColMajor 0, transA 0, transB 0, m 64, n 16384, k 1152, lda 1152, ldb 16384, ldc 16384, batch_count 1, strideA 0, strideB 0, strideC 0, alpha 1, beta 0, dataType half, a_cast_type half, b_cast_type half} 
MIOpen(HIP): Info2 [CallGemm] rocBLAS
MIOpen(HIP): Info2 [GetKernels] 0 kernels for key: miopenIm2d2Col "c128i128_128w3_3p1_1s1_1d1_1t0"
MIOpen(HIP): Info2 [AddKernel] Key: miopenIm2d2Col "c128i128_128w3_3p1_1s1_1d1_1t0 -DLOCAL_MEM_SIZE=340 -DSTRIDE_GT_1=0 -DNUM_IM_BLKS_EQ_1=0 -DUSE_IM_OFF_GUARD=1"
MIOpen(HIP): Info2 [run] kernel_name = Im2d2Col_v2, global_work_dim = { 2097152, 1, 1 }, local_work_dim = { 256, 1, 1 }
MIOpen(HIP): Info2 [CallGemm] gemm_desc: {isColMajor 0, transA 0, transB 0, m 64, n 16384, k 1152, lda 1152, ldb 16384, ldc 16384, batch_count 1, strideA 0, strideB 0, strideC 0, alpha 1, beta 0, dataType half, a_cast_type half, b_cast_type half} 
MIOpen(HIP): Info2 [CallGemm] rocBLAS
MIOpen(HIP): Info2 [GetKernels] 0 kernels for key: miopenIm2d2Col "c128i128_128w3_3p1_1s1_1d1_1t0"
MIOpen(HIP): Info2 [AddKernel] Key: miopenIm2d2Col "c128i128_128w3_3p1_1s1_1d1_1t0 -DLOCAL_MEM_SIZE=340 -DSTRIDE_GT_1=0 -DNUM_IM_BLKS_EQ_1=0 -DUSE_IM_OFF_GUARD=1"
MIOpen(HIP): Info2 [run] kernel_name = Im2d2Col_v2, global_work_dim = { 2097152, 1, 1 }, local_work_dim = { 256, 1, 1 }
MIOpen(HIP): Info2 [CallGemm] gemm_desc: {isColMajor 0, transA 0, transB 0, m 64, n 16384, k 1152, lda 1152, ldb 16384, ldc 16384, batch_count 1, strideA 0, strideB 0, strideC 0, alpha 1, beta 0, dataType half, a_cast_type half, b_cast_type half} 
MIOpen(HIP): Info2 [CallGemm] rocBLAS
MIOpen(HIP): Info2 [GetKernels] 0 kernels for key: miopenIm2d2Col "c128i128_128w3_3p1_1s1_1d1_1t0"
MIOpen(HIP): Info2 [AddKernel] Key: miopenIm2d2Col "c128i128_128w3_3p1_1s1_1d1_1t0 -DLOCAL_MEM_SIZE=340 -DSTRIDE_GT_1=0 -DNUM_IM_BLKS_EQ_1=0 -DUSE_IM_OFF_GUARD=1"
MIOpen(HIP): Info2 [run] kernel_name = Im2d2Col_v2, global_work_dim = { 2097152, 1, 1 }, local_work_dim = { 256, 1, 1 }
MIOpen(HIP): Info2 [CallGemm] gemm_desc: {isColMajor 0, transA 0, transB 0, m 64, n 16384, k 1152, lda 1152, ldb 16384, ldc 16384, batch_count 1, strideA 0, strideB 0, strideC 0, alpha 1, beta 0, dataType half, a_cast_type half, b_cast_type half} 
MIOpen(HIP): Info2 [CallGemm] rocBLAS
MIOpen(HIP): Info2 [GetKernels] 0 kernels for key: miopenIm2d2Col "c128i128_128w3_3p1_1s1_1d1_1t0"
MIOpen(HIP): Info2 [AddKernel] Key: miopenIm2d2Col "c128i128_128w3_3p1_1s1_1d1_1t0 -DLOCAL_MEM_SIZE=340 -DSTRIDE_GT_1=0 -DNUM_IM_BLKS_EQ_1=0 -DUSE_IM_OFF_GUARD=1"
MIOpen(HIP): Info2 [run] kernel_name = Im2d2Col_v2, global_work_dim = { 2097152, 1, 1 }, local_work_dim = { 256, 1, 1 }
MIOpen(HIP): Info2 [CallGemm] gemm_desc: {isColMajor 0, transA 0, transB 0, m 64, n 16384, k 1152, lda 1152, ldb 16384, ldc 16384, batch_count 1, strideA 0, strideB 0, strideC 0, alpha 1, beta 0, dataType half, a_cast_type half, b_cast_type half} 
MIOpen(HIP): Info2 [CallGemm] rocBLAS
MIOpen(HIP): Info2 [GetKernels] 0 kernels for key: miopenIm2d2Col "c128i128_128w3_3p1_1s1_1d1_1t0"
MIOpen(HIP): Info2 [AddKernel] Key: miopenIm2d2Col "c128i128_128w3_3p1_1s1_1d1_1t0 -DLOCAL_MEM_SIZE=340 -DSTRIDE_GT_1=0 -DNUM_IM_BLKS_EQ_1=0 -DUSE_IM_OFF_GUARD=1"
MIOpen(HIP): Info2 [run] kernel_name = Im2d2Col_v2, global_work_dim = { 2097152, 1, 1 }, local_work_dim = { 256, 1, 1 }
MIOpen(HIP): Info2 [CallGemm] gemm_desc: {isColMajor 0, transA 0, transB 0, m 64, n 16384, k 1152, lda 1152, ldb 16384, ldc 16384, batch_count 1, strideA 0, strideB 0, strideC 0, alpha 1, beta 0, dataType half, a_cast_type half, b_cast_type half} 
MIOpen(HIP): Info2 [CallGemm] rocBLAS
MIOpen(HIP): Info2 [GetKernels] 0 kernels for key: miopenIm2d2Col "c128i128_128w3_3p1_1s1_1d1_1t0"
MIOpen(HIP): Info2 [AddKernel] Key: miopenIm2d2Col "c128i128_128w3_3p1_1s1_1d1_1t0 -DLOCAL_MEM_SIZE=340 -DSTRIDE_GT_1=0 -DNUM_IM_BLKS_EQ_1=0 -DUSE_IM_OFF_GUARD=1"
MIOpen(HIP): Info2 [run] kernel_name = Im2d2Col_v2, global_work_dim = { 2097152, 1, 1 }, local_work_dim = { 256, 1, 1 }
MIOpen(HIP): Info2 [CallGemm] gemm_desc: {isColMajor 0, transA 0, transB 0, m 64, n 16384, k 1152, lda 1152, ldb 16384, ldc 16384, batch_count 1, strideA 0, strideB 0, strideC 0, alpha 1, beta 0, dataType half, a_cast_type half, b_cast_type half} 
MIOpen(HIP): Info2 [CallGemm] rocBLAS
MIOpen(HIP): Info2 [GetKernels] 0 kernels for key: miopenIm2d2Col "c128i128_128w3_3p1_1s1_1d1_1t0"
MIOpen(HIP): Info2 [AddKernel] Key: miopenIm2d2Col "c128i128_128w3_3p1_1s1_1d1_1t0 -DLOCAL_MEM_SIZE=340 -DSTRIDE_GT_1=0 -DNUM_IM_BLKS_EQ_1=0 -DUSE_IM_OFF_GUARD=1"
MIOpen(HIP): Info2 [run] kernel_name = Im2d2Col_v2, global_work_dim = { 2097152, 1, 1 }, local_work_dim = { 256, 1, 1 }
MIOpen(HIP): Info2 [CallGemm] gemm_desc: {isColMajor 0, transA 0, transB 0, m 64, n 16384, k 1152, lda 1152, ldb 16384, ldc 16384, batch_count 1, strideA 0, strideB 0, strideC 0, alpha 1, beta 0, dataType half, a_cast_type half, b_cast_type half} 
MIOpen(HIP): Info2 [CallGemm] rocBLAS
MIOpen(HIP): Info2 [GetKernels] 0 kernels for key: miopenIm2d2Col "c128i128_128w3_3p1_1s1_1d1_1t0"
MIOpen(HIP): Info2 [AddKernel] Key: miopenIm2d2Col "c128i128_128w3_3p1_1s1_1d1_1t0 -DLOCAL_MEM_SIZE=340 -DSTRIDE_GT_1=0 -DNUM_IM_BLKS_EQ_1=0 -DUSE_IM_OFF_GUARD=1"
MIOpen(HIP): Info2 [run] kernel_name = Im2d2Col_v2, global_work_dim = { 2097152, 1, 1 }, local_work_dim = { 256, 1, 1 }
MIOpen(HIP): Info2 [CallGemm] gemm_desc: {isColMajor 0, transA 0, transB 0, m 64, n 16384, k 1152, lda 1152, ldb 16384, ldc 16384, batch_count 1, strideA 0, strideB 0, strideC 0, alpha 1, beta 0, dataType half, a_cast_type half, b_cast_type half} 
MIOpen(HIP): Info2 [CallGemm] rocBLAS
MIOpen(HIP): Info2 [GetKernels] 0 kernels for key: miopenIm2d2Col "c128i128_128w3_3p1_1s1_1d1_1t0"
MIOpen(HIP): Info2 [AddKernel] Key: miopenIm2d2Col "c128i128_128w3_3p1_1s1_1d1_1t0 -DLOCAL_MEM_SIZE=340 -DSTRIDE_GT_1=0 -DNUM_IM_BLKS_EQ_1=0 -DUSE_IM_OFF_GUARD=1"
MIOpen(HIP): Info2 [run] kernel_name = Im2d2Col_v2, global_work_dim = { 2097152, 1, 1 }, local_work_dim = { 256, 1, 1 }
MIOpen(HIP): Info2 [CallGemm] gemm_desc: {isColMajor 0, transA 0, transB 0, m 64, n 16384, k 1152, lda 1152, ldb 16384, ldc 16384, batch_count 1, strideA 0, strideB 0, strideC 0, alpha 1, beta 0, dataType half, a_cast_type half, b_cast_type half} 
MIOpen(HIP): Info2 [CallGemm] rocBLAS
MIOpen(HIP): Info2 [GetKernels] 0 kernels for key: miopenIm2d2Col "c128i128_128w3_3p1_1s1_1d1_1t0"
MIOpen(HIP): Info2 [AddKernel] Key: miopenIm2d2Col "c128i128_128w3_3p1_1s1_1d1_1t0 -DLOCAL_MEM_SIZE=340 -DSTRIDE_GT_1=0 -DNUM_IM_BLKS_EQ_1=0 -DUSE_IM_OFF_GUARD=1"
MIOpen(HIP): Info2 [run] kernel_name = Im2d2Col_v2, global_work_dim = { 2097152, 1, 1 }, local_work_dim = { 256, 1, 1 }
MIOpen(HIP): Info2 [CallGemm] gemm_desc: {isColMajor 0, transA 0, transB 0, m 64, n 16384, k 1152, lda 1152, ldb 16384, ldc 16384, batch_count 1, strideA 0, strideB 0, strideC 0, alpha 1, beta 0, dataType half, a_cast_type half, b_cast_type half} 
MIOpen(HIP): Info2 [CallGemm] rocBLAS
MIOpen(HIP): Info2 [GetKernels] 0 kernels for key: miopenIm2d2Col "c128i128_128w3_3p1_1s1_1d1_1t0"
MIOpen(HIP): Info2 [AddKernel] Key: miopenIm2d2Col "c128i128_128w3_3p1_1s1_1d1_1t0 -DLOCAL_MEM_SIZE=340 -DSTRIDE_GT_1=0 -DNUM_IM_BLKS_EQ_1=0 -DUSE_IM_OFF_GUARD=1"
MIOpen(HIP): Info2 [run] kernel_name = Im2d2Col_v2, global_work_dim = { 2097152, 1, 1 }, local_work_dim = { 256, 1, 1 }
MIOpen(HIP): Info2 [CallGemm] gemm_desc: {isColMajor 0, transA 0, transB 0, m 64, n 16384, k 1152, lda 1152, ldb 16384, ldc 16384, batch_count 1, strideA 0, strideB 0, strideC 0, alpha 1, beta 0, dataType half, a_cast_type half, b_cast_type half} 
MIOpen(HIP): Info2 [CallGemm] rocBLAS
MIOpen(HIP): Info2 [GetKernels] 0 kernels for key: miopenIm2d2Col "c128i128_128w3_3p1_1s1_1d1_1t0"
MIOpen(HIP): Info2 [AddKernel] Key: miopenIm2d2Col "c128i128_128w3_3p1_1s1_1d1_1t0 -DLOCAL_MEM_SIZE=340 -DSTRIDE_GT_1=0 -DNUM_IM_BLKS_EQ_1=0 -DUSE_IM_OFF_GUARD=1"
MIOpen(HIP): Info2 [run] kernel_name = Im2d2Col_v2, global_work_dim = { 2097152, 1, 1 }, local_work_dim = { 256, 1, 1 }
MIOpen(HIP): Info2 [CallGemm] gemm_desc: {isColMajor 0, transA 0, transB 0, m 64, n 16384, k 1152, lda 1152, ldb 16384, ldc 16384, batch_count 1, strideA 0, strideB 0, strideC 0, alpha 1, beta 0, dataType half, a_cast_type half, b_cast_type half} 
MIOpen(HIP): Info2 [CallGemm] rocBLAS
MIOpen(HIP): Info2 [GetKernels] 0 kernels for key: miopenIm2d2Col "c128i128_128w3_3p1_1s1_1d1_1t0"
MIOpen(HIP): Info2 [AddKernel] Key: miopenIm2d2Col "c128i128_128w3_3p1_1s1_1d1_1t0 -DLOCAL_MEM_SIZE=340 -DSTRIDE_GT_1=0 -DNUM_IM_BLKS_EQ_1=0 -DUSE_IM_OFF_GUARD=1"
MIOpen(HIP): Info2 [run] kernel_name = Im2d2Col_v2, global_work_dim = { 2097152, 1, 1 }, local_work_dim = { 256, 1, 1 }
MIOpen(HIP): Info2 [CallGemm] gemm_desc: {isColMajor 0, transA 0, transB 0, m 64, n 16384, k 1152, lda 1152, ldb 16384, ldc 16384, batch_count 1, strideA 0, strideB 0, strideC 0, alpha 1, beta 0, dataType half, a_cast_type half, b_cast_type half} 
MIOpen(HIP): Info2 [CallGemm] rocBLAS
MIOpen(HIP): auto miopen::solver::conv::GemmFwdRest::GetSolution(const ExecutionContext &, const ProblemDescription &)::(anonymous class)::operator()(const std::vector<Kernel> &)::(anonymous class)::operator()(const Handle &, const AnyInvokeParams &) const{
MIOpen(HIP): 	name + ", non 1x1" = convolution, non 1x1
MIOpen(HIP): }
MIOpen(HIP): Info2 [GetKernels] 0 kernels for key: miopenIm2d2Col "c128i128_128w3_3p1_1s1_1d1_1t0"
MIOpen(HIP): Info2 [AddKernel] Key: miopenIm2d2Col "c128i128_128w3_3p1_1s1_1d1_1t0 -DLOCAL_MEM_SIZE=340 -DSTRIDE_GT_1=0 -DNUM_IM_BLKS_EQ_1=0 -DUSE_IM_OFF_GUARD=1"
MIOpen(HIP): Info2 [run] kernel_name = Im2d2Col_v2, global_work_dim = { 2097152, 1, 1 }, local_work_dim = { 256, 1, 1 }
MIOpen(HIP): Info2 [CallGemm] gemm_desc: {isColMajor 0, transA 0, transB 0, m 64, n 16384, k 1152, lda 1152, ldb 16384, ldc 16384, batch_count 1, strideA 0, strideB 0, strideC 0, alpha 1, beta 0, dataType half, a_cast_type half, b_cast_type half} 
MIOpen(HIP): Info2 [CallGemm] rocBLAS
MIOpen(HIP): Info2 [GetKernels] 0 kernels for key: miopenIm2d2Col "c128i128_128w3_3p1_1s1_1d1_1t0"
MIOpen(HIP): Info2 [AddKernel] Key: miopenIm2d2Col "c128i128_128w3_3p1_1s1_1d1_1t0 -DLOCAL_MEM_SIZE=340 -DSTRIDE_GT_1=0 -DNUM_IM_BLKS_EQ_1=0 -DUSE_IM_OFF_GUARD=1"
MIOpen(HIP): Info2 [run] kernel_name = Im2d2Col_v2, global_work_dim = { 2097152, 1, 1 }, local_work_dim = { 256, 1, 1 }
MIOpen(HIP): Info2 [CallGemm] gemm_desc: {isColMajor 0, transA 0, transB 0, m 64, n 16384, k 1152, lda 1152, ldb 16384, ldc 16384, batch_count 1, strideA 0, strideB 0, strideC 0, alpha 1, beta 0, dataType half, a_cast_type half, b_cast_type half} 
MIOpen(HIP): Info2 [CallGemm] rocBLAS
MIOpen(HIP): Info2 [GetKernels] 0 kernels for key: miopenIm2d2Col "c128i128_128w3_3p1_1s1_1d1_1t0"
MIOpen(HIP): Info2 [AddKernel] Key: miopenIm2d2Col "c128i128_128w3_3p1_1s1_1d1_1t0 -DLOCAL_MEM_SIZE=340 -DSTRIDE_GT_1=0 -DNUM_IM_BLKS_EQ_1=0 -DUSE_IM_OFF_GUARD=1"
MIOpen(HIP): Info2 [run] kernel_name = Im2d2Col_v2, global_work_dim = { 2097152, 1, 1 }, local_work_dim = { 256, 1, 1 }
MIOpen(HIP): Info2 [CallGemm] gemm_desc: {isColMajor 0, transA 0, transB 0, m 64, n 16384, k 1152, lda 1152, ldb 16384, ldc 16384, batch_count 1, strideA 0, strideB 0, strideC 0, alpha 1, beta 0, dataType half, a_cast_type half, b_cast_type half} 
MIOpen(HIP): Info2 [CallGemm] rocBLAS
MIOpen(HIP): Info2 [GetKernels] 0 kernels for key: miopenIm2d2Col "c128i128_128w3_3p1_1s1_1d1_1t0"
MIOpen(HIP): Info2 [AddKernel] Key: miopenIm2d2Col "c128i128_128w3_3p1_1s1_1d1_1t0 -DLOCAL_MEM_SIZE=340 -DSTRIDE_GT_1=0 -DNUM_IM_BLKS_EQ_1=0 -DUSE_IM_OFF_GUARD=1"
MIOpen(HIP): Info2 [run] kernel_name = Im2d2Col_v2, global_work_dim = { 2097152, 1, 1 }, local_work_dim = { 256, 1, 1 }
MIOpen(HIP): Info2 [CallGemm] gemm_desc: {isColMajor 0, transA 0, transB 0, m 64, n 16384, k 1152, lda 1152, ldb 16384, ldc 16384, batch_count 1, strideA 0, strideB 0, strideC 0, alpha 1, beta 0, dataType half, a_cast_type half, b_cast_type half} 
MIOpen(HIP): Info2 [CallGemm] rocBLAS
MIOpen(HIP): Info2 [GetKernels] 0 kernels for key: miopenIm2d2Col "c128i128_128w3_3p1_1s1_1d1_1t0"
MIOpen(HIP): Info2 [AddKernel] Key: miopenIm2d2Col "c128i128_128w3_3p1_1s1_1d1_1t0 -DLOCAL_MEM_SIZE=340 -DSTRIDE_GT_1=0 -DNUM_IM_BLKS_EQ_1=0 -DUSE_IM_OFF_GUARD=1"
MIOpen(HIP): Info2 [run] kernel_name = Im2d2Col_v2, global_work_dim = { 2097152, 1, 1 }, local_work_dim = { 256, 1, 1 }
MIOpen(HIP): Info2 [CallGemm] gemm_desc: {isColMajor 0, transA 0, transB 0, m 64, n 16384, k 1152, lda 1152, ldb 16384, ldc 16384, batch_count 1, strideA 0, strideB 0, strideC 0, alpha 1, beta 0, dataType half, a_cast_type half, b_cast_type half} 
MIOpen(HIP): Info2 [CallGemm] rocBLAS
MIOpen(HIP): Info2 [GetKernels] 0 kernels for key: miopenIm2d2Col "c128i128_128w3_3p1_1s1_1d1_1t0"
MIOpen(HIP): Info2 [AddKernel] Key: miopenIm2d2Col "c128i128_128w3_3p1_1s1_1d1_1t0 -DLOCAL_MEM_SIZE=340 -DSTRIDE_GT_1=0 -DNUM_IM_BLKS_EQ_1=0 -DUSE_IM_OFF_GUARD=1"
MIOpen(HIP): Info2 [run] kernel_name = Im2d2Col_v2, global_work_dim = { 2097152, 1, 1 }, local_work_dim = { 256, 1, 1 }
MIOpen(HIP): Info2 [CallGemm] gemm_desc: {isColMajor 0, transA 0, transB 0, m 64, n 16384, k 1152, lda 1152, ldb 16384, ldc 16384, batch_count 1, strideA 0, strideB 0, strideC 0, alpha 1, beta 0, dataType half, a_cast_type half, b_cast_type half} 
MIOpen(HIP): Info2 [CallGemm] rocBLAS
MIOpen(HIP): Info2 [GetKernels] 0 kernels for key: miopenIm2d2Col "c128i128_128w3_3p1_1s1_1d1_1t0"
MIOpen(HIP): Info2 [AddKernel] Key: miopenIm2d2Col "c128i128_128w3_3p1_1s1_1d1_1t0 -DLOCAL_MEM_SIZE=340 -DSTRIDE_GT_1=0 -DNUM_IM_BLKS_EQ_1=0 -DUSE_IM_OFF_GUARD=1"
MIOpen(HIP): Info2 [run] kernel_name = Im2d2Col_v2, global_work_dim = { 2097152, 1, 1 }, local_work_dim = { 256, 1, 1 }
MIOpen(HIP): Info2 [CallGemm] gemm_desc: {isColMajor 0, transA 0, transB 0, m 64, n 16384, k 1152, lda 1152, ldb 16384, ldc 16384, batch_count 1, strideA 0, strideB 0, strideC 0, alpha 1, beta 0, dataType half, a_cast_type half, b_cast_type half} 
MIOpen(HIP): Info2 [CallGemm] rocBLAS
MIOpen(HIP): Info2 [GetKernels] 0 kernels for key: miopenIm2d2Col "c128i128_128w3_3p1_1s1_1d1_1t0"
MIOpen(HIP): Info2 [AddKernel] Key: miopenIm2d2Col "c128i128_128w3_3p1_1s1_1d1_1t0 -DLOCAL_MEM_SIZE=340 -DSTRIDE_GT_1=0 -DNUM_IM_BLKS_EQ_1=0 -DUSE_IM_OFF_GUARD=1"
MIOpen(HIP): Info2 [run] kernel_name = Im2d2Col_v2, global_work_dim = { 2097152, 1, 1 }, local_work_dim = { 256, 1, 1 }
MIOpen(HIP): Info2 [CallGemm] gemm_desc: {isColMajor 0, transA 0, transB 0, m 64, n 16384, k 1152, lda 1152, ldb 16384, ldc 16384, batch_count 1, strideA 0, strideB 0, strideC 0, alpha 1, beta 0, dataType half, a_cast_type half, b_cast_type half} 
MIOpen(HIP): Info2 [CallGemm] rocBLAS
MIOpen(HIP): Info2 [GetKernels] 0 kernels for key: miopenIm2d2Col "c128i128_128w3_3p1_1s1_1d1_1t0"
MIOpen(HIP): Info2 [AddKernel] Key: miopenIm2d2Col "c128i128_128w3_3p1_1s1_1d1_1t0 -DLOCAL_MEM_SIZE=340 -DSTRIDE_GT_1=0 -DNUM_IM_BLKS_EQ_1=0 -DUSE_IM_OFF_GUARD=1"
MIOpen(HIP): Info2 [run] kernel_name = Im2d2Col_v2, global_work_dim = { 2097152, 1, 1 }, local_work_dim = { 256, 1, 1 }
MIOpen(HIP): Info2 [CallGemm] gemm_desc: {isColMajor 0, transA 0, transB 0, m 64, n 16384, k 1152, lda 1152, ldb 16384, ldc 16384, batch_count 1, strideA 0, strideB 0, strideC 0, alpha 1, beta 0, dataType half, a_cast_type half, b_cast_type half} 
MIOpen(HIP): Info2 [CallGemm] rocBLAS
MIOpen(HIP): Info2 [GetKernels] 0 kernels for key: miopenIm2d2Col "c128i128_128w3_3p1_1s1_1d1_1t0"
MIOpen(HIP): Info2 [AddKernel] Key: miopenIm2d2Col "c128i128_128w3_3p1_1s1_1d1_1t0 -DLOCAL_MEM_SIZE=340 -DSTRIDE_GT_1=0 -DNUM_IM_BLKS_EQ_1=0 -DUSE_IM_OFF_GUARD=1"
MIOpen(HIP): Info2 [run] kernel_name = Im2d2Col_v2, global_work_dim = { 2097152, 1, 1 }, local_work_dim = { 256, 1, 1 }
MIOpen(HIP): Info2 [CallGemm] gemm_desc: {isColMajor 0, transA 0, transB 0, m 64, n 16384, k 1152, lda 1152, ldb 16384, ldc 16384, batch_count 1, strideA 0, strideB 0, strideC 0, alpha 1, beta 0, dataType half, a_cast_type half, b_cast_type half} 
MIOpen(HIP): Info2 [CallGemm] rocBLAS
MIOpen(HIP): Info2 [GetKernels] 0 kernels for key: miopenIm2d2Col "c128i128_128w3_3p1_1s1_1d1_1t0"
MIOpen(HIP): Info2 [AddKernel] Key: miopenIm2d2Col "c128i128_128w3_3p1_1s1_1d1_1t0 -DLOCAL_MEM_SIZE=340 -DSTRIDE_GT_1=0 -DNUM_IM_BLKS_EQ_1=0 -DUSE_IM_OFF_GUARD=1"
MIOpen(HIP): Info2 [run] kernel_name = Im2d2Col_v2, global_work_dim = { 2097152, 1, 1 }, local_work_dim = { 256, 1, 1 }
MIOpen(HIP): Info2 [CallGemm] gemm_desc: {isColMajor 0, transA 0, transB 0, m 64, n 16384, k 1152, lda 1152, ldb 16384, ldc 16384, batch_count 1, strideA 0, strideB 0, strideC 0, alpha 1, beta 0, dataType half, a_cast_type half, b_cast_type half} 
MIOpen(HIP): Info2 [CallGemm] rocBLAS
MIOpen(HIP): Info2 [GetKernels] 0 kernels for key: miopenIm2d2Col "c128i128_128w3_3p1_1s1_1d1_1t0"
MIOpen(HIP): Info2 [AddKernel] Key: miopenIm2d2Col "c128i128_128w3_3p1_1s1_1d1_1t0 -DLOCAL_MEM_SIZE=340 -DSTRIDE_GT_1=0 -DNUM_IM_BLKS_EQ_1=0 -DUSE_IM_OFF_GUARD=1"
MIOpen(HIP): Info2 [run] kernel_name = Im2d2Col_v2, global_work_dim = { 2097152, 1, 1 }, local_work_dim = { 256, 1, 1 }
MIOpen(HIP): Info2 [CallGemm] gemm_desc: {isColMajor 0, transA 0, transB 0, m 64, n 16384, k 1152, lda 1152, ldb 16384, ldc 16384, batch_count 1, strideA 0, strideB 0, strideC 0, alpha 1, beta 0, dataType half, a_cast_type half, b_cast_type half} 
MIOpen(HIP): Info2 [CallGemm] rocBLAS
MIOpen(HIP): Info2 [GetKernels] 0 kernels for key: miopenIm2d2Col "c128i128_128w3_3p1_1s1_1d1_1t0"
MIOpen(HIP): Info2 [AddKernel] Key: miopenIm2d2Col "c128i128_128w3_3p1_1s1_1d1_1t0 -DLOCAL_MEM_SIZE=340 -DSTRIDE_GT_1=0 -DNUM_IM_BLKS_EQ_1=0 -DUSE_IM_OFF_GUARD=1"
MIOpen(HIP): Info2 [run] kernel_name = Im2d2Col_v2, global_work_dim = { 2097152, 1, 1 }, local_work_dim = { 256, 1, 1 }
MIOpen(HIP): Info2 [CallGemm] gemm_desc: {isColMajor 0, transA 0, transB 0, m 64, n 16384, k 1152, lda 1152, ldb 16384, ldc 16384, batch_count 1, strideA 0, strideB 0, strideC 0, alpha 1, beta 0, dataType half, a_cast_type half, b_cast_type half} 
MIOpen(HIP): Info2 [CallGemm] rocBLAS
MIOpen(HIP): Info2 [GetKernels] 0 kernels for key: miopenIm2d2Col "c128i128_128w3_3p1_1s1_1d1_1t0"
MIOpen(HIP): Info2 [AddKernel] Key: miopenIm2d2Col "c128i128_128w3_3p1_1s1_1d1_1t0 -DLOCAL_MEM_SIZE=340 -DSTRIDE_GT_1=0 -DNUM_IM_BLKS_EQ_1=0 -DUSE_IM_OFF_GUARD=1"
MIOpen(HIP): Info2 [run] kernel_name = Im2d2Col_v2, global_work_dim = { 2097152, 1, 1 }, local_work_dim = { 256, 1, 1 }
MIOpen(HIP): Info2 [CallGemm] gemm_desc: {isColMajor 0, transA 0, transB 0, m 64, n 16384, k 1152, lda 1152, ldb 16384, ldc 16384, batch_count 1, strideA 0, strideB 0, strideC 0, alpha 1, beta 0, dataType half, a_cast_type half, b_cast_type half} 
MIOpen(HIP): Info2 [CallGemm] rocBLAS
MIOpen(HIP): Info2 [GetKernels] 0 kernels for key: miopenIm2d2Col "c128i128_128w3_3p1_1s1_1d1_1t0"
MIOpen(HIP): Info2 [AddKernel] Key: miopenIm2d2Col "c128i128_128w3_3p1_1s1_1d1_1t0 -DLOCAL_MEM_SIZE=340 -DSTRIDE_GT_1=0 -DNUM_IM_BLKS_EQ_1=0 -DUSE_IM_OFF_GUARD=1"
MIOpen(HIP): Info2 [run] kernel_name = Im2d2Col_v2, global_work_dim = { 2097152, 1, 1 }, local_work_dim = { 256, 1, 1 }
MIOpen(HIP): Info2 [CallGemm] gemm_desc: {isColMajor 0, transA 0, transB 0, m 64, n 16384, k 1152, lda 1152, ldb 16384, ldc 16384, batch_count 1, strideA 0, strideB 0, strideC 0, alpha 1, beta 0, dataType half, a_cast_type half, b_cast_type half} 
MIOpen(HIP): Info2 [CallGemm] rocBLAS
MIOpen(HIP): Info2 [GetKernels] 0 kernels for key: miopenIm2d2Col "c128i128_128w3_3p1_1s1_1d1_1t0"
MIOpen(HIP): Info2 [AddKernel] Key: miopenIm2d2Col "c128i128_128w3_3p1_1s1_1d1_1t0 -DLOCAL_MEM_SIZE=340 -DSTRIDE_GT_1=0 -DNUM_IM_BLKS_EQ_1=0 -DUSE_IM_OFF_GUARD=1"
MIOpen(HIP): Info2 [run] kernel_name = Im2d2Col_v2, global_work_dim = { 2097152, 1, 1 }, local_work_dim = { 256, 1, 1 }
MIOpen(HIP): Info2 [CallGemm] gemm_desc: {isColMajor 0, transA 0, transB 0, m 64, n 16384, k 1152, lda 1152, ldb 16384, ldc 16384, batch_count 1, strideA 0, strideB 0, strideC 0, alpha 1, beta 0, dataType half, a_cast_type half, b_cast_type half} 
MIOpen(HIP): Info2 [CallGemm] rocBLAS
MIOpen(HIP): Info2 [GetKernels] 0 kernels for key: miopenIm2d2Col "c128i128_128w3_3p1_1s1_1d1_1t0"
MIOpen(HIP): Info2 [AddKernel] Key: miopenIm2d2Col "c128i128_128w3_3p1_1s1_1d1_1t0 -DLOCAL_MEM_SIZE=340 -DSTRIDE_GT_1=0 -DNUM_IM_BLKS_EQ_1=0 -DUSE_IM_OFF_GUARD=1"
MIOpen(HIP): Info2 [run] kernel_name = Im2d2Col_v2, global_work_dim = { 2097152, 1, 1 }, local_work_dim = { 256, 1, 1 }
MIOpen(HIP): Info2 [CallGemm] gemm_desc: {isColMajor 0, transA 0, transB 0, m 64, n 16384, k 1152, lda 1152, ldb 16384, ldc 16384, batch_count 1, strideA 0, strideB 0, strideC 0, alpha 1, beta 0, dataType half, a_cast_type half, b_cast_type half} 
MIOpen(HIP): Info2 [CallGemm] rocBLAS
MIOpen(HIP): Info2 [GetKernels] 0 kernels for key: miopenIm2d2Col "c128i128_128w3_3p1_1s1_1d1_1t0"
MIOpen(HIP): Info2 [AddKernel] Key: miopenIm2d2Col "c128i128_128w3_3p1_1s1_1d1_1t0 -DLOCAL_MEM_SIZE=340 -DSTRIDE_GT_1=0 -DNUM_IM_BLKS_EQ_1=0 -DUSE_IM_OFF_GUARD=1"
MIOpen(HIP): Info2 [run] kernel_name = Im2d2Col_v2, global_work_dim = { 2097152, 1, 1 }, local_work_dim = { 256, 1, 1 }
MIOpen(HIP): Info2 [CallGemm] gemm_desc: {isColMajor 0, transA 0, transB 0, m 64, n 16384, k 1152, lda 1152, ldb 16384, ldc 16384, batch_count 1, strideA 0, strideB 0, strideC 0, alpha 1, beta 0, dataType half, a_cast_type half, b_cast_type half} 
MIOpen(HIP): Info2 [CallGemm] rocBLAS
MIOpen(HIP): Info2 [GetKernels] 0 kernels for key: miopenIm2d2Col "c128i128_128w3_3p1_1s1_1d1_1t0"
MIOpen(HIP): Info2 [AddKernel] Key: miopenIm2d2Col "c128i128_128w3_3p1_1s1_1d1_1t0 -DLOCAL_MEM_SIZE=340 -DSTRIDE_GT_1=0 -DNUM_IM_BLKS_EQ_1=0 -DUSE_IM_OFF_GUARD=1"
MIOpen(HIP): Info2 [run] kernel_name = Im2d2Col_v2, global_work_dim = { 2097152, 1, 1 }, local_work_dim = { 256, 1, 1 }
MIOpen(HIP): Info2 [CallGemm] gemm_desc: {isColMajor 0, transA 0, transB 0, m 64, n 16384, k 1152, lda 1152, ldb 16384, ldc 16384, batch_count 1, strideA 0, strideB 0, strideC 0, alpha 1, beta 0, dataType half, a_cast_type half, b_cast_type half} 
MIOpen(HIP): Info2 [CallGemm] rocBLAS
MIOpen(HIP): Info2 [GetKernels] 0 kernels for key: miopenIm2d2Col "c128i128_128w3_3p1_1s1_1d1_1t0"
MIOpen(HIP): Info2 [AddKernel] Key: miopenIm2d2Col "c128i128_128w3_3p1_1s1_1d1_1t0 -DLOCAL_MEM_SIZE=340 -DSTRIDE_GT_1=0 -DNUM_IM_BLKS_EQ_1=0 -DUSE_IM_OFF_GUARD=1"
MIOpen(HIP): Info2 [run] kernel_name = Im2d2Col_v2, global_work_dim = { 2097152, 1, 1 }, local_work_dim = { 256, 1, 1 }
MIOpen(HIP): Info2 [CallGemm] gemm_desc: {isColMajor 0, transA 0, transB 0, m 64, n 16384, k 1152, lda 1152, ldb 16384, ldc 16384, batch_count 1, strideA 0, strideB 0, strideC 0, alpha 1, beta 0, dataType half, a_cast_type half, b_cast_type half} 
MIOpen(HIP): Info2 [CallGemm] rocBLAS
MIOpen(HIP): Info2 [GetKernels] 0 kernels for key: miopenIm2d2Col "c128i128_128w3_3p1_1s1_1d1_1t0"
MIOpen(HIP): Info2 [AddKernel] Key: miopenIm2d2Col "c128i128_128w3_3p1_1s1_1d1_1t0 -DLOCAL_MEM_SIZE=340 -DSTRIDE_GT_1=0 -DNUM_IM_BLKS_EQ_1=0 -DUSE_IM_OFF_GUARD=1"
MIOpen(HIP): Info2 [run] kernel_name = Im2d2Col_v2, global_work_dim = { 2097152, 1, 1 }, local_work_dim = { 256, 1, 1 }
MIOpen(HIP): Info2 [CallGemm] gemm_desc: {isColMajor 0, transA 0, transB 0, m 64, n 16384, k 1152, lda 1152, ldb 16384, ldc 16384, batch_count 1, strideA 0, strideB 0, strideC 0, alpha 1, beta 0, dataType half, a_cast_type half, b_cast_type half} 
MIOpen(HIP): Info2 [CallGemm] rocBLAS
MIOpen(HIP): Info2 [GetKernels] 0 kernels for key: miopenIm2d2Col "c128i128_128w3_3p1_1s1_1d1_1t0"
MIOpen(HIP): Info2 [AddKernel] Key: miopenIm2d2Col "c128i128_128w3_3p1_1s1_1d1_1t0 -DLOCAL_MEM_SIZE=340 -DSTRIDE_GT_1=0 -DNUM_IM_BLKS_EQ_1=0 -DUSE_IM_OFF_GUARD=1"
MIOpen(HIP): Info2 [run] kernel_name = Im2d2Col_v2, global_work_dim = { 2097152, 1, 1 }, local_work_dim = { 256, 1, 1 }
MIOpen(HIP): Info2 [CallGemm] gemm_desc: {isColMajor 0, transA 0, transB 0, m 64, n 16384, k 1152, lda 1152, ldb 16384, ldc 16384, batch_count 1, strideA 0, strideB 0, strideC 0, alpha 1, beta 0, dataType half, a_cast_type half, b_cast_type half} 
MIOpen(HIP): Info2 [CallGemm] rocBLAS
MIOpen(HIP): Info2 [GetKernels] 0 kernels for key: miopenIm2d2Col "c128i128_128w3_3p1_1s1_1d1_1t0"
MIOpen(HIP): Info2 [AddKernel] Key: miopenIm2d2Col "c128i128_128w3_3p1_1s1_1d1_1t0 -DLOCAL_MEM_SIZE=340 -DSTRIDE_GT_1=0 -DNUM_IM_BLKS_EQ_1=0 -DUSE_IM_OFF_GUARD=1"
MIOpen(HIP): Info2 [run] kernel_name = Im2d2Col_v2, global_work_dim = { 2097152, 1, 1 }, local_work_dim = { 256, 1, 1 }
MIOpen(HIP): Info2 [CallGemm] gemm_desc: {isColMajor 0, transA 0, transB 0, m 64, n 16384, k 1152, lda 1152, ldb 16384, ldc 16384, batch_count 1, strideA 0, strideB 0, strideC 0, alpha 1, beta 0, dataType half, a_cast_type half, b_cast_type half} 
MIOpen(HIP): Info2 [CallGemm] rocBLAS
MIOpen(HIP): Info2 [GetKernels] 0 kernels for key: miopenIm2d2Col "c128i128_128w3_3p1_1s1_1d1_1t0"
MIOpen(HIP): Info2 [AddKernel] Key: miopenIm2d2Col "c128i128_128w3_3p1_1s1_1d1_1t0 -DLOCAL_MEM_SIZE=340 -DSTRIDE_GT_1=0 -DNUM_IM_BLKS_EQ_1=0 -DUSE_IM_OFF_GUARD=1"
MIOpen(HIP): Info2 [run] kernel_name = Im2d2Col_v2, global_work_dim = { 2097152, 1, 1 }, local_work_dim = { 256, 1, 1 }
MIOpen(HIP): Info2 [CallGemm] gemm_desc: {isColMajor 0, transA 0, transB 0, m 64, n 16384, k 1152, lda 1152, ldb 16384, ldc 16384, batch_count 1, strideA 0, strideB 0, strideC 0, alpha 1, beta 0, dataType half, a_cast_type half, b_cast_type half} 
MIOpen(HIP): Info2 [CallGemm] rocBLAS
MIOpen(HIP): Info2 [GetKernels] 0 kernels for key: miopenIm2d2Col "c128i128_128w3_3p1_1s1_1d1_1t0"
MIOpen(HIP): Info2 [AddKernel] Key: miopenIm2d2Col "c128i128_128w3_3p1_1s1_1d1_1t0 -DLOCAL_MEM_SIZE=340 -DSTRIDE_GT_1=0 -DNUM_IM_BLKS_EQ_1=0 -DUSE_IM_OFF_GUARD=1"
MIOpen(HIP): Info2 [run] kernel_name = Im2d2Col_v2, global_work_dim = { 2097152, 1, 1 }, local_work_dim = { 256, 1, 1 }
MIOpen(HIP): Info2 [CallGemm] gemm_desc: {isColMajor 0, transA 0, transB 0, m 64, n 16384, k 1152, lda 1152, ldb 16384, ldc 16384, batch_count 1, strideA 0, strideB 0, strideC 0, alpha 1, beta 0, dataType half, a_cast_type half, b_cast_type half} 
MIOpen(HIP): Info2 [CallGemm] rocBLAS
MIOpen(HIP): Info2 [GetKernels] 0 kernels for key: miopenIm2d2Col "c128i128_128w3_3p1_1s1_1d1_1t0"
MIOpen(HIP): Info2 [AddKernel] Key: miopenIm2d2Col "c128i128_128w3_3p1_1s1_1d1_1t0 -DLOCAL_MEM_SIZE=340 -DSTRIDE_GT_1=0 -DNUM_IM_BLKS_EQ_1=0 -DUSE_IM_OFF_GUARD=1"
MIOpen(HIP): Info2 [run] kernel_name = Im2d2Col_v2, global_work_dim = { 2097152, 1, 1 }, local_work_dim = { 256, 1, 1 }
MIOpen(HIP): Info2 [CallGemm] gemm_desc: {isColMajor 0, transA 0, transB 0, m 64, n 16384, k 1152, lda 1152, ldb 16384, ldc 16384, batch_count 1, strideA 0, strideB 0, strideC 0, alpha 1, beta 0, dataType half, a_cast_type half, b_cast_type half} 
MIOpen(HIP): Info2 [CallGemm] rocBLAS
MIOpen(HIP): Info2 [GetKernels] 0 kernels for key: miopenIm2d2Col "c128i128_128w3_3p1_1s1_1d1_1t0"
MIOpen(HIP): Info2 [AddKernel] Key: miopenIm2d2Col "c128i128_128w3_3p1_1s1_1d1_1t0 -DLOCAL_MEM_SIZE=340 -DSTRIDE_GT_1=0 -DNUM_IM_BLKS_EQ_1=0 -DUSE_IM_OFF_GUARD=1"
MIOpen(HIP): Info2 [run] kernel_name = Im2d2Col_v2, global_work_dim = { 2097152, 1, 1 }, local_work_dim = { 256, 1, 1 }
MIOpen(HIP): Info2 [CallGemm] gemm_desc: {isColMajor 0, transA 0, transB 0, m 64, n 16384, k 1152, lda 1152, ldb 16384, ldc 16384, batch_count 1, strideA 0, strideB 0, strideC 0, alpha 1, beta 0, dataType half, a_cast_type half, b_cast_type half} 
MIOpen(HIP): Info2 [CallGemm] rocBLAS
MIOpen(HIP): Info2 [GetKernels] 0 kernels for key: miopenIm2d2Col "c128i128_128w3_3p1_1s1_1d1_1t0"
MIOpen(HIP): Info2 [AddKernel] Key: miopenIm2d2Col "c128i128_128w3_3p1_1s1_1d1_1t0 -DLOCAL_MEM_SIZE=340 -DSTRIDE_GT_1=0 -DNUM_IM_BLKS_EQ_1=0 -DUSE_IM_OFF_GUARD=1"
MIOpen(HIP): Info2 [run] kernel_name = Im2d2Col_v2, global_work_dim = { 2097152, 1, 1 }, local_work_dim = { 256, 1, 1 }
MIOpen(HIP): Info2 [CallGemm] gemm_desc: {isColMajor 0, transA 0, transB 0, m 64, n 16384, k 1152, lda 1152, ldb 16384, ldc 16384, batch_count 1, strideA 0, strideB 0, strideC 0, alpha 1, beta 0, dataType half, a_cast_type half, b_cast_type half} 
MIOpen(HIP): Info2 [CallGemm] rocBLAS
MIOpen(HIP): Info2 [GetKernels] 0 kernels for key: miopenIm2d2Col "c128i128_128w3_3p1_1s1_1d1_1t0"
MIOpen(HIP): Info2 [AddKernel] Key: miopenIm2d2Col "c128i128_128w3_3p1_1s1_1d1_1t0 -DLOCAL_MEM_SIZE=340 -DSTRIDE_GT_1=0 -DNUM_IM_BLKS_EQ_1=0 -DUSE_IM_OFF_GUARD=1"
MIOpen(HIP): Info2 [run] kernel_name = Im2d2Col_v2, global_work_dim = { 2097152, 1, 1 }, local_work_dim = { 256, 1, 1 }
MIOpen(HIP): Info2 [CallGemm] gemm_desc: {isColMajor 0, transA 0, transB 0, m 64, n 16384, k 1152, lda 1152, ldb 16384, ldc 16384, batch_count 1, strideA 0, strideB 0, strideC 0, alpha 1, beta 0, dataType half, a_cast_type half, b_cast_type half} 
MIOpen(HIP): Info2 [CallGemm] rocBLAS
MIOpen(HIP): Info2 [GetKernels] 0 kernels for key: miopenIm2d2Col "c128i128_128w3_3p1_1s1_1d1_1t0"
MIOpen(HIP): Info2 [AddKernel] Key: miopenIm2d2Col "c128i128_128w3_3p1_1s1_1d1_1t0 -DLOCAL_MEM_SIZE=340 -DSTRIDE_GT_1=0 -DNUM_IM_BLKS_EQ_1=0 -DUSE_IM_OFF_GUARD=1"
MIOpen(HIP): Info2 [run] kernel_name = Im2d2Col_v2, global_work_dim = { 2097152, 1, 1 }, local_work_dim = { 256, 1, 1 }
MIOpen(HIP): Info2 [CallGemm] gemm_desc: {isColMajor 0, transA 0, transB 0, m 64, n 16384, k 1152, lda 1152, ldb 16384, ldc 16384, batch_count 1, strideA 0, strideB 0, strideC 0, alpha 1, beta 0, dataType half, a_cast_type half, b_cast_type half} 
MIOpen(HIP): Info2 [CallGemm] rocBLAS
MIOpen(HIP): Info2 [GetKernels] 0 kernels for key: miopenIm2d2Col "c128i128_128w3_3p1_1s1_1d1_1t0"
MIOpen(HIP): Info2 [AddKernel] Key: miopenIm2d2Col "c128i128_128w3_3p1_1s1_1d1_1t0 -DLOCAL_MEM_SIZE=340 -DSTRIDE_GT_1=0 -DNUM_IM_BLKS_EQ_1=0 -DUSE_IM_OFF_GUARD=1"
MIOpen(HIP): Info2 [run] kernel_name = Im2d2Col_v2, global_work_dim = { 2097152, 1, 1 }, local_work_dim = { 256, 1, 1 }
MIOpen(HIP): Info2 [CallGemm] gemm_desc: {isColMajor 0, transA 0, transB 0, m 64, n 16384, k 1152, lda 1152, ldb 16384, ldc 16384, batch_count 1, strideA 0, strideB 0, strideC 0, alpha 1, beta 0, dataType half, a_cast_type half, b_cast_type half} 
MIOpen(HIP): Info2 [CallGemm] rocBLAS
MIOpen(HIP): Info2 [GetKernels] 0 kernels for key: miopenIm2d2Col "c128i128_128w3_3p1_1s1_1d1_1t0"
MIOpen(HIP): Info2 [AddKernel] Key: miopenIm2d2Col "c128i128_128w3_3p1_1s1_1d1_1t0 -DLOCAL_MEM_SIZE=340 -DSTRIDE_GT_1=0 -DNUM_IM_BLKS_EQ_1=0 -DUSE_IM_OFF_GUARD=1"
MIOpen(HIP): Info2 [run] kernel_name = Im2d2Col_v2, global_work_dim = { 2097152, 1, 1 }, local_work_dim = { 256, 1, 1 }
MIOpen(HIP): Info2 [CallGemm] gemm_desc: {isColMajor 0, transA 0, transB 0, m 64, n 16384, k 1152, lda 1152, ldb 16384, ldc 16384, batch_count 1, strideA 0, strideB 0, strideC 0, alpha 1, beta 0, dataType half, a_cast_type half, b_cast_type half} 
MIOpen(HIP): Info2 [CallGemm] rocBLAS
MIOpen(HIP): Info2 [GetKernels] 0 kernels for key: miopenIm2d2Col "c128i128_128w3_3p1_1s1_1d1_1t0"
MIOpen(HIP): Info2 [AddKernel] Key: miopenIm2d2Col "c128i128_128w3_3p1_1s1_1d1_1t0 -DLOCAL_MEM_SIZE=340 -DSTRIDE_GT_1=0 -DNUM_IM_BLKS_EQ_1=0 -DUSE_IM_OFF_GUARD=1"
MIOpen(HIP): Info2 [run] kernel_name = Im2d2Col_v2, global_work_dim = { 2097152, 1, 1 }, local_work_dim = { 256, 1, 1 }
MIOpen(HIP): Info2 [CallGemm] gemm_desc: {isColMajor 0, transA 0, transB 0, m 64, n 16384, k 1152, lda 1152, ldb 16384, ldc 16384, batch_count 1, strideA 0, strideB 0, strideC 0, alpha 1, beta 0, dataType half, a_cast_type half, b_cast_type half} 
MIOpen(HIP): Info2 [CallGemm] rocBLAS
MIOpen(HIP): Info2 [GetKernels] 0 kernels for key: miopenIm2d2Col "c128i128_128w3_3p1_1s1_1d1_1t0"
MIOpen(HIP): Info2 [AddKernel] Key: miopenIm2d2Col "c128i128_128w3_3p1_1s1_1d1_1t0 -DLOCAL_MEM_SIZE=340 -DSTRIDE_GT_1=0 -DNUM_IM_BLKS_EQ_1=0 -DUSE_IM_OFF_GUARD=1"
MIOpen(HIP): Info2 [run] kernel_name = Im2d2Col_v2, global_work_dim = { 2097152, 1, 1 }, local_work_dim = { 256, 1, 1 }
MIOpen(HIP): Info2 [CallGemm] gemm_desc: {isColMajor 0, transA 0, transB 0, m 64, n 16384, k 1152, lda 1152, ldb 16384, ldc 16384, batch_count 1, strideA 0, strideB 0, strideC 0, alpha 1, beta 0, dataType half, a_cast_type half, b_cast_type half} 
MIOpen(HIP): Info2 [CallGemm] rocBLAS
MIOpen(HIP): Info2 [GetKernels] 0 kernels for key: miopenIm2d2Col "c128i128_128w3_3p1_1s1_1d1_1t0"
MIOpen(HIP): Info2 [AddKernel] Key: miopenIm2d2Col "c128i128_128w3_3p1_1s1_1d1_1t0 -DLOCAL_MEM_SIZE=340 -DSTRIDE_GT_1=0 -DNUM_IM_BLKS_EQ_1=0 -DUSE_IM_OFF_GUARD=1"
MIOpen(HIP): Info2 [run] kernel_name = Im2d2Col_v2, global_work_dim = { 2097152, 1, 1 }, local_work_dim = { 256, 1, 1 }
MIOpen(HIP): Info2 [CallGemm] gemm_desc: {isColMajor 0, transA 0, transB 0, m 64, n 16384, k 1152, lda 1152, ldb 16384, ldc 16384, batch_count 1, strideA 0, strideB 0, strideC 0, alpha 1, beta 0, dataType half, a_cast_type half, b_cast_type half} 
MIOpen(HIP): Info2 [CallGemm] rocBLAS
MIOpen(HIP): Info2 [GetKernels] 0 kernels for key: miopenIm2d2Col "c128i128_128w3_3p1_1s1_1d1_1t0"
MIOpen(HIP): Info2 [AddKernel] Key: miopenIm2d2Col "c128i128_128w3_3p1_1s1_1d1_1t0 -DLOCAL_MEM_SIZE=340 -DSTRIDE_GT_1=0 -DNUM_IM_BLKS_EQ_1=0 -DUSE_IM_OFF_GUARD=1"
MIOpen(HIP): Info2 [run] kernel_name = Im2d2Col_v2, global_work_dim = { 2097152, 1, 1 }, local_work_dim = { 256, 1, 1 }
MIOpen(HIP): Info2 [CallGemm] gemm_desc: {isColMajor 0, transA 0, transB 0, m 64, n 16384, k 1152, lda 1152, ldb 16384, ldc 16384, batch_count 1, strideA 0, strideB 0, strideC 0, alpha 1, beta 0, dataType half, a_cast_type half, b_cast_type half} 
MIOpen(HIP): Info2 [CallGemm] rocBLAS
MIOpen(HIP): Info2 [GetKernels] 0 kernels for key: miopenIm2d2Col "c128i128_128w3_3p1_1s1_1d1_1t0"
MIOpen(HIP): Info2 [AddKernel] Key: miopenIm2d2Col "c128i128_128w3_3p1_1s1_1d1_1t0 -DLOCAL_MEM_SIZE=340 -DSTRIDE_GT_1=0 -DNUM_IM_BLKS_EQ_1=0 -DUSE_IM_OFF_GUARD=1"
MIOpen(HIP): Info2 [run] kernel_name = Im2d2Col_v2, global_work_dim = { 2097152, 1, 1 }, local_work_dim = { 256, 1, 1 }
MIOpen(HIP): Info2 [CallGemm] gemm_desc: {isColMajor 0, transA 0, transB 0, m 64, n 16384, k 1152, lda 1152, ldb 16384, ldc 16384, batch_count 1, strideA 0, strideB 0, strideC 0, alpha 1, beta 0, dataType half, a_cast_type half, b_cast_type half} 
MIOpen(HIP): Info2 [CallGemm] rocBLAS
MIOpen(HIP): Info2 [GetKernels] 0 kernels for key: miopenIm2d2Col "c128i128_128w3_3p1_1s1_1d1_1t0"
MIOpen(HIP): Info2 [AddKernel] Key: miopenIm2d2Col "c128i128_128w3_3p1_1s1_1d1_1t0 -DLOCAL_MEM_SIZE=340 -DSTRIDE_GT_1=0 -DNUM_IM_BLKS_EQ_1=0 -DUSE_IM_OFF_GUARD=1"
MIOpen(HIP): Info2 [run] kernel_name = Im2d2Col_v2, global_work_dim = { 2097152, 1, 1 }, local_work_dim = { 256, 1, 1 }
MIOpen(HIP): Info2 [CallGemm] gemm_desc: {isColMajor 0, transA 0, transB 0, m 64, n 16384, k 1152, lda 1152, ldb 16384, ldc 16384, batch_count 1, strideA 0, strideB 0, strideC 0, alpha 1, beta 0, dataType half, a_cast_type half, b_cast_type half} 
MIOpen(HIP): Info2 [CallGemm] rocBLAS
MIOpen(HIP): Info2 [GetKernels] 0 kernels for key: miopenIm2d2Col "c128i128_128w3_3p1_1s1_1d1_1t0"
MIOpen(HIP): Info2 [AddKernel] Key: miopenIm2d2Col "c128i128_128w3_3p1_1s1_1d1_1t0 -DLOCAL_MEM_SIZE=340 -DSTRIDE_GT_1=0 -DNUM_IM_BLKS_EQ_1=0 -DUSE_IM_OFF_GUARD=1"
MIOpen(HIP): Info2 [run] kernel_name = Im2d2Col_v2, global_work_dim = { 2097152, 1, 1 }, local_work_dim = { 256, 1, 1 }
MIOpen(HIP): Info2 [CallGemm] gemm_desc: {isColMajor 0, transA 0, transB 0, m 64, n 16384, k 1152, lda 1152, ldb 16384, ldc 16384, batch_count 1, strideA 0, strideB 0, strideC 0, alpha 1, beta 0, dataType half, a_cast_type half, b_cast_type half} 
MIOpen(HIP): Info2 [CallGemm] rocBLAS
MIOpen(HIP): Info2 [GetKernels] 0 kernels for key: miopenIm2d2Col "c128i128_128w3_3p1_1s1_1d1_1t0"
MIOpen(HIP): Info2 [AddKernel] Key: miopenIm2d2Col "c128i128_128w3_3p1_1s1_1d1_1t0 -DLOCAL_MEM_SIZE=340 -DSTRIDE_GT_1=0 -DNUM_IM_BLKS_EQ_1=0 -DUSE_IM_OFF_GUARD=1"
MIOpen(HIP): Info2 [run] kernel_name = Im2d2Col_v2, global_work_dim = { 2097152, 1, 1 }, local_work_dim = { 256, 1, 1 }
MIOpen(HIP): Info2 [CallGemm] gemm_desc: {isColMajor 0, transA 0, transB 0, m 64, n 16384, k 1152, lda 1152, ldb 16384, ldc 16384, batch_count 1, strideA 0, strideB 0, strideC 0, alpha 1, beta 0, dataType half, a_cast_type half, b_cast_type half} 
MIOpen(HIP): Info2 [CallGemm] rocBLAS
MIOpen(HIP): Info2 [GetKernels] 0 kernels for key: miopenIm2d2Col "c128i128_128w3_3p1_1s1_1d1_1t0"
MIOpen(HIP): Info2 [AddKernel] Key: miopenIm2d2Col "c128i128_128w3_3p1_1s1_1d1_1t0 -DLOCAL_MEM_SIZE=340 -DSTRIDE_GT_1=0 -DNUM_IM_BLKS_EQ_1=0 -DUSE_IM_OFF_GUARD=1"
MIOpen(HIP): Info2 [run] kernel_name = Im2d2Col_v2, global_work_dim = { 2097152, 1, 1 }, local_work_dim = { 256, 1, 1 }
MIOpen(HIP): Info2 [CallGemm] gemm_desc: {isColMajor 0, transA 0, transB 0, m 64, n 16384, k 1152, lda 1152, ldb 16384, ldc 16384, batch_count 1, strideA 0, strideB 0, strideC 0, alpha 1, beta 0, dataType half, a_cast_type half, b_cast_type half} 
MIOpen(HIP): Info2 [CallGemm] rocBLAS
MIOpen(HIP): Info2 [GetKernels] 0 kernels for key: miopenIm2d2Col "c128i128_128w3_3p1_1s1_1d1_1t0"
MIOpen(HIP): Info2 [AddKernel] Key: miopenIm2d2Col "c128i128_128w3_3p1_1s1_1d1_1t0 -DLOCAL_MEM_SIZE=340 -DSTRIDE_GT_1=0 -DNUM_IM_BLKS_EQ_1=0 -DUSE_IM_OFF_GUARD=1"
MIOpen(HIP): Info2 [run] kernel_name = Im2d2Col_v2, global_work_dim = { 2097152, 1, 1 }, local_work_dim = { 256, 1, 1 }
MIOpen(HIP): Info2 [CallGemm] gemm_desc: {isColMajor 0, transA 0, transB 0, m 64, n 16384, k 1152, lda 1152, ldb 16384, ldc 16384, batch_count 1, strideA 0, strideB 0, strideC 0, alpha 1, beta 0, dataType half, a_cast_type half, b_cast_type half} 
MIOpen(HIP): Info2 [CallGemm] rocBLAS
MIOpen(HIP): Info2 [GetKernels] 0 kernels for key: miopenIm2d2Col "c128i128_128w3_3p1_1s1_1d1_1t0"
MIOpen(HIP): Info2 [AddKernel] Key: miopenIm2d2Col "c128i128_128w3_3p1_1s1_1d1_1t0 -DLOCAL_MEM_SIZE=340 -DSTRIDE_GT_1=0 -DNUM_IM_BLKS_EQ_1=0 -DUSE_IM_OFF_GUARD=1"
MIOpen(HIP): Info2 [run] kernel_name = Im2d2Col_v2, global_work_dim = { 2097152, 1, 1 }, local_work_dim = { 256, 1, 1 }
MIOpen(HIP): Info2 [CallGemm] gemm_desc: {isColMajor 0, transA 0, transB 0, m 64, n 16384, k 1152, lda 1152, ldb 16384, ldc 16384, batch_count 1, strideA 0, strideB 0, strideC 0, alpha 1, beta 0, dataType half, a_cast_type half, b_cast_type half} 
MIOpen(HIP): Info2 [CallGemm] rocBLAS
MIOpen(HIP): Info2 [GetKernels] 0 kernels for key: miopenIm2d2Col "c128i128_128w3_3p1_1s1_1d1_1t0"
MIOpen(HIP): Info2 [AddKernel] Key: miopenIm2d2Col "c128i128_128w3_3p1_1s1_1d1_1t0 -DLOCAL_MEM_SIZE=340 -DSTRIDE_GT_1=0 -DNUM_IM_BLKS_EQ_1=0 -DUSE_IM_OFF_GUARD=1"
MIOpen(HIP): Info2 [run] kernel_name = Im2d2Col_v2, global_work_dim = { 2097152, 1, 1 }, local_work_dim = { 256, 1, 1 }
MIOpen(HIP): Info2 [CallGemm] gemm_desc: {isColMajor 0, transA 0, transB 0, m 64, n 16384, k 1152, lda 1152, ldb 16384, ldc 16384, batch_count 1, strideA 0, strideB 0, strideC 0, alpha 1, beta 0, dataType half, a_cast_type half, b_cast_type half} 
MIOpen(HIP): Info2 [CallGemm] rocBLAS
MIOpen(HIP): Info2 [GetKernels] 0 kernels for key: miopenIm2d2Col "c128i128_128w3_3p1_1s1_1d1_1t0"
MIOpen(HIP): Info2 [AddKernel] Key: miopenIm2d2Col "c128i128_128w3_3p1_1s1_1d1_1t0 -DLOCAL_MEM_SIZE=340 -DSTRIDE_GT_1=0 -DNUM_IM_BLKS_EQ_1=0 -DUSE_IM_OFF_GUARD=1"
MIOpen(HIP): Info2 [run] kernel_name = Im2d2Col_v2, global_work_dim = { 2097152, 1, 1 }, local_work_dim = { 256, 1, 1 }
MIOpen(HIP): Info2 [CallGemm] gemm_desc: {isColMajor 0, transA 0, transB 0, m 64, n 16384, k 1152, lda 1152, ldb 16384, ldc 16384, batch_count 1, strideA 0, strideB 0, strideC 0, alpha 1, beta 0, dataType half, a_cast_type half, b_cast_type half} 
MIOpen(HIP): Info2 [CallGemm] rocBLAS
MIOpen(HIP): Info2 [GetKernels] 0 kernels for key: miopenIm2d2Col "c128i128_128w3_3p1_1s1_1d1_1t0"
MIOpen(HIP): Info2 [AddKernel] Key: miopenIm2d2Col "c128i128_128w3_3p1_1s1_1d1_1t0 -DLOCAL_MEM_SIZE=340 -DSTRIDE_GT_1=0 -DNUM_IM_BLKS_EQ_1=0 -DUSE_IM_OFF_GUARD=1"
MIOpen(HIP): Info2 [run] kernel_name = Im2d2Col_v2, global_work_dim = { 2097152, 1, 1 }, local_work_dim = { 256, 1, 1 }
MIOpen(HIP): Info2 [CallGemm] gemm_desc: {isColMajor 0, transA 0, transB 0, m 64, n 16384, k 1152, lda 1152, ldb 16384, ldc 16384, batch_count 1, strideA 0, strideB 0, strideC 0, alpha 1, beta 0, dataType half, a_cast_type half, b_cast_type half} 
MIOpen(HIP): Info2 [CallGemm] rocBLAS
MIOpen(HIP): Info2 [GetKernels] 0 kernels for key: miopenIm2d2Col "c128i128_128w3_3p1_1s1_1d1_1t0"
MIOpen(HIP): Info2 [AddKernel] Key: miopenIm2d2Col "c128i128_128w3_3p1_1s1_1d1_1t0 -DLOCAL_MEM_SIZE=340 -DSTRIDE_GT_1=0 -DNUM_IM_BLKS_EQ_1=0 -DUSE_IM_OFF_GUARD=1"
MIOpen(HIP): Info2 [run] kernel_name = Im2d2Col_v2, global_work_dim = { 2097152, 1, 1 }, local_work_dim = { 256, 1, 1 }
MIOpen(HIP): Info2 [CallGemm] gemm_desc: {isColMajor 0, transA 0, transB 0, m 64, n 16384, k 1152, lda 1152, ldb 16384, ldc 16384, batch_count 1, strideA 0, strideB 0, strideC 0, alpha 1, beta 0, dataType half, a_cast_type half, b_cast_type half} 
MIOpen(HIP): Info2 [CallGemm] rocBLAS
MIOpen(HIP): Info2 [GetKernels] 0 kernels for key: miopenIm2d2Col "c128i128_128w3_3p1_1s1_1d1_1t0"
MIOpen(HIP): Info2 [AddKernel] Key: miopenIm2d2Col "c128i128_128w3_3p1_1s1_1d1_1t0 -DLOCAL_MEM_SIZE=340 -DSTRIDE_GT_1=0 -DNUM_IM_BLKS_EQ_1=0 -DUSE_IM_OFF_GUARD=1"
MIOpen(HIP): Info2 [run] kernel_name = Im2d2Col_v2, global_work_dim = { 2097152, 1, 1 }, local_work_dim = { 256, 1, 1 }
MIOpen(HIP): Info2 [CallGemm] gemm_desc: {isColMajor 0, transA 0, transB 0, m 64, n 16384, k 1152, lda 1152, ldb 16384, ldc 16384, batch_count 1, strideA 0, strideB 0, strideC 0, alpha 1, beta 0, dataType half, a_cast_type half, b_cast_type half} 
MIOpen(HIP): Info2 [CallGemm] rocBLAS
MIOpen(HIP): Info2 [GetKernels] 0 kernels for key: miopenIm2d2Col "c128i128_128w3_3p1_1s1_1d1_1t0"
MIOpen(HIP): Info2 [AddKernel] Key: miopenIm2d2Col "c128i128_128w3_3p1_1s1_1d1_1t0 -DLOCAL_MEM_SIZE=340 -DSTRIDE_GT_1=0 -DNUM_IM_BLKS_EQ_1=0 -DUSE_IM_OFF_GUARD=1"
MIOpen(HIP): Info2 [run] kernel_name = Im2d2Col_v2, global_work_dim = { 2097152, 1, 1 }, local_work_dim = { 256, 1, 1 }
MIOpen(HIP): Info2 [CallGemm] gemm_desc: {isColMajor 0, transA 0, transB 0, m 64, n 16384, k 1152, lda 1152, ldb 16384, ldc 16384, batch_count 1, strideA 0, strideB 0, strideC 0, alpha 1, beta 0, dataType half, a_cast_type half, b_cast_type half} 
MIOpen(HIP): Info2 [CallGemm] rocBLAS
MIOpen(HIP): Info2 [GetKernels] 0 kernels for key: miopenIm2d2Col "c128i128_128w3_3p1_1s1_1d1_1t0"
MIOpen(HIP): Info2 [AddKernel] Key: miopenIm2d2Col "c128i128_128w3_3p1_1s1_1d1_1t0 -DLOCAL_MEM_SIZE=340 -DSTRIDE_GT_1=0 -DNUM_IM_BLKS_EQ_1=0 -DUSE_IM_OFF_GUARD=1"
MIOpen(HIP): Info2 [run] kernel_name = Im2d2Col_v2, global_work_dim = { 2097152, 1, 1 }, local_work_dim = { 256, 1, 1 }
MIOpen(HIP): Info2 [CallGemm] gemm_desc: {isColMajor 0, transA 0, transB 0, m 64, n 16384, k 1152, lda 1152, ldb 16384, ldc 16384, batch_count 1, strideA 0, strideB 0, strideC 0, alpha 1, beta 0, dataType half, a_cast_type half, b_cast_type half} 
MIOpen(HIP): Info2 [CallGemm] rocBLAS
MIOpen(HIP): Info2 [GetKernels] 0 kernels for key: miopenIm2d2Col "c128i128_128w3_3p1_1s1_1d1_1t0"
MIOpen(HIP): Info2 [AddKernel] Key: miopenIm2d2Col "c128i128_128w3_3p1_1s1_1d1_1t0 -DLOCAL_MEM_SIZE=340 -DSTRIDE_GT_1=0 -DNUM_IM_BLKS_EQ_1=0 -DUSE_IM_OFF_GUARD=1"
MIOpen(HIP): Info2 [run] kernel_name = Im2d2Col_v2, global_work_dim = { 2097152, 1, 1 }, local_work_dim = { 256, 1, 1 }
MIOpen(HIP): Info2 [CallGemm] gemm_desc: {isColMajor 0, transA 0, transB 0, m 64, n 16384, k 1152, lda 1152, ldb 16384, ldc 16384, batch_count 1, strideA 0, strideB 0, strideC 0, alpha 1, beta 0, dataType half, a_cast_type half, b_cast_type half} 
MIOpen(HIP): Info2 [CallGemm] rocBLAS
MIOpen(HIP): Info2 [GetKernels] 0 kernels for key: miopenIm2d2Col "c128i128_128w3_3p1_1s1_1d1_1t0"
MIOpen(HIP): Info2 [AddKernel] Key: miopenIm2d2Col "c128i128_128w3_3p1_1s1_1d1_1t0 -DLOCAL_MEM_SIZE=340 -DSTRIDE_GT_1=0 -DNUM_IM_BLKS_EQ_1=0 -DUSE_IM_OFF_GUARD=1"
MIOpen(HIP): Info2 [run] kernel_name = Im2d2Col_v2, global_work_dim = { 2097152, 1, 1 }, local_work_dim = { 256, 1, 1 }
MIOpen(HIP): Info2 [CallGemm] gemm_desc: {isColMajor 0, transA 0, transB 0, m 64, n 16384, k 1152, lda 1152, ldb 16384, ldc 16384, batch_count 1, strideA 0, strideB 0, strideC 0, alpha 1, beta 0, dataType half, a_cast_type half, b_cast_type half} 
MIOpen(HIP): Info2 [CallGemm] rocBLAS
MIOpen(HIP): Info2 [GetKernels] 0 kernels for key: miopenIm2d2Col "c128i128_128w3_3p1_1s1_1d1_1t0"
MIOpen(HIP): Info2 [AddKernel] Key: miopenIm2d2Col "c128i128_128w3_3p1_1s1_1d1_1t0 -DLOCAL_MEM_SIZE=340 -DSTRIDE_GT_1=0 -DNUM_IM_BLKS_EQ_1=0 -DUSE_IM_OFF_GUARD=1"
MIOpen(HIP): Info2 [run] kernel_name = Im2d2Col_v2, global_work_dim = { 2097152, 1, 1 }, local_work_dim = { 256, 1, 1 }
MIOpen(HIP): Info2 [CallGemm] gemm_desc: {isColMajor 0, transA 0, transB 0, m 64, n 16384, k 1152, lda 1152, ldb 16384, ldc 16384, batch_count 1, strideA 0, strideB 0, strideC 0, alpha 1, beta 0, dataType half, a_cast_type half, b_cast_type half} 
MIOpen(HIP): Info2 [CallGemm] rocBLAS
MIOpen(HIP): Info2 [GetKernels] 0 kernels for key: miopenIm2d2Col "c128i128_128w3_3p1_1s1_1d1_1t0"
MIOpen(HIP): Info2 [AddKernel] Key: miopenIm2d2Col "c128i128_128w3_3p1_1s1_1d1_1t0 -DLOCAL_MEM_SIZE=340 -DSTRIDE_GT_1=0 -DNUM_IM_BLKS_EQ_1=0 -DUSE_IM_OFF_GUARD=1"
MIOpen(HIP): Info2 [run] kernel_name = Im2d2Col_v2, global_work_dim = { 2097152, 1, 1 }, local_work_dim = { 256, 1, 1 }
MIOpen(HIP): Info2 [CallGemm] gemm_desc: {isColMajor 0, transA 0, transB 0, m 64, n 16384, k 1152, lda 1152, ldb 16384, ldc 16384, batch_count 1, strideA 0, strideB 0, strideC 0, alpha 1, beta 0, dataType half, a_cast_type half, b_cast_type half} 
MIOpen(HIP): Info2 [CallGemm] rocBLAS
MIOpen(HIP): Info2 [GetKernels] 0 kernels for key: miopenIm2d2Col "c128i128_128w3_3p1_1s1_1d1_1t0"
MIOpen(HIP): Info2 [AddKernel] Key: miopenIm2d2Col "c128i128_128w3_3p1_1s1_1d1_1t0 -DLOCAL_MEM_SIZE=340 -DSTRIDE_GT_1=0 -DNUM_IM_BLKS_EQ_1=0 -DUSE_IM_OFF_GUARD=1"
MIOpen(HIP): Info2 [run] kernel_name = Im2d2Col_v2, global_work_dim = { 2097152, 1, 1 }, local_work_dim = { 256, 1, 1 }
MIOpen(HIP): Info2 [CallGemm] gemm_desc: {isColMajor 0, transA 0, transB 0, m 64, n 16384, k 1152, lda 1152, ldb 16384, ldc 16384, batch_count 1, strideA 0, strideB 0, strideC 0, alpha 1, beta 0, dataType half, a_cast_type half, b_cast_type half} 
MIOpen(HIP): Info2 [CallGemm] rocBLAS
MIOpen(HIP): Info2 [GetKernels] 0 kernels for key: miopenIm2d2Col "c128i128_128w3_3p1_1s1_1d1_1t0"
MIOpen(HIP): Info2 [AddKernel] Key: miopenIm2d2Col "c128i128_128w3_3p1_1s1_1d1_1t0 -DLOCAL_MEM_SIZE=340 -DSTRIDE_GT_1=0 -DNUM_IM_BLKS_EQ_1=0 -DUSE_IM_OFF_GUARD=1"
MIOpen(HIP): Info2 [run] kernel_name = Im2d2Col_v2, global_work_dim = { 2097152, 1, 1 }, local_work_dim = { 256, 1, 1 }
MIOpen(HIP): Info2 [CallGemm] gemm_desc: {isColMajor 0, transA 0, transB 0, m 64, n 16384, k 1152, lda 1152, ldb 16384, ldc 16384, batch_count 1, strideA 0, strideB 0, strideC 0, alpha 1, beta 0, dataType half, a_cast_type half, b_cast_type half} 
MIOpen(HIP): Info2 [CallGemm] rocBLAS
MIOpen(HIP): Info2 [GetKernels] 0 kernels for key: miopenIm2d2Col "c128i128_128w3_3p1_1s1_1d1_1t0"
MIOpen(HIP): Info2 [AddKernel] Key: miopenIm2d2Col "c128i128_128w3_3p1_1s1_1d1_1t0 -DLOCAL_MEM_SIZE=340 -DSTRIDE_GT_1=0 -DNUM_IM_BLKS_EQ_1=0 -DUSE_IM_OFF_GUARD=1"
MIOpen(HIP): Info2 [run] kernel_name = Im2d2Col_v2, global_work_dim = { 2097152, 1, 1 }, local_work_dim = { 256, 1, 1 }
MIOpen(HIP): Info2 [CallGemm] gemm_desc: {isColMajor 0, transA 0, transB 0, m 64, n 16384, k 1152, lda 1152, ldb 16384, ldc 16384, batch_count 1, strideA 0, strideB 0, strideC 0, alpha 1, beta 0, dataType half, a_cast_type half, b_cast_type half} 
MIOpen(HIP): Info2 [CallGemm] rocBLAS
MIOpen(HIP): Info2 [GetKernels] 0 kernels for key: miopenIm2d2Col "c128i128_128w3_3p1_1s1_1d1_1t0"
MIOpen(HIP): Info2 [AddKernel] Key: miopenIm2d2Col "c128i128_128w3_3p1_1s1_1d1_1t0 -DLOCAL_MEM_SIZE=340 -DSTRIDE_GT_1=0 -DNUM_IM_BLKS_EQ_1=0 -DUSE_IM_OFF_GUARD=1"
MIOpen(HIP): Info2 [run] kernel_name = Im2d2Col_v2, global_work_dim = { 2097152, 1, 1 }, local_work_dim = { 256, 1, 1 }
MIOpen(HIP): Info2 [CallGemm] gemm_desc: {isColMajor 0, transA 0, transB 0, m 64, n 16384, k 1152, lda 1152, ldb 16384, ldc 16384, batch_count 1, strideA 0, strideB 0, strideC 0, alpha 1, beta 0, dataType half, a_cast_type half, b_cast_type half} 
MIOpen(HIP): Info2 [CallGemm] rocBLAS
MIOpen(HIP): Info2 [GetKernels] 0 kernels for key: miopenIm2d2Col "c128i128_128w3_3p1_1s1_1d1_1t0"
MIOpen(HIP): Info2 [AddKernel] Key: miopenIm2d2Col "c128i128_128w3_3p1_1s1_1d1_1t0 -DLOCAL_MEM_SIZE=340 -DSTRIDE_GT_1=0 -DNUM_IM_BLKS_EQ_1=0 -DUSE_IM_OFF_GUARD=1"
MIOpen(HIP): Info2 [run] kernel_name = Im2d2Col_v2, global_work_dim = { 2097152, 1, 1 }, local_work_dim = { 256, 1, 1 }
MIOpen(HIP): Info2 [CallGemm] gemm_desc: {isColMajor 0, transA 0, transB 0, m 64, n 16384, k 1152, lda 1152, ldb 16384, ldc 16384, batch_count 1, strideA 0, strideB 0, strideC 0, alpha 1, beta 0, dataType half, a_cast_type half, b_cast_type half} 
MIOpen(HIP): Info2 [CallGemm] rocBLAS
MIOpen(HIP): Info2 [GetKernels] 0 kernels for key: miopenIm2d2Col "c128i128_128w3_3p1_1s1_1d1_1t0"
MIOpen(HIP): Info2 [AddKernel] Key: miopenIm2d2Col "c128i128_128w3_3p1_1s1_1d1_1t0 -DLOCAL_MEM_SIZE=340 -DSTRIDE_GT_1=0 -DNUM_IM_BLKS_EQ_1=0 -DUSE_IM_OFF_GUARD=1"
MIOpen(HIP): Info2 [run] kernel_name = Im2d2Col_v2, global_work_dim = { 2097152, 1, 1 }, local_work_dim = { 256, 1, 1 }
MIOpen(HIP): Info2 [CallGemm] gemm_desc: {isColMajor 0, transA 0, transB 0, m 64, n 16384, k 1152, lda 1152, ldb 16384, ldc 16384, batch_count 1, strideA 0, strideB 0, strideC 0, alpha 1, beta 0, dataType half, a_cast_type half, b_cast_type half} 
MIOpen(HIP): Info2 [CallGemm] rocBLAS
MIOpen(HIP): Info2 [GetKernels] 0 kernels for key: miopenIm2d2Col "c128i128_128w3_3p1_1s1_1d1_1t0"
MIOpen(HIP): Info2 [AddKernel] Key: miopenIm2d2Col "c128i128_128w3_3p1_1s1_1d1_1t0 -DLOCAL_MEM_SIZE=340 -DSTRIDE_GT_1=0 -DNUM_IM_BLKS_EQ_1=0 -DUSE_IM_OFF_GUARD=1"
MIOpen(HIP): Info2 [run] kernel_name = Im2d2Col_v2, global_work_dim = { 2097152, 1, 1 }, local_work_dim = { 256, 1, 1 }
MIOpen(HIP): Info2 [CallGemm] gemm_desc: {isColMajor 0, transA 0, transB 0, m 64, n 16384, k 1152, lda 1152, ldb 16384, ldc 16384, batch_count 1, strideA 0, strideB 0, strideC 0, alpha 1, beta 0, dataType half, a_cast_type half, b_cast_type half} 
MIOpen(HIP): Info2 [CallGemm] rocBLAS
MIOpen(HIP): Info2 [GetKernels] 0 kernels for key: miopenIm2d2Col "c128i128_128w3_3p1_1s1_1d1_1t0"
MIOpen(HIP): Info2 [AddKernel] Key: miopenIm2d2Col "c128i128_128w3_3p1_1s1_1d1_1t0 -DLOCAL_MEM_SIZE=340 -DSTRIDE_GT_1=0 -DNUM_IM_BLKS_EQ_1=0 -DUSE_IM_OFF_GUARD=1"
MIOpen(HIP): Info2 [run] kernel_name = Im2d2Col_v2, global_work_dim = { 2097152, 1, 1 }, local_work_dim = { 256, 1, 1 }
MIOpen(HIP): Info2 [CallGemm] gemm_desc: {isColMajor 0, transA 0, transB 0, m 64, n 16384, k 1152, lda 1152, ldb 16384, ldc 16384, batch_count 1, strideA 0, strideB 0, strideC 0, alpha 1, beta 0, dataType half, a_cast_type half, b_cast_type half} 
MIOpen(HIP): Info2 [CallGemm] rocBLAS
MIOpen(HIP): Info2 [GetKernels] 0 kernels for key: miopenIm2d2Col "c128i128_128w3_3p1_1s1_1d1_1t0"
MIOpen(HIP): Info2 [AddKernel] Key: miopenIm2d2Col "c128i128_128w3_3p1_1s1_1d1_1t0 -DLOCAL_MEM_SIZE=340 -DSTRIDE_GT_1=0 -DNUM_IM_BLKS_EQ_1=0 -DUSE_IM_OFF_GUARD=1"
MIOpen(HIP): Info2 [run] kernel_name = Im2d2Col_v2, global_work_dim = { 2097152, 1, 1 }, local_work_dim = { 256, 1, 1 }
MIOpen(HIP): Info2 [CallGemm] gemm_desc: {isColMajor 0, transA 0, transB 0, m 64, n 16384, k 1152, lda 1152, ldb 16384, ldc 16384, batch_count 1, strideA 0, strideB 0, strideC 0, alpha 1, beta 0, dataType half, a_cast_type half, b_cast_type half} 
MIOpen(HIP): Info2 [CallGemm] rocBLAS
MIOpen(HIP): Info2 [GetKernels] 0 kernels for key: miopenIm2d2Col "c128i128_128w3_3p1_1s1_1d1_1t0"
MIOpen(HIP): Info2 [AddKernel] Key: miopenIm2d2Col "c128i128_128w3_3p1_1s1_1d1_1t0 -DLOCAL_MEM_SIZE=340 -DSTRIDE_GT_1=0 -DNUM_IM_BLKS_EQ_1=0 -DUSE_IM_OFF_GUARD=1"
MIOpen(HIP): Info2 [run] kernel_name = Im2d2Col_v2, global_work_dim = { 2097152, 1, 1 }, local_work_dim = { 256, 1, 1 }
MIOpen(HIP): Info2 [CallGemm] gemm_desc: {isColMajor 0, transA 0, transB 0, m 64, n 16384, k 1152, lda 1152, ldb 16384, ldc 16384, batch_count 1, strideA 0, strideB 0, strideC 0, alpha 1, beta 0, dataType half, a_cast_type half, b_cast_type half} 
MIOpen(HIP): Info2 [CallGemm] rocBLAS
MIOpen(HIP): auto miopen::solver::conv::GemmFwdRest::GetSolution(const ExecutionContext &, const ProblemDescription &)::(anonymous class)::operator()(const std::vector<Kernel> &)::(anonymous class)::operator()(const Handle &, const AnyInvokeParams &) const{
MIOpen(HIP): 	name + ", non 1x1" = convolution, non 1x1
MIOpen(HIP): }
MIOpen(HIP): Info2 [GetKernels] 0 kernels for key: miopenIm2d2Col "c128i128_128w3_3p1_1s1_1d1_1t0"
MIOpen(HIP): Info2 [AddKernel] Key: miopenIm2d2Col "c128i128_128w3_3p1_1s1_1d1_1t0 -DLOCAL_MEM_SIZE=340 -DSTRIDE_GT_1=0 -DNUM_IM_BLKS_EQ_1=0 -DUSE_IM_OFF_GUARD=1"
MIOpen(HIP): Info2 [run] kernel_name = Im2d2Col_v2, global_work_dim = { 2097152, 1, 1 }, local_work_dim = { 256, 1, 1 }
MIOpen(HIP): Info2 [CallGemm] gemm_desc: {isColMajor 0, transA 0, transB 0, m 64, n 16384, k 1152, lda 1152, ldb 16384, ldc 16384, batch_count 1, strideA 0, strideB 0, strideC 0, alpha 1, beta 0, dataType half, a_cast_type half, b_cast_type half} 
MIOpen(HIP): Info2 [CallGemm] rocBLAS
MIOpen(HIP): Info2 [GetKernels] 0 kernels for key: miopenIm2d2Col "c128i128_128w3_3p1_1s1_1d1_1t0"
MIOpen(HIP): Info2 [AddKernel] Key: miopenIm2d2Col "c128i128_128w3_3p1_1s1_1d1_1t0 -DLOCAL_MEM_SIZE=340 -DSTRIDE_GT_1=0 -DNUM_IM_BLKS_EQ_1=0 -DUSE_IM_OFF_GUARD=1"
MIOpen(HIP): Info2 [run] kernel_name = Im2d2Col_v2, global_work_dim = { 2097152, 1, 1 }, local_work_dim = { 256, 1, 1 }
MIOpen(HIP): Info2 [CallGemm] gemm_desc: {isColMajor 0, transA 0, transB 0, m 64, n 16384, k 1152, lda 1152, ldb 16384, ldc 16384, batch_count 1, strideA 0, strideB 0, strideC 0, alpha 1, beta 0, dataType half, a_cast_type half, b_cast_type half} 
MIOpen(HIP): Info2 [CallGemm] rocBLAS
MIOpen(HIP): Info2 [GetKernels] 0 kernels for key: miopenIm2d2Col "c128i128_128w3_3p1_1s1_1d1_1t0"
MIOpen(HIP): Info2 [AddKernel] Key: miopenIm2d2Col "c128i128_128w3_3p1_1s1_1d1_1t0 -DLOCAL_MEM_SIZE=340 -DSTRIDE_GT_1=0 -DNUM_IM_BLKS_EQ_1=0 -DUSE_IM_OFF_GUARD=1"
MIOpen(HIP): Info2 [run] kernel_name = Im2d2Col_v2, global_work_dim = { 2097152, 1, 1 }, local_work_dim = { 256, 1, 1 }
MIOpen(HIP): Info2 [CallGemm] gemm_desc: {isColMajor 0, transA 0, transB 0, m 64, n 16384, k 1152, lda 1152, ldb 16384, ldc 16384, batch_count 1, strideA 0, strideB 0, strideC 0, alpha 1, beta 0, dataType half, a_cast_type half, b_cast_type half} 
MIOpen(HIP): Info2 [CallGemm] rocBLAS
MIOpen(HIP): Info2 [GetKernels] 0 kernels for key: miopenIm2d2Col "c128i128_128w3_3p1_1s1_1d1_1t0"
MIOpen(HIP): Info2 [AddKernel] Key: miopenIm2d2Col "c128i128_128w3_3p1_1s1_1d1_1t0 -DLOCAL_MEM_SIZE=340 -DSTRIDE_GT_1=0 -DNUM_IM_BLKS_EQ_1=0 -DUSE_IM_OFF_GUARD=1"
MIOpen(HIP): Info2 [run] kernel_name = Im2d2Col_v2, global_work_dim = { 2097152, 1, 1 }, local_work_dim = { 256, 1, 1 }
MIOpen(HIP): Info2 [CallGemm] gemm_desc: {isColMajor 0, transA 0, transB 0, m 64, n 16384, k 1152, lda 1152, ldb 16384, ldc 16384, batch_count 1, strideA 0, strideB 0, strideC 0, alpha 1, beta 0, dataType half, a_cast_type half, b_cast_type half} 
MIOpen(HIP): Info2 [CallGemm] rocBLAS
MIOpen(HIP): Info2 [GetKernels] 0 kernels for key: miopenIm2d2Col "c128i128_128w3_3p1_1s1_1d1_1t0"
MIOpen(HIP): Info2 [AddKernel] Key: miopenIm2d2Col "c128i128_128w3_3p1_1s1_1d1_1t0 -DLOCAL_MEM_SIZE=340 -DSTRIDE_GT_1=0 -DNUM_IM_BLKS_EQ_1=0 -DUSE_IM_OFF_GUARD=1"
MIOpen(HIP): Info2 [run] kernel_name = Im2d2Col_v2, global_work_dim = { 2097152, 1, 1 }, local_work_dim = { 256, 1, 1 }
MIOpen(HIP): Info2 [CallGemm] gemm_desc: {isColMajor 0, transA 0, transB 0, m 64, n 16384, k 1152, lda 1152, ldb 16384, ldc 16384, batch_count 1, strideA 0, strideB 0, strideC 0, alpha 1, beta 0, dataType half, a_cast_type half, b_cast_type half} 
MIOpen(HIP): Info2 [CallGemm] rocBLAS
MIOpen(HIP): Info2 [GetKernels] 0 kernels for key: miopenIm2d2Col "c128i128_128w3_3p1_1s1_1d1_1t0"
MIOpen(HIP): Info2 [AddKernel] Key: miopenIm2d2Col "c128i128_128w3_3p1_1s1_1d1_1t0 -DLOCAL_MEM_SIZE=340 -DSTRIDE_GT_1=0 -DNUM_IM_BLKS_EQ_1=0 -DUSE_IM_OFF_GUARD=1"
MIOpen(HIP): Info2 [run] kernel_name = Im2d2Col_v2, global_work_dim = { 2097152, 1, 1 }, local_work_dim = { 256, 1, 1 }
MIOpen(HIP): Info2 [CallGemm] gemm_desc: {isColMajor 0, transA 0, transB 0, m 64, n 16384, k 1152, lda 1152, ldb 16384, ldc 16384, batch_count 1, strideA 0, strideB 0, strideC 0, alpha 1, beta 0, dataType half, a_cast_type half, b_cast_type half} 
MIOpen(HIP): Info2 [CallGemm] rocBLAS
MIOpen(HIP): Info2 [GetKernels] 0 kernels for key: miopenIm2d2Col "c128i128_128w3_3p1_1s1_1d1_1t0"
MIOpen(HIP): Info2 [AddKernel] Key: miopenIm2d2Col "c128i128_128w3_3p1_1s1_1d1_1t0 -DLOCAL_MEM_SIZE=340 -DSTRIDE_GT_1=0 -DNUM_IM_BLKS_EQ_1=0 -DUSE_IM_OFF_GUARD=1"
MIOpen(HIP): Info2 [run] kernel_name = Im2d2Col_v2, global_work_dim = { 2097152, 1, 1 }, local_work_dim = { 256, 1, 1 }
MIOpen(HIP): Info2 [CallGemm] gemm_desc: {isColMajor 0, transA 0, transB 0, m 64, n 16384, k 1152, lda 1152, ldb 16384, ldc 16384, batch_count 1, strideA 0, strideB 0, strideC 0, alpha 1, beta 0, dataType half, a_cast_type half, b_cast_type half} 
MIOpen(HIP): Info2 [CallGemm] rocBLAS
MIOpen(HIP): Info2 [GetKernels] 0 kernels for key: miopenIm2d2Col "c128i128_128w3_3p1_1s1_1d1_1t0"
MIOpen(HIP): Info2 [AddKernel] Key: miopenIm2d2Col "c128i128_128w3_3p1_1s1_1d1_1t0 -DLOCAL_MEM_SIZE=340 -DSTRIDE_GT_1=0 -DNUM_IM_BLKS_EQ_1=0 -DUSE_IM_OFF_GUARD=1"
MIOpen(HIP): Info2 [run] kernel_name = Im2d2Col_v2, global_work_dim = { 2097152, 1, 1 }, local_work_dim = { 256, 1, 1 }
MIOpen(HIP): Info2 [CallGemm] gemm_desc: {isColMajor 0, transA 0, transB 0, m 64, n 16384, k 1152, lda 1152, ldb 16384, ldc 16384, batch_count 1, strideA 0, strideB 0, strideC 0, alpha 1, beta 0, dataType half, a_cast_type half, b_cast_type half} 
MIOpen(HIP): Info2 [CallGemm] rocBLAS
MIOpen(HIP): Info2 [GetKernels] 0 kernels for key: miopenIm2d2Col "c128i128_128w3_3p1_1s1_1d1_1t0"
MIOpen(HIP): Info2 [AddKernel] Key: miopenIm2d2Col "c128i128_128w3_3p1_1s1_1d1_1t0 -DLOCAL_MEM_SIZE=340 -DSTRIDE_GT_1=0 -DNUM_IM_BLKS_EQ_1=0 -DUSE_IM_OFF_GUARD=1"
MIOpen(HIP): Info2 [run] kernel_name = Im2d2Col_v2, global_work_dim = { 2097152, 1, 1 }, local_work_dim = { 256, 1, 1 }
MIOpen(HIP): Info2 [CallGemm] gemm_desc: {isColMajor 0, transA 0, transB 0, m 64, n 16384, k 1152, lda 1152, ldb 16384, ldc 16384, batch_count 1, strideA 0, strideB 0, strideC 0, alpha 1, beta 0, dataType half, a_cast_type half, b_cast_type half} 
MIOpen(HIP): Info2 [CallGemm] rocBLAS
MIOpen(HIP): Info2 [GetKernels] 0 kernels for key: miopenIm2d2Col "c128i128_128w3_3p1_1s1_1d1_1t0"
MIOpen(HIP): Info2 [AddKernel] Key: miopenIm2d2Col "c128i128_128w3_3p1_1s1_1d1_1t0 -DLOCAL_MEM_SIZE=340 -DSTRIDE_GT_1=0 -DNUM_IM_BLKS_EQ_1=0 -DUSE_IM_OFF_GUARD=1"
MIOpen(HIP): Info2 [run] kernel_name = Im2d2Col_v2, global_work_dim = { 2097152, 1, 1 }, local_work_dim = { 256, 1, 1 }
MIOpen(HIP): Info2 [CallGemm] gemm_desc: {isColMajor 0, transA 0, transB 0, m 64, n 16384, k 1152, lda 1152, ldb 16384, ldc 16384, batch_count 1, strideA 0, strideB 0, strideC 0, alpha 1, beta 0, dataType half, a_cast_type half, b_cast_type half} 
MIOpen(HIP): Info2 [CallGemm] rocBLAS
MIOpen(HIP): Info2 [GetKernels] 0 kernels for key: miopenIm2d2Col "c128i128_128w3_3p1_1s1_1d1_1t0"
MIOpen(HIP): Info2 [AddKernel] Key: miopenIm2d2Col "c128i128_128w3_3p1_1s1_1d1_1t0 -DLOCAL_MEM_SIZE=340 -DSTRIDE_GT_1=0 -DNUM_IM_BLKS_EQ_1=0 -DUSE_IM_OFF_GUARD=1"
MIOpen(HIP): Info2 [run] kernel_name = Im2d2Col_v2, global_work_dim = { 2097152, 1, 1 }, local_work_dim = { 256, 1, 1 }
MIOpen(HIP): Info2 [CallGemm] gemm_desc: {isColMajor 0, transA 0, transB 0, m 64, n 16384, k 1152, lda 1152, ldb 16384, ldc 16384, batch_count 1, strideA 0, strideB 0, strideC 0, alpha 1, beta 0, dataType half, a_cast_type half, b_cast_type half} 
MIOpen(HIP): Info2 [CallGemm] rocBLAS
MIOpen(HIP): Info2 [GetKernels] 0 kernels for key: miopenIm2d2Col "c128i128_128w3_3p1_1s1_1d1_1t0"
MIOpen(HIP): Info2 [AddKernel] Key: miopenIm2d2Col "c128i128_128w3_3p1_1s1_1d1_1t0 -DLOCAL_MEM_SIZE=340 -DSTRIDE_GT_1=0 -DNUM_IM_BLKS_EQ_1=0 -DUSE_IM_OFF_GUARD=1"
MIOpen(HIP): Info2 [run] kernel_name = Im2d2Col_v2, global_work_dim = { 2097152, 1, 1 }, local_work_dim = { 256, 1, 1 }
MIOpen(HIP): Info2 [CallGemm] gemm_desc: {isColMajor 0, transA 0, transB 0, m 64, n 16384, k 1152, lda 1152, ldb 16384, ldc 16384, batch_count 1, strideA 0, strideB 0, strideC 0, alpha 1, beta 0, dataType half, a_cast_type half, b_cast_type half} 
MIOpen(HIP): Info2 [CallGemm] rocBLAS
MIOpen(HIP): Info2 [GetKernels] 0 kernels for key: miopenIm2d2Col "c128i128_128w3_3p1_1s1_1d1_1t0"
MIOpen(HIP): Info2 [AddKernel] Key: miopenIm2d2Col "c128i128_128w3_3p1_1s1_1d1_1t0 -DLOCAL_MEM_SIZE=340 -DSTRIDE_GT_1=0 -DNUM_IM_BLKS_EQ_1=0 -DUSE_IM_OFF_GUARD=1"
MIOpen(HIP): Info2 [run] kernel_name = Im2d2Col_v2, global_work_dim = { 2097152, 1, 1 }, local_work_dim = { 256, 1, 1 }
MIOpen(HIP): Info2 [CallGemm] gemm_desc: {isColMajor 0, transA 0, transB 0, m 64, n 16384, k 1152, lda 1152, ldb 16384, ldc 16384, batch_count 1, strideA 0, strideB 0, strideC 0, alpha 1, beta 0, dataType half, a_cast_type half, b_cast_type half} 
MIOpen(HIP): Info2 [CallGemm] rocBLAS
MIOpen(HIP): Info2 [GetKernels] 0 kernels for key: miopenIm2d2Col "c128i128_128w3_3p1_1s1_1d1_1t0"
MIOpen(HIP): Info2 [AddKernel] Key: miopenIm2d2Col "c128i128_128w3_3p1_1s1_1d1_1t0 -DLOCAL_MEM_SIZE=340 -DSTRIDE_GT_1=0 -DNUM_IM_BLKS_EQ_1=0 -DUSE_IM_OFF_GUARD=1"
MIOpen(HIP): Info2 [run] kernel_name = Im2d2Col_v2, global_work_dim = { 2097152, 1, 1 }, local_work_dim = { 256, 1, 1 }
MIOpen(HIP): Info2 [CallGemm] gemm_desc: {isColMajor 0, transA 0, transB 0, m 64, n 16384, k 1152, lda 1152, ldb 16384, ldc 16384, batch_count 1, strideA 0, strideB 0, strideC 0, alpha 1, beta 0, dataType half, a_cast_type half, b_cast_type half} 
MIOpen(HIP): Info2 [CallGemm] rocBLAS
MIOpen(HIP): Info2 [GetKernels] 0 kernels for key: miopenIm2d2Col "c128i128_128w3_3p1_1s1_1d1_1t0"
MIOpen(HIP): Info2 [AddKernel] Key: miopenIm2d2Col "c128i128_128w3_3p1_1s1_1d1_1t0 -DLOCAL_MEM_SIZE=340 -DSTRIDE_GT_1=0 -DNUM_IM_BLKS_EQ_1=0 -DUSE_IM_OFF_GUARD=1"
MIOpen(HIP): Info2 [run] kernel_name = Im2d2Col_v2, global_work_dim = { 2097152, 1, 1 }, local_work_dim = { 256, 1, 1 }
MIOpen(HIP): Info2 [CallGemm] gemm_desc: {isColMajor 0, transA 0, transB 0, m 64, n 16384, k 1152, lda 1152, ldb 16384, ldc 16384, batch_count 1, strideA 0, strideB 0, strideC 0, alpha 1, beta 0, dataType half, a_cast_type half, b_cast_type half} 
MIOpen(HIP): Info2 [CallGemm] rocBLAS
MIOpen(HIP): Info2 [GetKernels] 0 kernels for key: miopenIm2d2Col "c128i128_128w3_3p1_1s1_1d1_1t0"
MIOpen(HIP): Info2 [AddKernel] Key: miopenIm2d2Col "c128i128_128w3_3p1_1s1_1d1_1t0 -DLOCAL_MEM_SIZE=340 -DSTRIDE_GT_1=0 -DNUM_IM_BLKS_EQ_1=0 -DUSE_IM_OFF_GUARD=1"
MIOpen(HIP): Info2 [run] kernel_name = Im2d2Col_v2, global_work_dim = { 2097152, 1, 1 }, local_work_dim = { 256, 1, 1 }
MIOpen(HIP): Info2 [CallGemm] gemm_desc: {isColMajor 0, transA 0, transB 0, m 64, n 16384, k 1152, lda 1152, ldb 16384, ldc 16384, batch_count 1, strideA 0, strideB 0, strideC 0, alpha 1, beta 0, dataType half, a_cast_type half, b_cast_type half} 
MIOpen(HIP): Info2 [CallGemm] rocBLAS
MIOpen(HIP): Info2 [GetKernels] 0 kernels for key: miopenIm2d2Col "c128i128_128w3_3p1_1s1_1d1_1t0"
MIOpen(HIP): Info2 [AddKernel] Key: miopenIm2d2Col "c128i128_128w3_3p1_1s1_1d1_1t0 -DLOCAL_MEM_SIZE=340 -DSTRIDE_GT_1=0 -DNUM_IM_BLKS_EQ_1=0 -DUSE_IM_OFF_GUARD=1"
MIOpen(HIP): Info2 [run] kernel_name = Im2d2Col_v2, global_work_dim = { 2097152, 1, 1 }, local_work_dim = { 256, 1, 1 }
MIOpen(HIP): Info2 [CallGemm] gemm_desc: {isColMajor 0, transA 0, transB 0, m 64, n 16384, k 1152, lda 1152, ldb 16384, ldc 16384, batch_count 1, strideA 0, strideB 0, strideC 0, alpha 1, beta 0, dataType half, a_cast_type half, b_cast_type half} 
MIOpen(HIP): Info2 [CallGemm] rocBLAS
MIOpen(HIP): Info2 [GetKernels] 0 kernels for key: miopenIm2d2Col "c128i128_128w3_3p1_1s1_1d1_1t0"
MIOpen(HIP): Info2 [AddKernel] Key: miopenIm2d2Col "c128i128_128w3_3p1_1s1_1d1_1t0 -DLOCAL_MEM_SIZE=340 -DSTRIDE_GT_1=0 -DNUM_IM_BLKS_EQ_1=0 -DUSE_IM_OFF_GUARD=1"
MIOpen(HIP): Info2 [run] kernel_name = Im2d2Col_v2, global_work_dim = { 2097152, 1, 1 }, local_work_dim = { 256, 1, 1 }
MIOpen(HIP): Info2 [CallGemm] gemm_desc: {isColMajor 0, transA 0, transB 0, m 64, n 16384, k 1152, lda 1152, ldb 16384, ldc 16384, batch_count 1, strideA 0, strideB 0, strideC 0, alpha 1, beta 0, dataType half, a_cast_type half, b_cast_type half} 
MIOpen(HIP): Info2 [CallGemm] rocBLAS
MIOpen(HIP): Info2 [GetKernels] 0 kernels for key: miopenIm2d2Col "c128i128_128w3_3p1_1s1_1d1_1t0"
MIOpen(HIP): Info2 [AddKernel] Key: miopenIm2d2Col "c128i128_128w3_3p1_1s1_1d1_1t0 -DLOCAL_MEM_SIZE=340 -DSTRIDE_GT_1=0 -DNUM_IM_BLKS_EQ_1=0 -DUSE_IM_OFF_GUARD=1"
MIOpen(HIP): Info2 [run] kernel_name = Im2d2Col_v2, global_work_dim = { 2097152, 1, 1 }, local_work_dim = { 256, 1, 1 }
MIOpen(HIP): Info2 [CallGemm] gemm_desc: {isColMajor 0, transA 0, transB 0, m 64, n 16384, k 1152, lda 1152, ldb 16384, ldc 16384, batch_count 1, strideA 0, strideB 0, strideC 0, alpha 1, beta 0, dataType half, a_cast_type half, b_cast_type half} 
MIOpen(HIP): Info2 [CallGemm] rocBLAS
MIOpen(HIP): Info2 [GetKernels] 0 kernels for key: miopenIm2d2Col "c128i128_128w3_3p1_1s1_1d1_1t0"
MIOpen(HIP): Info2 [AddKernel] Key: miopenIm2d2Col "c128i128_128w3_3p1_1s1_1d1_1t0 -DLOCAL_MEM_SIZE=340 -DSTRIDE_GT_1=0 -DNUM_IM_BLKS_EQ_1=0 -DUSE_IM_OFF_GUARD=1"
MIOpen(HIP): Info2 [run] kernel_name = Im2d2Col_v2, global_work_dim = { 2097152, 1, 1 }, local_work_dim = { 256, 1, 1 }
MIOpen(HIP): Info2 [CallGemm] gemm_desc: {isColMajor 0, transA 0, transB 0, m 64, n 16384, k 1152, lda 1152, ldb 16384, ldc 16384, batch_count 1, strideA 0, strideB 0, strideC 0, alpha 1, beta 0, dataType half, a_cast_type half, b_cast_type half} 
MIOpen(HIP): Info2 [CallGemm] rocBLAS
MIOpen(HIP): Info2 [GetKernels] 0 kernels for key: miopenIm2d2Col "c128i128_128w3_3p1_1s1_1d1_1t0"
MIOpen(HIP): Info2 [AddKernel] Key: miopenIm2d2Col "c128i128_128w3_3p1_1s1_1d1_1t0 -DLOCAL_MEM_SIZE=340 -DSTRIDE_GT_1=0 -DNUM_IM_BLKS_EQ_1=0 -DUSE_IM_OFF_GUARD=1"
MIOpen(HIP): Info2 [run] kernel_name = Im2d2Col_v2, global_work_dim = { 2097152, 1, 1 }, local_work_dim = { 256, 1, 1 }
MIOpen(HIP): Info2 [CallGemm] gemm_desc: {isColMajor 0, transA 0, transB 0, m 64, n 16384, k 1152, lda 1152, ldb 16384, ldc 16384, batch_count 1, strideA 0, strideB 0, strideC 0, alpha 1, beta 0, dataType half, a_cast_type half, b_cast_type half} 
MIOpen(HIP): Info2 [CallGemm] rocBLAS
MIOpen(HIP): Info2 [GetKernels] 0 kernels for key: miopenIm2d2Col "c128i128_128w3_3p1_1s1_1d1_1t0"
MIOpen(HIP): Info2 [AddKernel] Key: miopenIm2d2Col "c128i128_128w3_3p1_1s1_1d1_1t0 -DLOCAL_MEM_SIZE=340 -DSTRIDE_GT_1=0 -DNUM_IM_BLKS_EQ_1=0 -DUSE_IM_OFF_GUARD=1"
MIOpen(HIP): Info2 [run] kernel_name = Im2d2Col_v2, global_work_dim = { 2097152, 1, 1 }, local_work_dim = { 256, 1, 1 }
MIOpen(HIP): Info2 [CallGemm] gemm_desc: {isColMajor 0, transA 0, transB 0, m 64, n 16384, k 1152, lda 1152, ldb 16384, ldc 16384, batch_count 1, strideA 0, strideB 0, strideC 0, alpha 1, beta 0, dataType half, a_cast_type half, b_cast_type half} 
MIOpen(HIP): Info2 [CallGemm] rocBLAS
MIOpen(HIP): Info2 [GetKernels] 0 kernels for key: miopenIm2d2Col "c128i128_128w3_3p1_1s1_1d1_1t0"
MIOpen(HIP): Info2 [AddKernel] Key: miopenIm2d2Col "c128i128_128w3_3p1_1s1_1d1_1t0 -DLOCAL_MEM_SIZE=340 -DSTRIDE_GT_1=0 -DNUM_IM_BLKS_EQ_1=0 -DUSE_IM_OFF_GUARD=1"
MIOpen(HIP): Info2 [run] kernel_name = Im2d2Col_v2, global_work_dim = { 2097152, 1, 1 }, local_work_dim = { 256, 1, 1 }
MIOpen(HIP): Info2 [CallGemm] gemm_desc: {isColMajor 0, transA 0, transB 0, m 64, n 16384, k 1152, lda 1152, ldb 16384, ldc 16384, batch_count 1, strideA 0, strideB 0, strideC 0, alpha 1, beta 0, dataType half, a_cast_type half, b_cast_type half} 
MIOpen(HIP): Info2 [CallGemm] rocBLAS
MIOpen(HIP): Info2 [GetKernels] 0 kernels for key: miopenIm2d2Col "c128i128_128w3_3p1_1s1_1d1_1t0"
MIOpen(HIP): Info2 [AddKernel] Key: miopenIm2d2Col "c128i128_128w3_3p1_1s1_1d1_1t0 -DLOCAL_MEM_SIZE=340 -DSTRIDE_GT_1=0 -DNUM_IM_BLKS_EQ_1=0 -DUSE_IM_OFF_GUARD=1"
MIOpen(HIP): Info2 [run] kernel_name = Im2d2Col_v2, global_work_dim = { 2097152, 1, 1 }, local_work_dim = { 256, 1, 1 }
MIOpen(HIP): Info2 [CallGemm] gemm_desc: {isColMajor 0, transA 0, transB 0, m 64, n 16384, k 1152, lda 1152, ldb 16384, ldc 16384, batch_count 1, strideA 0, strideB 0, strideC 0, alpha 1, beta 0, dataType half, a_cast_type half, b_cast_type half} 
MIOpen(HIP): Info2 [CallGemm] rocBLAS
MIOpen(HIP): Info2 [GetKernels] 0 kernels for key: miopenIm2d2Col "c128i128_128w3_3p1_1s1_1d1_1t0"
MIOpen(HIP): Info2 [AddKernel] Key: miopenIm2d2Col "c128i128_128w3_3p1_1s1_1d1_1t0 -DLOCAL_MEM_SIZE=340 -DSTRIDE_GT_1=0 -DNUM_IM_BLKS_EQ_1=0 -DUSE_IM_OFF_GUARD=1"
MIOpen(HIP): Info2 [run] kernel_name = Im2d2Col_v2, global_work_dim = { 2097152, 1, 1 }, local_work_dim = { 256, 1, 1 }
MIOpen(HIP): Info2 [CallGemm] gemm_desc: {isColMajor 0, transA 0, transB 0, m 64, n 16384, k 1152, lda 1152, ldb 16384, ldc 16384, batch_count 1, strideA 0, strideB 0, strideC 0, alpha 1, beta 0, dataType half, a_cast_type half, b_cast_type half} 
MIOpen(HIP): Info2 [CallGemm] rocBLAS
MIOpen(HIP): Info2 [GetKernels] 0 kernels for key: miopenIm2d2Col "c128i128_128w3_3p1_1s1_1d1_1t0"
MIOpen(HIP): Info2 [AddKernel] Key: miopenIm2d2Col "c128i128_128w3_3p1_1s1_1d1_1t0 -DLOCAL_MEM_SIZE=340 -DSTRIDE_GT_1=0 -DNUM_IM_BLKS_EQ_1=0 -DUSE_IM_OFF_GUARD=1"
MIOpen(HIP): Info2 [run] kernel_name = Im2d2Col_v2, global_work_dim = { 2097152, 1, 1 }, local_work_dim = { 256, 1, 1 }
MIOpen(HIP): Info2 [CallGemm] gemm_desc: {isColMajor 0, transA 0, transB 0, m 64, n 16384, k 1152, lda 1152, ldb 16384, ldc 16384, batch_count 1, strideA 0, strideB 0, strideC 0, alpha 1, beta 0, dataType half, a_cast_type half, b_cast_type half} 
MIOpen(HIP): Info2 [CallGemm] rocBLAS
MIOpen(HIP): Info2 [GetKernels] 0 kernels for key: miopenIm2d2Col "c128i128_128w3_3p1_1s1_1d1_1t0"
MIOpen(HIP): Info2 [AddKernel] Key: miopenIm2d2Col "c128i128_128w3_3p1_1s1_1d1_1t0 -DLOCAL_MEM_SIZE=340 -DSTRIDE_GT_1=0 -DNUM_IM_BLKS_EQ_1=0 -DUSE_IM_OFF_GUARD=1"
MIOpen(HIP): Info2 [run] kernel_name = Im2d2Col_v2, global_work_dim = { 2097152, 1, 1 }, local_work_dim = { 256, 1, 1 }
MIOpen(HIP): Info2 [CallGemm] gemm_desc: {isColMajor 0, transA 0, transB 0, m 64, n 16384, k 1152, lda 1152, ldb 16384, ldc 16384, batch_count 1, strideA 0, strideB 0, strideC 0, alpha 1, beta 0, dataType half, a_cast_type half, b_cast_type half} 
MIOpen(HIP): Info2 [CallGemm] rocBLAS
MIOpen(HIP): Info2 [GetKernels] 0 kernels for key: miopenIm2d2Col "c128i128_128w3_3p1_1s1_1d1_1t0"
MIOpen(HIP): Info2 [AddKernel] Key: miopenIm2d2Col "c128i128_128w3_3p1_1s1_1d1_1t0 -DLOCAL_MEM_SIZE=340 -DSTRIDE_GT_1=0 -DNUM_IM_BLKS_EQ_1=0 -DUSE_IM_OFF_GUARD=1"
MIOpen(HIP): Info2 [run] kernel_name = Im2d2Col_v2, global_work_dim = { 2097152, 1, 1 }, local_work_dim = { 256, 1, 1 }
MIOpen(HIP): Info2 [CallGemm] gemm_desc: {isColMajor 0, transA 0, transB 0, m 64, n 16384, k 1152, lda 1152, ldb 16384, ldc 16384, batch_count 1, strideA 0, strideB 0, strideC 0, alpha 1, beta 0, dataType half, a_cast_type half, b_cast_type half} 
MIOpen(HIP): Info2 [CallGemm] rocBLAS
MIOpen(HIP): Info2 [GetKernels] 0 kernels for key: miopenIm2d2Col "c128i128_128w3_3p1_1s1_1d1_1t0"
MIOpen(HIP): Info2 [AddKernel] Key: miopenIm2d2Col "c128i128_128w3_3p1_1s1_1d1_1t0 -DLOCAL_MEM_SIZE=340 -DSTRIDE_GT_1=0 -DNUM_IM_BLKS_EQ_1=0 -DUSE_IM_OFF_GUARD=1"
MIOpen(HIP): Info2 [run] kernel_name = Im2d2Col_v2, global_work_dim = { 2097152, 1, 1 }, local_work_dim = { 256, 1, 1 }
MIOpen(HIP): Info2 [CallGemm] gemm_desc: {isColMajor 0, transA 0, transB 0, m 64, n 16384, k 1152, lda 1152, ldb 16384, ldc 16384, batch_count 1, strideA 0, strideB 0, strideC 0, alpha 1, beta 0, dataType half, a_cast_type half, b_cast_type half} 
MIOpen(HIP): Info2 [CallGemm] rocBLAS
MIOpen(HIP): Info2 [GetKernels] 0 kernels for key: miopenIm2d2Col "c128i128_128w3_3p1_1s1_1d1_1t0"
MIOpen(HIP): Info2 [AddKernel] Key: miopenIm2d2Col "c128i128_128w3_3p1_1s1_1d1_1t0 -DLOCAL_MEM_SIZE=340 -DSTRIDE_GT_1=0 -DNUM_IM_BLKS_EQ_1=0 -DUSE_IM_OFF_GUARD=1"
MIOpen(HIP): Info2 [run] kernel_name = Im2d2Col_v2, global_work_dim = { 2097152, 1, 1 }, local_work_dim = { 256, 1, 1 }
MIOpen(HIP): Info2 [CallGemm] gemm_desc: {isColMajor 0, transA 0, transB 0, m 64, n 16384, k 1152, lda 1152, ldb 16384, ldc 16384, batch_count 1, strideA 0, strideB 0, strideC 0, alpha 1, beta 0, dataType half, a_cast_type half, b_cast_type half} 
MIOpen(HIP): Info2 [CallGemm] rocBLAS
MIOpen(HIP): Info2 [GetKernels] 0 kernels for key: miopenIm2d2Col "c128i128_128w3_3p1_1s1_1d1_1t0"
MIOpen(HIP): Info2 [AddKernel] Key: miopenIm2d2Col "c128i128_128w3_3p1_1s1_1d1_1t0 -DLOCAL_MEM_SIZE=340 -DSTRIDE_GT_1=0 -DNUM_IM_BLKS_EQ_1=0 -DUSE_IM_OFF_GUARD=1"
MIOpen(HIP): Info2 [run] kernel_name = Im2d2Col_v2, global_work_dim = { 2097152, 1, 1 }, local_work_dim = { 256, 1, 1 }
MIOpen(HIP): Info2 [CallGemm] gemm_desc: {isColMajor 0, transA 0, transB 0, m 64, n 16384, k 1152, lda 1152, ldb 16384, ldc 16384, batch_count 1, strideA 0, strideB 0, strideC 0, alpha 1, beta 0, dataType half, a_cast_type half, b_cast_type half} 
MIOpen(HIP): Info2 [CallGemm] rocBLAS
MIOpen(HIP): Info2 [GetKernels] 0 kernels for key: miopenIm2d2Col "c128i128_128w3_3p1_1s1_1d1_1t0"
MIOpen(HIP): Info2 [AddKernel] Key: miopenIm2d2Col "c128i128_128w3_3p1_1s1_1d1_1t0 -DLOCAL_MEM_SIZE=340 -DSTRIDE_GT_1=0 -DNUM_IM_BLKS_EQ_1=0 -DUSE_IM_OFF_GUARD=1"
MIOpen(HIP): Info2 [run] kernel_name = Im2d2Col_v2, global_work_dim = { 2097152, 1, 1 }, local_work_dim = { 256, 1, 1 }
MIOpen(HIP): Info2 [CallGemm] gemm_desc: {isColMajor 0, transA 0, transB 0, m 64, n 16384, k 1152, lda 1152, ldb 16384, ldc 16384, batch_count 1, strideA 0, strideB 0, strideC 0, alpha 1, beta 0, dataType half, a_cast_type half, b_cast_type half} 
MIOpen(HIP): Info2 [CallGemm] rocBLAS
MIOpen(HIP): Info2 [GetKernels] 0 kernels for key: miopenIm2d2Col "c128i128_128w3_3p1_1s1_1d1_1t0"
MIOpen(HIP): Info2 [AddKernel] Key: miopenIm2d2Col "c128i128_128w3_3p1_1s1_1d1_1t0 -DLOCAL_MEM_SIZE=340 -DSTRIDE_GT_1=0 -DNUM_IM_BLKS_EQ_1=0 -DUSE_IM_OFF_GUARD=1"
MIOpen(HIP): Info2 [run] kernel_name = Im2d2Col_v2, global_work_dim = { 2097152, 1, 1 }, local_work_dim = { 256, 1, 1 }
MIOpen(HIP): Info2 [CallGemm] gemm_desc: {isColMajor 0, transA 0, transB 0, m 64, n 16384, k 1152, lda 1152, ldb 16384, ldc 16384, batch_count 1, strideA 0, strideB 0, strideC 0, alpha 1, beta 0, dataType half, a_cast_type half, b_cast_type half} 
MIOpen(HIP): Info2 [CallGemm] rocBLAS
MIOpen(HIP): Info2 [GetKernels] 0 kernels for key: miopenIm2d2Col "c128i128_128w3_3p1_1s1_1d1_1t0"
MIOpen(HIP): Info2 [AddKernel] Key: miopenIm2d2Col "c128i128_128w3_3p1_1s1_1d1_1t0 -DLOCAL_MEM_SIZE=340 -DSTRIDE_GT_1=0 -DNUM_IM_BLKS_EQ_1=0 -DUSE_IM_OFF_GUARD=1"
MIOpen(HIP): Info2 [run] kernel_name = Im2d2Col_v2, global_work_dim = { 2097152, 1, 1 }, local_work_dim = { 256, 1, 1 }
MIOpen(HIP): Info2 [CallGemm] gemm_desc: {isColMajor 0, transA 0, transB 0, m 64, n 16384, k 1152, lda 1152, ldb 16384, ldc 16384, batch_count 1, strideA 0, strideB 0, strideC 0, alpha 1, beta 0, dataType half, a_cast_type half, b_cast_type half} 
MIOpen(HIP): Info2 [CallGemm] rocBLAS
MIOpen(HIP): Info2 [GetKernels] 0 kernels for key: miopenIm2d2Col "c128i128_128w3_3p1_1s1_1d1_1t0"
MIOpen(HIP): Info2 [AddKernel] Key: miopenIm2d2Col "c128i128_128w3_3p1_1s1_1d1_1t0 -DLOCAL_MEM_SIZE=340 -DSTRIDE_GT_1=0 -DNUM_IM_BLKS_EQ_1=0 -DUSE_IM_OFF_GUARD=1"
MIOpen(HIP): Info2 [run] kernel_name = Im2d2Col_v2, global_work_dim = { 2097152, 1, 1 }, local_work_dim = { 256, 1, 1 }
MIOpen(HIP): Info2 [CallGemm] gemm_desc: {isColMajor 0, transA 0, transB 0, m 64, n 16384, k 1152, lda 1152, ldb 16384, ldc 16384, batch_count 1, strideA 0, strideB 0, strideC 0, alpha 1, beta 0, dataType half, a_cast_type half, b_cast_type half} 
MIOpen(HIP): Info2 [CallGemm] rocBLAS
MIOpen(HIP): Info2 [GetKernels] 0 kernels for key: miopenIm2d2Col "c128i128_128w3_3p1_1s1_1d1_1t0"
MIOpen(HIP): Info2 [AddKernel] Key: miopenIm2d2Col "c128i128_128w3_3p1_1s1_1d1_1t0 -DLOCAL_MEM_SIZE=340 -DSTRIDE_GT_1=0 -DNUM_IM_BLKS_EQ_1=0 -DUSE_IM_OFF_GUARD=1"
MIOpen(HIP): Info2 [run] kernel_name = Im2d2Col_v2, global_work_dim = { 2097152, 1, 1 }, local_work_dim = { 256, 1, 1 }
MIOpen(HIP): Info2 [CallGemm] gemm_desc: {isColMajor 0, transA 0, transB 0, m 64, n 16384, k 1152, lda 1152, ldb 16384, ldc 16384, batch_count 1, strideA 0, strideB 0, strideC 0, alpha 1, beta 0, dataType half, a_cast_type half, b_cast_type half} 
MIOpen(HIP): Info2 [CallGemm] rocBLAS
MIOpen(HIP): Info2 [GetKernels] 0 kernels for key: miopenIm2d2Col "c128i128_128w3_3p1_1s1_1d1_1t0"
MIOpen(HIP): Info2 [AddKernel] Key: miopenIm2d2Col "c128i128_128w3_3p1_1s1_1d1_1t0 -DLOCAL_MEM_SIZE=340 -DSTRIDE_GT_1=0 -DNUM_IM_BLKS_EQ_1=0 -DUSE_IM_OFF_GUARD=1"
MIOpen(HIP): Info2 [run] kernel_name = Im2d2Col_v2, global_work_dim = { 2097152, 1, 1 }, local_work_dim = { 256, 1, 1 }
MIOpen(HIP): Info2 [CallGemm] gemm_desc: {isColMajor 0, transA 0, transB 0, m 64, n 16384, k 1152, lda 1152, ldb 16384, ldc 16384, batch_count 1, strideA 0, strideB 0, strideC 0, alpha 1, beta 0, dataType half, a_cast_type half, b_cast_type half} 
MIOpen(HIP): Info2 [CallGemm] rocBLAS
MIOpen(HIP): Info2 [GetKernels] 0 kernels for key: miopenIm2d2Col "c128i128_128w3_3p1_1s1_1d1_1t0"
MIOpen(HIP): Info2 [AddKernel] Key: miopenIm2d2Col "c128i128_128w3_3p1_1s1_1d1_1t0 -DLOCAL_MEM_SIZE=340 -DSTRIDE_GT_1=0 -DNUM_IM_BLKS_EQ_1=0 -DUSE_IM_OFF_GUARD=1"
MIOpen(HIP): Info2 [run] kernel_name = Im2d2Col_v2, global_work_dim = { 2097152, 1, 1 }, local_work_dim = { 256, 1, 1 }
MIOpen(HIP): Info2 [CallGemm] gemm_desc: {isColMajor 0, transA 0, transB 0, m 64, n 16384, k 1152, lda 1152, ldb 16384, ldc 16384, batch_count 1, strideA 0, strideB 0, strideC 0, alpha 1, beta 0, dataType half, a_cast_type half, b_cast_type half} 
MIOpen(HIP): Info2 [CallGemm] rocBLAS
MIOpen(HIP): Info2 [GetKernels] 0 kernels for key: miopenIm2d2Col "c128i128_128w3_3p1_1s1_1d1_1t0"
MIOpen(HIP): Info2 [AddKernel] Key: miopenIm2d2Col "c128i128_128w3_3p1_1s1_1d1_1t0 -DLOCAL_MEM_SIZE=340 -DSTRIDE_GT_1=0 -DNUM_IM_BLKS_EQ_1=0 -DUSE_IM_OFF_GUARD=1"
MIOpen(HIP): Info2 [run] kernel_name = Im2d2Col_v2, global_work_dim = { 2097152, 1, 1 }, local_work_dim = { 256, 1, 1 }
MIOpen(HIP): Info2 [CallGemm] gemm_desc: {isColMajor 0, transA 0, transB 0, m 64, n 16384, k 1152, lda 1152, ldb 16384, ldc 16384, batch_count 1, strideA 0, strideB 0, strideC 0, alpha 1, beta 0, dataType half, a_cast_type half, b_cast_type half} 
MIOpen(HIP): Info2 [CallGemm] rocBLAS
MIOpen(HIP): Info2 [GetKernels] 0 kernels for key: miopenIm2d2Col "c128i128_128w3_3p1_1s1_1d1_1t0"
MIOpen(HIP): Info2 [AddKernel] Key: miopenIm2d2Col "c128i128_128w3_3p1_1s1_1d1_1t0 -DLOCAL_MEM_SIZE=340 -DSTRIDE_GT_1=0 -DNUM_IM_BLKS_EQ_1=0 -DUSE_IM_OFF_GUARD=1"
MIOpen(HIP): Info2 [run] kernel_name = Im2d2Col_v2, global_work_dim = { 2097152, 1, 1 }, local_work_dim = { 256, 1, 1 }
MIOpen(HIP): Info2 [CallGemm] gemm_desc: {isColMajor 0, transA 0, transB 0, m 64, n 16384, k 1152, lda 1152, ldb 16384, ldc 16384, batch_count 1, strideA 0, strideB 0, strideC 0, alpha 1, beta 0, dataType half, a_cast_type half, b_cast_type half} 
MIOpen(HIP): Info2 [CallGemm] rocBLAS
MIOpen(HIP): Info2 [GetKernels] 0 kernels for key: miopenIm2d2Col "c128i128_128w3_3p1_1s1_1d1_1t0"
MIOpen(HIP): Info2 [AddKernel] Key: miopenIm2d2Col "c128i128_128w3_3p1_1s1_1d1_1t0 -DLOCAL_MEM_SIZE=340 -DSTRIDE_GT_1=0 -DNUM_IM_BLKS_EQ_1=0 -DUSE_IM_OFF_GUARD=1"
MIOpen(HIP): Info2 [run] kernel_name = Im2d2Col_v2, global_work_dim = { 2097152, 1, 1 }, local_work_dim = { 256, 1, 1 }
MIOpen(HIP): Info2 [CallGemm] gemm_desc: {isColMajor 0, transA 0, transB 0, m 64, n 16384, k 1152, lda 1152, ldb 16384, ldc 16384, batch_count 1, strideA 0, strideB 0, strideC 0, alpha 1, beta 0, dataType half, a_cast_type half, b_cast_type half} 
MIOpen(HIP): Info2 [CallGemm] rocBLAS
MIOpen(HIP): Info2 [GetKernels] 0 kernels for key: miopenIm2d2Col "c128i128_128w3_3p1_1s1_1d1_1t0"
MIOpen(HIP): Info2 [AddKernel] Key: miopenIm2d2Col "c128i128_128w3_3p1_1s1_1d1_1t0 -DLOCAL_MEM_SIZE=340 -DSTRIDE_GT_1=0 -DNUM_IM_BLKS_EQ_1=0 -DUSE_IM_OFF_GUARD=1"
MIOpen(HIP): Info2 [run] kernel_name = Im2d2Col_v2, global_work_dim = { 2097152, 1, 1 }, local_work_dim = { 256, 1, 1 }
MIOpen(HIP): Info2 [CallGemm] gemm_desc: {isColMajor 0, transA 0, transB 0, m 64, n 16384, k 1152, lda 1152, ldb 16384, ldc 16384, batch_count 1, strideA 0, strideB 0, strideC 0, alpha 1, beta 0, dataType half, a_cast_type half, b_cast_type half} 
MIOpen(HIP): Info2 [CallGemm] rocBLAS
MIOpen(HIP): Info2 [GetKernels] 0 kernels for key: miopenIm2d2Col "c128i128_128w3_3p1_1s1_1d1_1t0"
MIOpen(HIP): Info2 [AddKernel] Key: miopenIm2d2Col "c128i128_128w3_3p1_1s1_1d1_1t0 -DLOCAL_MEM_SIZE=340 -DSTRIDE_GT_1=0 -DNUM_IM_BLKS_EQ_1=0 -DUSE_IM_OFF_GUARD=1"
MIOpen(HIP): Info2 [run] kernel_name = Im2d2Col_v2, global_work_dim = { 2097152, 1, 1 }, local_work_dim = { 256, 1, 1 }
MIOpen(HIP): Info2 [CallGemm] gemm_desc: {isColMajor 0, transA 0, transB 0, m 64, n 16384, k 1152, lda 1152, ldb 16384, ldc 16384, batch_count 1, strideA 0, strideB 0, strideC 0, alpha 1, beta 0, dataType half, a_cast_type half, b_cast_type half} 
MIOpen(HIP): Info2 [CallGemm] rocBLAS
MIOpen(HIP): Info2 [GetKernels] 0 kernels for key: miopenIm2d2Col "c128i128_128w3_3p1_1s1_1d1_1t0"
MIOpen(HIP): Info2 [AddKernel] Key: miopenIm2d2Col "c128i128_128w3_3p1_1s1_1d1_1t0 -DLOCAL_MEM_SIZE=340 -DSTRIDE_GT_1=0 -DNUM_IM_BLKS_EQ_1=0 -DUSE_IM_OFF_GUARD=1"
MIOpen(HIP): Info2 [run] kernel_name = Im2d2Col_v2, global_work_dim = { 2097152, 1, 1 }, local_work_dim = { 256, 1, 1 }
MIOpen(HIP): Info2 [CallGemm] gemm_desc: {isColMajor 0, transA 0, transB 0, m 64, n 16384, k 1152, lda 1152, ldb 16384, ldc 16384, batch_count 1, strideA 0, strideB 0, strideC 0, alpha 1, beta 0, dataType half, a_cast_type half, b_cast_type half} 
MIOpen(HIP): Info2 [CallGemm] rocBLAS
MIOpen(HIP): Info2 [GetKernels] 0 kernels for key: miopenIm2d2Col "c128i128_128w3_3p1_1s1_1d1_1t0"
MIOpen(HIP): Info2 [AddKernel] Key: miopenIm2d2Col "c128i128_128w3_3p1_1s1_1d1_1t0 -DLOCAL_MEM_SIZE=340 -DSTRIDE_GT_1=0 -DNUM_IM_BLKS_EQ_1=0 -DUSE_IM_OFF_GUARD=1"
MIOpen(HIP): Info2 [run] kernel_name = Im2d2Col_v2, global_work_dim = { 2097152, 1, 1 }, local_work_dim = { 256, 1, 1 }
MIOpen(HIP): Info2 [CallGemm] gemm_desc: {isColMajor 0, transA 0, transB 0, m 64, n 16384, k 1152, lda 1152, ldb 16384, ldc 16384, batch_count 1, strideA 0, strideB 0, strideC 0, alpha 1, beta 0, dataType half, a_cast_type half, b_cast_type half} 
MIOpen(HIP): Info2 [CallGemm] rocBLAS
MIOpen(HIP): Info2 [GetKernels] 0 kernels for key: miopenIm2d2Col "c128i128_128w3_3p1_1s1_1d1_1t0"
MIOpen(HIP): Info2 [AddKernel] Key: miopenIm2d2Col "c128i128_128w3_3p1_1s1_1d1_1t0 -DLOCAL_MEM_SIZE=340 -DSTRIDE_GT_1=0 -DNUM_IM_BLKS_EQ_1=0 -DUSE_IM_OFF_GUARD=1"
MIOpen(HIP): Info2 [run] kernel_name = Im2d2Col_v2, global_work_dim = { 2097152, 1, 1 }, local_work_dim = { 256, 1, 1 }
MIOpen(HIP): Info2 [CallGemm] gemm_desc: {isColMajor 0, transA 0, transB 0, m 64, n 16384, k 1152, lda 1152, ldb 16384, ldc 16384, batch_count 1, strideA 0, strideB 0, strideC 0, alpha 1, beta 0, dataType half, a_cast_type half, b_cast_type half} 
MIOpen(HIP): Info2 [CallGemm] rocBLAS
MIOpen(HIP): Info2 [GetKernels] 0 kernels for key: miopenIm2d2Col "c128i128_128w3_3p1_1s1_1d1_1t0"
MIOpen(HIP): Info2 [AddKernel] Key: miopenIm2d2Col "c128i128_128w3_3p1_1s1_1d1_1t0 -DLOCAL_MEM_SIZE=340 -DSTRIDE_GT_1=0 -DNUM_IM_BLKS_EQ_1=0 -DUSE_IM_OFF_GUARD=1"
MIOpen(HIP): Info2 [run] kernel_name = Im2d2Col_v2, global_work_dim = { 2097152, 1, 1 }, local_work_dim = { 256, 1, 1 }
MIOpen(HIP): Info2 [CallGemm] gemm_desc: {isColMajor 0, transA 0, transB 0, m 64, n 16384, k 1152, lda 1152, ldb 16384, ldc 16384, batch_count 1, strideA 0, strideB 0, strideC 0, alpha 1, beta 0, dataType half, a_cast_type half, b_cast_type half} 
MIOpen(HIP): Info2 [CallGemm] rocBLAS
MIOpen(HIP): Info2 [GetKernels] 0 kernels for key: miopenIm2d2Col "c128i128_128w3_3p1_1s1_1d1_1t0"
MIOpen(HIP): Info2 [AddKernel] Key: miopenIm2d2Col "c128i128_128w3_3p1_1s1_1d1_1t0 -DLOCAL_MEM_SIZE=340 -DSTRIDE_GT_1=0 -DNUM_IM_BLKS_EQ_1=0 -DUSE_IM_OFF_GUARD=1"
MIOpen(HIP): Info2 [run] kernel_name = Im2d2Col_v2, global_work_dim = { 2097152, 1, 1 }, local_work_dim = { 256, 1, 1 }
MIOpen(HIP): Info2 [CallGemm] gemm_desc: {isColMajor 0, transA 0, transB 0, m 64, n 16384, k 1152, lda 1152, ldb 16384, ldc 16384, batch_count 1, strideA 0, strideB 0, strideC 0, alpha 1, beta 0, dataType half, a_cast_type half, b_cast_type half} 
MIOpen(HIP): Info2 [CallGemm] rocBLAS
MIOpen(HIP): Info2 [GetKernels] 0 kernels for key: miopenIm2d2Col "c128i128_128w3_3p1_1s1_1d1_1t0"
MIOpen(HIP): Info2 [AddKernel] Key: miopenIm2d2Col "c128i128_128w3_3p1_1s1_1d1_1t0 -DLOCAL_MEM_SIZE=340 -DSTRIDE_GT_1=0 -DNUM_IM_BLKS_EQ_1=0 -DUSE_IM_OFF_GUARD=1"
MIOpen(HIP): Info2 [run] kernel_name = Im2d2Col_v2, global_work_dim = { 2097152, 1, 1 }, local_work_dim = { 256, 1, 1 }
MIOpen(HIP): Info2 [CallGemm] gemm_desc: {isColMajor 0, transA 0, transB 0, m 64, n 16384, k 1152, lda 1152, ldb 16384, ldc 16384, batch_count 1, strideA 0, strideB 0, strideC 0, alpha 1, beta 0, dataType half, a_cast_type half, b_cast_type half} 
MIOpen(HIP): Info2 [CallGemm] rocBLAS
MIOpen(HIP): Info2 [GetKernels] 0 kernels for key: miopenIm2d2Col "c128i128_128w3_3p1_1s1_1d1_1t0"
MIOpen(HIP): Info2 [AddKernel] Key: miopenIm2d2Col "c128i128_128w3_3p1_1s1_1d1_1t0 -DLOCAL_MEM_SIZE=340 -DSTRIDE_GT_1=0 -DNUM_IM_BLKS_EQ_1=0 -DUSE_IM_OFF_GUARD=1"
MIOpen(HIP): Info2 [run] kernel_name = Im2d2Col_v2, global_work_dim = { 2097152, 1, 1 }, local_work_dim = { 256, 1, 1 }
MIOpen(HIP): Info2 [CallGemm] gemm_desc: {isColMajor 0, transA 0, transB 0, m 64, n 16384, k 1152, lda 1152, ldb 16384, ldc 16384, batch_count 1, strideA 0, strideB 0, strideC 0, alpha 1, beta 0, dataType half, a_cast_type half, b_cast_type half} 
MIOpen(HIP): Info2 [CallGemm] rocBLAS
MIOpen(HIP): Info2 [GetKernels] 0 kernels for key: miopenIm2d2Col "c128i128_128w3_3p1_1s1_1d1_1t0"
MIOpen(HIP): Info2 [AddKernel] Key: miopenIm2d2Col "c128i128_128w3_3p1_1s1_1d1_1t0 -DLOCAL_MEM_SIZE=340 -DSTRIDE_GT_1=0 -DNUM_IM_BLKS_EQ_1=0 -DUSE_IM_OFF_GUARD=1"
MIOpen(HIP): Info2 [run] kernel_name = Im2d2Col_v2, global_work_dim = { 2097152, 1, 1 }, local_work_dim = { 256, 1, 1 }
MIOpen(HIP): Info2 [CallGemm] gemm_desc: {isColMajor 0, transA 0, transB 0, m 64, n 16384, k 1152, lda 1152, ldb 16384, ldc 16384, batch_count 1, strideA 0, strideB 0, strideC 0, alpha 1, beta 0, dataType half, a_cast_type half, b_cast_type half} 
MIOpen(HIP): Info2 [CallGemm] rocBLAS
MIOpen(HIP): Info2 [GetKernels] 0 kernels for key: miopenIm2d2Col "c128i128_128w3_3p1_1s1_1d1_1t0"
MIOpen(HIP): Info2 [AddKernel] Key: miopenIm2d2Col "c128i128_128w3_3p1_1s1_1d1_1t0 -DLOCAL_MEM_SIZE=340 -DSTRIDE_GT_1=0 -DNUM_IM_BLKS_EQ_1=0 -DUSE_IM_OFF_GUARD=1"
MIOpen(HIP): Info2 [run] kernel_name = Im2d2Col_v2, global_work_dim = { 2097152, 1, 1 }, local_work_dim = { 256, 1, 1 }
MIOpen(HIP): Info2 [CallGemm] gemm_desc: {isColMajor 0, transA 0, transB 0, m 64, n 16384, k 1152, lda 1152, ldb 16384, ldc 16384, batch_count 1, strideA 0, strideB 0, strideC 0, alpha 1, beta 0, dataType half, a_cast_type half, b_cast_type half} 
MIOpen(HIP): Info2 [CallGemm] rocBLAS
MIOpen(HIP): Info2 [GetKernels] 0 kernels for key: miopenIm2d2Col "c128i128_128w3_3p1_1s1_1d1_1t0"
MIOpen(HIP): Info2 [AddKernel] Key: miopenIm2d2Col "c128i128_128w3_3p1_1s1_1d1_1t0 -DLOCAL_MEM_SIZE=340 -DSTRIDE_GT_1=0 -DNUM_IM_BLKS_EQ_1=0 -DUSE_IM_OFF_GUARD=1"
MIOpen(HIP): Info2 [run] kernel_name = Im2d2Col_v2, global_work_dim = { 2097152, 1, 1 }, local_work_dim = { 256, 1, 1 }
MIOpen(HIP): Info2 [CallGemm] gemm_desc: {isColMajor 0, transA 0, transB 0, m 64, n 16384, k 1152, lda 1152, ldb 16384, ldc 16384, batch_count 1, strideA 0, strideB 0, strideC 0, alpha 1, beta 0, dataType half, a_cast_type half, b_cast_type half} 
MIOpen(HIP): Info2 [CallGemm] rocBLAS
MIOpen(HIP): Info2 [GetKernels] 0 kernels for key: miopenIm2d2Col "c128i128_128w3_3p1_1s1_1d1_1t0"
MIOpen(HIP): Info2 [AddKernel] Key: miopenIm2d2Col "c128i128_128w3_3p1_1s1_1d1_1t0 -DLOCAL_MEM_SIZE=340 -DSTRIDE_GT_1=0 -DNUM_IM_BLKS_EQ_1=0 -DUSE_IM_OFF_GUARD=1"
MIOpen(HIP): Info2 [run] kernel_name = Im2d2Col_v2, global_work_dim = { 2097152, 1, 1 }, local_work_dim = { 256, 1, 1 }
MIOpen(HIP): Info2 [CallGemm] gemm_desc: {isColMajor 0, transA 0, transB 0, m 64, n 16384, k 1152, lda 1152, ldb 16384, ldc 16384, batch_count 1, strideA 0, strideB 0, strideC 0, alpha 1, beta 0, dataType half, a_cast_type half, b_cast_type half} 
MIOpen(HIP): Info2 [CallGemm] rocBLAS
MIOpen(HIP): Info2 [GetKernels] 0 kernels for key: miopenIm2d2Col "c128i128_128w3_3p1_1s1_1d1_1t0"
MIOpen(HIP): Info2 [AddKernel] Key: miopenIm2d2Col "c128i128_128w3_3p1_1s1_1d1_1t0 -DLOCAL_MEM_SIZE=340 -DSTRIDE_GT_1=0 -DNUM_IM_BLKS_EQ_1=0 -DUSE_IM_OFF_GUARD=1"
MIOpen(HIP): Info2 [run] kernel_name = Im2d2Col_v2, global_work_dim = { 2097152, 1, 1 }, local_work_dim = { 256, 1, 1 }
MIOpen(HIP): Info2 [CallGemm] gemm_desc: {isColMajor 0, transA 0, transB 0, m 64, n 16384, k 1152, lda 1152, ldb 16384, ldc 16384, batch_count 1, strideA 0, strideB 0, strideC 0, alpha 1, beta 0, dataType half, a_cast_type half, b_cast_type half} 
MIOpen(HIP): Info2 [CallGemm] rocBLAS
MIOpen(HIP): Info2 [GetKernels] 0 kernels for key: miopenIm2d2Col "c128i128_128w3_3p1_1s1_1d1_1t0"
MIOpen(HIP): Info2 [AddKernel] Key: miopenIm2d2Col "c128i128_128w3_3p1_1s1_1d1_1t0 -DLOCAL_MEM_SIZE=340 -DSTRIDE_GT_1=0 -DNUM_IM_BLKS_EQ_1=0 -DUSE_IM_OFF_GUARD=1"
MIOpen(HIP): Info2 [run] kernel_name = Im2d2Col_v2, global_work_dim = { 2097152, 1, 1 }, local_work_dim = { 256, 1, 1 }
MIOpen(HIP): Info2 [CallGemm] gemm_desc: {isColMajor 0, transA 0, transB 0, m 64, n 16384, k 1152, lda 1152, ldb 16384, ldc 16384, batch_count 1, strideA 0, strideB 0, strideC 0, alpha 1, beta 0, dataType half, a_cast_type half, b_cast_type half} 
MIOpen(HIP): Info2 [CallGemm] rocBLAS
MIOpen(HIP): Info2 [GetKernels] 0 kernels for key: miopenIm2d2Col "c128i128_128w3_3p1_1s1_1d1_1t0"
MIOpen(HIP): Info2 [AddKernel] Key: miopenIm2d2Col "c128i128_128w3_3p1_1s1_1d1_1t0 -DLOCAL_MEM_SIZE=340 -DSTRIDE_GT_1=0 -DNUM_IM_BLKS_EQ_1=0 -DUSE_IM_OFF_GUARD=1"
MIOpen(HIP): Info2 [run] kernel_name = Im2d2Col_v2, global_work_dim = { 2097152, 1, 1 }, local_work_dim = { 256, 1, 1 }
MIOpen(HIP): Info2 [CallGemm] gemm_desc: {isColMajor 0, transA 0, transB 0, m 64, n 16384, k 1152, lda 1152, ldb 16384, ldc 16384, batch_count 1, strideA 0, strideB 0, strideC 0, alpha 1, beta 0, dataType half, a_cast_type half, b_cast_type half} 
MIOpen(HIP): Info2 [CallGemm] rocBLAS
MIOpen(HIP): Info2 [GetKernels] 0 kernels for key: miopenIm2d2Col "c128i128_128w3_3p1_1s1_1d1_1t0"
MIOpen(HIP): Info2 [AddKernel] Key: miopenIm2d2Col "c128i128_128w3_3p1_1s1_1d1_1t0 -DLOCAL_MEM_SIZE=340 -DSTRIDE_GT_1=0 -DNUM_IM_BLKS_EQ_1=0 -DUSE_IM_OFF_GUARD=1"
MIOpen(HIP): Info2 [run] kernel_name = Im2d2Col_v2, global_work_dim = { 2097152, 1, 1 }, local_work_dim = { 256, 1, 1 }
MIOpen(HIP): Info2 [CallGemm] gemm_desc: {isColMajor 0, transA 0, transB 0, m 64, n 16384, k 1152, lda 1152, ldb 16384, ldc 16384, batch_count 1, strideA 0, strideB 0, strideC 0, alpha 1, beta 0, dataType half, a_cast_type half, b_cast_type half} 
MIOpen(HIP): Info2 [CallGemm] rocBLAS
MIOpen(HIP): Info2 [GetKernels] 0 kernels for key: miopenIm2d2Col "c128i128_128w3_3p1_1s1_1d1_1t0"
MIOpen(HIP): Info2 [AddKernel] Key: miopenIm2d2Col "c128i128_128w3_3p1_1s1_1d1_1t0 -DLOCAL_MEM_SIZE=340 -DSTRIDE_GT_1=0 -DNUM_IM_BLKS_EQ_1=0 -DUSE_IM_OFF_GUARD=1"
MIOpen(HIP): Info2 [run] kernel_name = Im2d2Col_v2, global_work_dim = { 2097152, 1, 1 }, local_work_dim = { 256, 1, 1 }
MIOpen(HIP): Info2 [CallGemm] gemm_desc: {isColMajor 0, transA 0, transB 0, m 64, n 16384, k 1152, lda 1152, ldb 16384, ldc 16384, batch_count 1, strideA 0, strideB 0, strideC 0, alpha 1, beta 0, dataType half, a_cast_type half, b_cast_type half} 
MIOpen(HIP): Info2 [CallGemm] rocBLAS
MIOpen(HIP): Info2 [GetKernels] 0 kernels for key: miopenIm2d2Col "c128i128_128w3_3p1_1s1_1d1_1t0"
MIOpen(HIP): Info2 [AddKernel] Key: miopenIm2d2Col "c128i128_128w3_3p1_1s1_1d1_1t0 -DLOCAL_MEM_SIZE=340 -DSTRIDE_GT_1=0 -DNUM_IM_BLKS_EQ_1=0 -DUSE_IM_OFF_GUARD=1"
MIOpen(HIP): Info2 [run] kernel_name = Im2d2Col_v2, global_work_dim = { 2097152, 1, 1 }, local_work_dim = { 256, 1, 1 }
MIOpen(HIP): Info2 [CallGemm] gemm_desc: {isColMajor 0, transA 0, transB 0, m 64, n 16384, k 1152, lda 1152, ldb 16384, ldc 16384, batch_count 1, strideA 0, strideB 0, strideC 0, alpha 1, beta 0, dataType half, a_cast_type half, b_cast_type half} 
MIOpen(HIP): Info2 [CallGemm] rocBLAS
MIOpen(HIP): Info2 [GetKernels] 0 kernels for key: miopenIm2d2Col "c128i128_128w3_3p1_1s1_1d1_1t0"
MIOpen(HIP): Info2 [AddKernel] Key: miopenIm2d2Col "c128i128_128w3_3p1_1s1_1d1_1t0 -DLOCAL_MEM_SIZE=340 -DSTRIDE_GT_1=0 -DNUM_IM_BLKS_EQ_1=0 -DUSE_IM_OFF_GUARD=1"
MIOpen(HIP): Info2 [run] kernel_name = Im2d2Col_v2, global_work_dim = { 2097152, 1, 1 }, local_work_dim = { 256, 1, 1 }
MIOpen(HIP): Info2 [CallGemm] gemm_desc: {isColMajor 0, transA 0, transB 0, m 64, n 16384, k 1152, lda 1152, ldb 16384, ldc 16384, batch_count 1, strideA 0, strideB 0, strideC 0, alpha 1, beta 0, dataType half, a_cast_type half, b_cast_type half} 
MIOpen(HIP): Info2 [CallGemm] rocBLAS
MIOpen(HIP): Info2 [GetKernels] 0 kernels for key: miopenIm2d2Col "c128i128_128w3_3p1_1s1_1d1_1t0"
MIOpen(HIP): Info2 [AddKernel] Key: miopenIm2d2Col "c128i128_128w3_3p1_1s1_1d1_1t0 -DLOCAL_MEM_SIZE=340 -DSTRIDE_GT_1=0 -DNUM_IM_BLKS_EQ_1=0 -DUSE_IM_OFF_GUARD=1"
MIOpen(HIP): Info2 [run] kernel_name = Im2d2Col_v2, global_work_dim = { 2097152, 1, 1 }, local_work_dim = { 256, 1, 1 }
MIOpen(HIP): Info2 [CallGemm] gemm_desc: {isColMajor 0, transA 0, transB 0, m 64, n 16384, k 1152, lda 1152, ldb 16384, ldc 16384, batch_count 1, strideA 0, strideB 0, strideC 0, alpha 1, beta 0, dataType half, a_cast_type half, b_cast_type half} 
MIOpen(HIP): Info2 [CallGemm] rocBLAS
MIOpen(HIP): Info2 [GetKernels] 0 kernels for key: miopenIm2d2Col "c128i128_128w3_3p1_1s1_1d1_1t0"
MIOpen(HIP): Info2 [AddKernel] Key: miopenIm2d2Col "c128i128_128w3_3p1_1s1_1d1_1t0 -DLOCAL_MEM_SIZE=340 -DSTRIDE_GT_1=0 -DNUM_IM_BLKS_EQ_1=0 -DUSE_IM_OFF_GUARD=1"
MIOpen(HIP): Info2 [run] kernel_name = Im2d2Col_v2, global_work_dim = { 2097152, 1, 1 }, local_work_dim = { 256, 1, 1 }
MIOpen(HIP): Info2 [CallGemm] gemm_desc: {isColMajor 0, transA 0, transB 0, m 64, n 16384, k 1152, lda 1152, ldb 16384, ldc 16384, batch_count 1, strideA 0, strideB 0, strideC 0, alpha 1, beta 0, dataType half, a_cast_type half, b_cast_type half} 
MIOpen(HIP): Info2 [CallGemm] rocBLAS
MIOpen(HIP): Info2 [GetKernels] 0 kernels for key: miopenIm2d2Col "c128i128_128w3_3p1_1s1_1d1_1t0"
MIOpen(HIP): Info2 [AddKernel] Key: miopenIm2d2Col "c128i128_128w3_3p1_1s1_1d1_1t0 -DLOCAL_MEM_SIZE=340 -DSTRIDE_GT_1=0 -DNUM_IM_BLKS_EQ_1=0 -DUSE_IM_OFF_GUARD=1"
MIOpen(HIP): Info2 [run] kernel_name = Im2d2Col_v2, global_work_dim = { 2097152, 1, 1 }, local_work_dim = { 256, 1, 1 }
MIOpen(HIP): Info2 [CallGemm] gemm_desc: {isColMajor 0, transA 0, transB 0, m 64, n 16384, k 1152, lda 1152, ldb 16384, ldc 16384, batch_count 1, strideA 0, strideB 0, strideC 0, alpha 1, beta 0, dataType half, a_cast_type half, b_cast_type half} 
MIOpen(HIP): Info2 [CallGemm] rocBLAS
MIOpen(HIP): auto miopen::solver::conv::GemmFwdRest::GetSolution(const ExecutionContext &, const ProblemDescription &)::(anonymous class)::operator()(const std::vector<Kernel> &)::(anonymous class)::operator()(const Handle &, const AnyInvokeParams &) const{
MIOpen(HIP): 	name + ", non 1x1" = convolution, non 1x1
MIOpen(HIP): }
MIOpen(HIP): Info2 [GetKernels] 0 kernels for key: miopenIm2d2Col "c128i128_128w3_3p1_1s1_1d1_1t0"
MIOpen(HIP): Info2 [AddKernel] Key: miopenIm2d2Col "c128i128_128w3_3p1_1s1_1d1_1t0 -DLOCAL_MEM_SIZE=340 -DSTRIDE_GT_1=0 -DNUM_IM_BLKS_EQ_1=0 -DUSE_IM_OFF_GUARD=1"
MIOpen(HIP): Info2 [run] kernel_name = Im2d2Col_v2, global_work_dim = { 2097152, 1, 1 }, local_work_dim = { 256, 1, 1 }
MIOpen(HIP): Info2 [CallGemm] gemm_desc: {isColMajor 0, transA 0, transB 0, m 64, n 16384, k 1152, lda 1152, ldb 16384, ldc 16384, batch_count 1, strideA 0, strideB 0, strideC 0, alpha 1, beta 0, dataType half, a_cast_type half, b_cast_type half} 
MIOpen(HIP): Info2 [CallGemm] rocBLAS
MIOpen(HIP): Info2 [GetKernels] 0 kernels for key: miopenIm2d2Col "c128i128_128w3_3p1_1s1_1d1_1t0"
MIOpen(HIP): Info2 [AddKernel] Key: miopenIm2d2Col "c128i128_128w3_3p1_1s1_1d1_1t0 -DLOCAL_MEM_SIZE=340 -DSTRIDE_GT_1=0 -DNUM_IM_BLKS_EQ_1=0 -DUSE_IM_OFF_GUARD=1"
MIOpen(HIP): Info2 [run] kernel_name = Im2d2Col_v2, global_work_dim = { 2097152, 1, 1 }, local_work_dim = { 256, 1, 1 }
MIOpen(HIP): Info2 [CallGemm] gemm_desc: {isColMajor 0, transA 0, transB 0, m 64, n 16384, k 1152, lda 1152, ldb 16384, ldc 16384, batch_count 1, strideA 0, strideB 0, strideC 0, alpha 1, beta 0, dataType half, a_cast_type half, b_cast_type half} 
MIOpen(HIP): Info2 [CallGemm] rocBLAS
MIOpen(HIP): Info2 [GetKernels] 0 kernels for key: miopenIm2d2Col "c128i128_128w3_3p1_1s1_1d1_1t0"
MIOpen(HIP): Info2 [AddKernel] Key: miopenIm2d2Col "c128i128_128w3_3p1_1s1_1d1_1t0 -DLOCAL_MEM_SIZE=340 -DSTRIDE_GT_1=0 -DNUM_IM_BLKS_EQ_1=0 -DUSE_IM_OFF_GUARD=1"
MIOpen(HIP): Info2 [run] kernel_name = Im2d2Col_v2, global_work_dim = { 2097152, 1, 1 }, local_work_dim = { 256, 1, 1 }
MIOpen(HIP): Info2 [CallGemm] gemm_desc: {isColMajor 0, transA 0, transB 0, m 64, n 16384, k 1152, lda 1152, ldb 16384, ldc 16384, batch_count 1, strideA 0, strideB 0, strideC 0, alpha 1, beta 0, dataType half, a_cast_type half, b_cast_type half} 
MIOpen(HIP): Info2 [CallGemm] rocBLAS
MIOpen(HIP): Info2 [GetKernels] 0 kernels for key: miopenIm2d2Col "c128i128_128w3_3p1_1s1_1d1_1t0"
MIOpen(HIP): Info2 [AddKernel] Key: miopenIm2d2Col "c128i128_128w3_3p1_1s1_1d1_1t0 -DLOCAL_MEM_SIZE=340 -DSTRIDE_GT_1=0 -DNUM_IM_BLKS_EQ_1=0 -DUSE_IM_OFF_GUARD=1"
MIOpen(HIP): Info2 [run] kernel_name = Im2d2Col_v2, global_work_dim = { 2097152, 1, 1 }, local_work_dim = { 256, 1, 1 }
MIOpen(HIP): Info2 [CallGemm] gemm_desc: {isColMajor 0, transA 0, transB 0, m 64, n 16384, k 1152, lda 1152, ldb 16384, ldc 16384, batch_count 1, strideA 0, strideB 0, strideC 0, alpha 1, beta 0, dataType half, a_cast_type half, b_cast_type half} 
MIOpen(HIP): Info2 [CallGemm] rocBLAS
MIOpen(HIP): Info2 [GetKernels] 0 kernels for key: miopenIm2d2Col "c128i128_128w3_3p1_1s1_1d1_1t0"
MIOpen(HIP): Info2 [AddKernel] Key: miopenIm2d2Col "c128i128_128w3_3p1_1s1_1d1_1t0 -DLOCAL_MEM_SIZE=340 -DSTRIDE_GT_1=0 -DNUM_IM_BLKS_EQ_1=0 -DUSE_IM_OFF_GUARD=1"
MIOpen(HIP): Info2 [run] kernel_name = Im2d2Col_v2, global_work_dim = { 2097152, 1, 1 }, local_work_dim = { 256, 1, 1 }
MIOpen(HIP): Info2 [CallGemm] gemm_desc: {isColMajor 0, transA 0, transB 0, m 64, n 16384, k 1152, lda 1152, ldb 16384, ldc 16384, batch_count 1, strideA 0, strideB 0, strideC 0, alpha 1, beta 0, dataType half, a_cast_type half, b_cast_type half} 
MIOpen(HIP): Info2 [CallGemm] rocBLAS
MIOpen(HIP): Info2 [GetKernels] 0 kernels for key: miopenIm2d2Col "c128i128_128w3_3p1_1s1_1d1_1t0"
MIOpen(HIP): Info2 [AddKernel] Key: miopenIm2d2Col "c128i128_128w3_3p1_1s1_1d1_1t0 -DLOCAL_MEM_SIZE=340 -DSTRIDE_GT_1=0 -DNUM_IM_BLKS_EQ_1=0 -DUSE_IM_OFF_GUARD=1"
MIOpen(HIP): Info2 [run] kernel_name = Im2d2Col_v2, global_work_dim = { 2097152, 1, 1 }, local_work_dim = { 256, 1, 1 }
MIOpen(HIP): Info2 [CallGemm] gemm_desc: {isColMajor 0, transA 0, transB 0, m 64, n 16384, k 1152, lda 1152, ldb 16384, ldc 16384, batch_count 1, strideA 0, strideB 0, strideC 0, alpha 1, beta 0, dataType half, a_cast_type half, b_cast_type half} 
MIOpen(HIP): Info2 [CallGemm] rocBLAS
MIOpen(HIP): Info2 [GetKernels] 0 kernels for key: miopenIm2d2Col "c128i128_128w3_3p1_1s1_1d1_1t0"
MIOpen(HIP): Info2 [AddKernel] Key: miopenIm2d2Col "c128i128_128w3_3p1_1s1_1d1_1t0 -DLOCAL_MEM_SIZE=340 -DSTRIDE_GT_1=0 -DNUM_IM_BLKS_EQ_1=0 -DUSE_IM_OFF_GUARD=1"
MIOpen(HIP): Info2 [run] kernel_name = Im2d2Col_v2, global_work_dim = { 2097152, 1, 1 }, local_work_dim = { 256, 1, 1 }
MIOpen(HIP): Info2 [CallGemm] gemm_desc: {isColMajor 0, transA 0, transB 0, m 64, n 16384, k 1152, lda 1152, ldb 16384, ldc 16384, batch_count 1, strideA 0, strideB 0, strideC 0, alpha 1, beta 0, dataType half, a_cast_type half, b_cast_type half} 
MIOpen(HIP): Info2 [CallGemm] rocBLAS
MIOpen(HIP): Info2 [GetKernels] 0 kernels for key: miopenIm2d2Col "c128i128_128w3_3p1_1s1_1d1_1t0"
MIOpen(HIP): Info2 [AddKernel] Key: miopenIm2d2Col "c128i128_128w3_3p1_1s1_1d1_1t0 -DLOCAL_MEM_SIZE=340 -DSTRIDE_GT_1=0 -DNUM_IM_BLKS_EQ_1=0 -DUSE_IM_OFF_GUARD=1"
MIOpen(HIP): Info2 [run] kernel_name = Im2d2Col_v2, global_work_dim = { 2097152, 1, 1 }, local_work_dim = { 256, 1, 1 }
MIOpen(HIP): Info2 [CallGemm] gemm_desc: {isColMajor 0, transA 0, transB 0, m 64, n 16384, k 1152, lda 1152, ldb 16384, ldc 16384, batch_count 1, strideA 0, strideB 0, strideC 0, alpha 1, beta 0, dataType half, a_cast_type half, b_cast_type half} 
MIOpen(HIP): Info2 [CallGemm] rocBLAS
MIOpen(HIP): Info2 [GetKernels] 0 kernels for key: miopenIm2d2Col "c128i128_128w3_3p1_1s1_1d1_1t0"
MIOpen(HIP): Info2 [AddKernel] Key: miopenIm2d2Col "c128i128_128w3_3p1_1s1_1d1_1t0 -DLOCAL_MEM_SIZE=340 -DSTRIDE_GT_1=0 -DNUM_IM_BLKS_EQ_1=0 -DUSE_IM_OFF_GUARD=1"
MIOpen(HIP): Info2 [run] kernel_name = Im2d2Col_v2, global_work_dim = { 2097152, 1, 1 }, local_work_dim = { 256, 1, 1 }
MIOpen(HIP): Info2 [CallGemm] gemm_desc: {isColMajor 0, transA 0, transB 0, m 64, n 16384, k 1152, lda 1152, ldb 16384, ldc 16384, batch_count 1, strideA 0, strideB 0, strideC 0, alpha 1, beta 0, dataType half, a_cast_type half, b_cast_type half} 
MIOpen(HIP): Info2 [CallGemm] rocBLAS
MIOpen(HIP): Info2 [GetKernels] 0 kernels for key: miopenIm2d2Col "c128i128_128w3_3p1_1s1_1d1_1t0"
MIOpen(HIP): Info2 [AddKernel] Key: miopenIm2d2Col "c128i128_128w3_3p1_1s1_1d1_1t0 -DLOCAL_MEM_SIZE=340 -DSTRIDE_GT_1=0 -DNUM_IM_BLKS_EQ_1=0 -DUSE_IM_OFF_GUARD=1"
MIOpen(HIP): Info2 [run] kernel_name = Im2d2Col_v2, global_work_dim = { 2097152, 1, 1 }, local_work_dim = { 256, 1, 1 }
MIOpen(HIP): Info2 [CallGemm] gemm_desc: {isColMajor 0, transA 0, transB 0, m 64, n 16384, k 1152, lda 1152, ldb 16384, ldc 16384, batch_count 1, strideA 0, strideB 0, strideC 0, alpha 1, beta 0, dataType half, a_cast_type half, b_cast_type half} 
MIOpen(HIP): Info2 [CallGemm] rocBLAS
MIOpen(HIP): Info2 [GetKernels] 0 kernels for key: miopenIm2d2Col "c128i128_128w3_3p1_1s1_1d1_1t0"
MIOpen(HIP): Info2 [AddKernel] Key: miopenIm2d2Col "c128i128_128w3_3p1_1s1_1d1_1t0 -DLOCAL_MEM_SIZE=340 -DSTRIDE_GT_1=0 -DNUM_IM_BLKS_EQ_1=0 -DUSE_IM_OFF_GUARD=1"
MIOpen(HIP): Info2 [run] kernel_name = Im2d2Col_v2, global_work_dim = { 2097152, 1, 1 }, local_work_dim = { 256, 1, 1 }
MIOpen(HIP): Info2 [CallGemm] gemm_desc: {isColMajor 0, transA 0, transB 0, m 64, n 16384, k 1152, lda 1152, ldb 16384, ldc 16384, batch_count 1, strideA 0, strideB 0, strideC 0, alpha 1, beta 0, dataType half, a_cast_type half, b_cast_type half} 
MIOpen(HIP): Info2 [CallGemm] rocBLAS
MIOpen(HIP): Info2 [GetKernels] 0 kernels for key: miopenIm2d2Col "c128i128_128w3_3p1_1s1_1d1_1t0"
MIOpen(HIP): Info2 [AddKernel] Key: miopenIm2d2Col "c128i128_128w3_3p1_1s1_1d1_1t0 -DLOCAL_MEM_SIZE=340 -DSTRIDE_GT_1=0 -DNUM_IM_BLKS_EQ_1=0 -DUSE_IM_OFF_GUARD=1"
MIOpen(HIP): Info2 [run] kernel_name = Im2d2Col_v2, global_work_dim = { 2097152, 1, 1 }, local_work_dim = { 256, 1, 1 }
MIOpen(HIP): Info2 [CallGemm] gemm_desc: {isColMajor 0, transA 0, transB 0, m 64, n 16384, k 1152, lda 1152, ldb 16384, ldc 16384, batch_count 1, strideA 0, strideB 0, strideC 0, alpha 1, beta 0, dataType half, a_cast_type half, b_cast_type half} 
MIOpen(HIP): Info2 [CallGemm] rocBLAS
MIOpen(HIP): Info2 [GetKernels] 0 kernels for key: miopenIm2d2Col "c128i128_128w3_3p1_1s1_1d1_1t0"
MIOpen(HIP): Info2 [AddKernel] Key: miopenIm2d2Col "c128i128_128w3_3p1_1s1_1d1_1t0 -DLOCAL_MEM_SIZE=340 -DSTRIDE_GT_1=0 -DNUM_IM_BLKS_EQ_1=0 -DUSE_IM_OFF_GUARD=1"
MIOpen(HIP): Info2 [run] kernel_name = Im2d2Col_v2, global_work_dim = { 2097152, 1, 1 }, local_work_dim = { 256, 1, 1 }
MIOpen(HIP): Info2 [CallGemm] gemm_desc: {isColMajor 0, transA 0, transB 0, m 64, n 16384, k 1152, lda 1152, ldb 16384, ldc 16384, batch_count 1, strideA 0, strideB 0, strideC 0, alpha 1, beta 0, dataType half, a_cast_type half, b_cast_type half} 
MIOpen(HIP): Info2 [CallGemm] rocBLAS
MIOpen(HIP): Info2 [GetKernels] 0 kernels for key: miopenIm2d2Col "c128i128_128w3_3p1_1s1_1d1_1t0"
MIOpen(HIP): Info2 [AddKernel] Key: miopenIm2d2Col "c128i128_128w3_3p1_1s1_1d1_1t0 -DLOCAL_MEM_SIZE=340 -DSTRIDE_GT_1=0 -DNUM_IM_BLKS_EQ_1=0 -DUSE_IM_OFF_GUARD=1"
MIOpen(HIP): Info2 [run] kernel_name = Im2d2Col_v2, global_work_dim = { 2097152, 1, 1 }, local_work_dim = { 256, 1, 1 }
MIOpen(HIP): Info2 [CallGemm] gemm_desc: {isColMajor 0, transA 0, transB 0, m 64, n 16384, k 1152, lda 1152, ldb 16384, ldc 16384, batch_count 1, strideA 0, strideB 0, strideC 0, alpha 1, beta 0, dataType half, a_cast_type half, b_cast_type half} 
MIOpen(HIP): Info2 [CallGemm] rocBLAS
MIOpen(HIP): Info2 [GetKernels] 0 kernels for key: miopenIm2d2Col "c128i128_128w3_3p1_1s1_1d1_1t0"
MIOpen(HIP): Info2 [AddKernel] Key: miopenIm2d2Col "c128i128_128w3_3p1_1s1_1d1_1t0 -DLOCAL_MEM_SIZE=340 -DSTRIDE_GT_1=0 -DNUM_IM_BLKS_EQ_1=0 -DUSE_IM_OFF_GUARD=1"
MIOpen(HIP): Info2 [run] kernel_name = Im2d2Col_v2, global_work_dim = { 2097152, 1, 1 }, local_work_dim = { 256, 1, 1 }
MIOpen(HIP): Info2 [CallGemm] gemm_desc: {isColMajor 0, transA 0, transB 0, m 64, n 16384, k 1152, lda 1152, ldb 16384, ldc 16384, batch_count 1, strideA 0, strideB 0, strideC 0, alpha 1, beta 0, dataType half, a_cast_type half, b_cast_type half} 
MIOpen(HIP): Info2 [CallGemm] rocBLAS
MIOpen(HIP): Info2 [GetKernels] 0 kernels for key: miopenIm2d2Col "c128i128_128w3_3p1_1s1_1d1_1t0"
MIOpen(HIP): Info2 [AddKernel] Key: miopenIm2d2Col "c128i128_128w3_3p1_1s1_1d1_1t0 -DLOCAL_MEM_SIZE=340 -DSTRIDE_GT_1=0 -DNUM_IM_BLKS_EQ_1=0 -DUSE_IM_OFF_GUARD=1"
MIOpen(HIP): Info2 [run] kernel_name = Im2d2Col_v2, global_work_dim = { 2097152, 1, 1 }, local_work_dim = { 256, 1, 1 }
MIOpen(HIP): Info2 [CallGemm] gemm_desc: {isColMajor 0, transA 0, transB 0, m 64, n 16384, k 1152, lda 1152, ldb 16384, ldc 16384, batch_count 1, strideA 0, strideB 0, strideC 0, alpha 1, beta 0, dataType half, a_cast_type half, b_cast_type half} 
MIOpen(HIP): Info2 [CallGemm] rocBLAS
MIOpen(HIP): Info2 [GetKernels] 0 kernels for key: miopenIm2d2Col "c128i128_128w3_3p1_1s1_1d1_1t0"
MIOpen(HIP): Info2 [AddKernel] Key: miopenIm2d2Col "c128i128_128w3_3p1_1s1_1d1_1t0 -DLOCAL_MEM_SIZE=340 -DSTRIDE_GT_1=0 -DNUM_IM_BLKS_EQ_1=0 -DUSE_IM_OFF_GUARD=1"
MIOpen(HIP): Info2 [run] kernel_name = Im2d2Col_v2, global_work_dim = { 2097152, 1, 1 }, local_work_dim = { 256, 1, 1 }
MIOpen(HIP): Info2 [CallGemm] gemm_desc: {isColMajor 0, transA 0, transB 0, m 64, n 16384, k 1152, lda 1152, ldb 16384, ldc 16384, batch_count 1, strideA 0, strideB 0, strideC 0, alpha 1, beta 0, dataType half, a_cast_type half, b_cast_type half} 
MIOpen(HIP): Info2 [CallGemm] rocBLAS
MIOpen(HIP): Info2 [GetKernels] 0 kernels for key: miopenIm2d2Col "c128i128_128w3_3p1_1s1_1d1_1t0"
MIOpen(HIP): Info2 [AddKernel] Key: miopenIm2d2Col "c128i128_128w3_3p1_1s1_1d1_1t0 -DLOCAL_MEM_SIZE=340 -DSTRIDE_GT_1=0 -DNUM_IM_BLKS_EQ_1=0 -DUSE_IM_OFF_GUARD=1"
MIOpen(HIP): Info2 [run] kernel_name = Im2d2Col_v2, global_work_dim = { 2097152, 1, 1 }, local_work_dim = { 256, 1, 1 }
MIOpen(HIP): Info2 [CallGemm] gemm_desc: {isColMajor 0, transA 0, transB 0, m 64, n 16384, k 1152, lda 1152, ldb 16384, ldc 16384, batch_count 1, strideA 0, strideB 0, strideC 0, alpha 1, beta 0, dataType half, a_cast_type half, b_cast_type half} 
MIOpen(HIP): Info2 [CallGemm] rocBLAS
MIOpen(HIP): Info2 [GetKernels] 0 kernels for key: miopenIm2d2Col "c128i128_128w3_3p1_1s1_1d1_1t0"
MIOpen(HIP): Info2 [AddKernel] Key: miopenIm2d2Col "c128i128_128w3_3p1_1s1_1d1_1t0 -DLOCAL_MEM_SIZE=340 -DSTRIDE_GT_1=0 -DNUM_IM_BLKS_EQ_1=0 -DUSE_IM_OFF_GUARD=1"
MIOpen(HIP): Info2 [run] kernel_name = Im2d2Col_v2, global_work_dim = { 2097152, 1, 1 }, local_work_dim = { 256, 1, 1 }
MIOpen(HIP): Info2 [CallGemm] gemm_desc: {isColMajor 0, transA 0, transB 0, m 64, n 16384, k 1152, lda 1152, ldb 16384, ldc 16384, batch_count 1, strideA 0, strideB 0, strideC 0, alpha 1, beta 0, dataType half, a_cast_type half, b_cast_type half} 
MIOpen(HIP): Info2 [CallGemm] rocBLAS
MIOpen(HIP): Info2 [GetKernels] 0 kernels for key: miopenIm2d2Col "c128i128_128w3_3p1_1s1_1d1_1t0"
MIOpen(HIP): Info2 [AddKernel] Key: miopenIm2d2Col "c128i128_128w3_3p1_1s1_1d1_1t0 -DLOCAL_MEM_SIZE=340 -DSTRIDE_GT_1=0 -DNUM_IM_BLKS_EQ_1=0 -DUSE_IM_OFF_GUARD=1"
MIOpen(HIP): Info2 [run] kernel_name = Im2d2Col_v2, global_work_dim = { 2097152, 1, 1 }, local_work_dim = { 256, 1, 1 }
MIOpen(HIP): Info2 [CallGemm] gemm_desc: {isColMajor 0, transA 0, transB 0, m 64, n 16384, k 1152, lda 1152, ldb 16384, ldc 16384, batch_count 1, strideA 0, strideB 0, strideC 0, alpha 1, beta 0, dataType half, a_cast_type half, b_cast_type half} 
MIOpen(HIP): Info2 [CallGemm] rocBLAS
MIOpen(HIP): Info2 [GetKernels] 0 kernels for key: miopenIm2d2Col "c128i128_128w3_3p1_1s1_1d1_1t0"
MIOpen(HIP): Info2 [AddKernel] Key: miopenIm2d2Col "c128i128_128w3_3p1_1s1_1d1_1t0 -DLOCAL_MEM_SIZE=340 -DSTRIDE_GT_1=0 -DNUM_IM_BLKS_EQ_1=0 -DUSE_IM_OFF_GUARD=1"
MIOpen(HIP): Info2 [run] kernel_name = Im2d2Col_v2, global_work_dim = { 2097152, 1, 1 }, local_work_dim = { 256, 1, 1 }
MIOpen(HIP): Info2 [CallGemm] gemm_desc: {isColMajor 0, transA 0, transB 0, m 64, n 16384, k 1152, lda 1152, ldb 16384, ldc 16384, batch_count 1, strideA 0, strideB 0, strideC 0, alpha 1, beta 0, dataType half, a_cast_type half, b_cast_type half} 
MIOpen(HIP): Info2 [CallGemm] rocBLAS
MIOpen(HIP): Info2 [GetKernels] 0 kernels for key: miopenIm2d2Col "c128i128_128w3_3p1_1s1_1d1_1t0"
MIOpen(HIP): Info2 [AddKernel] Key: miopenIm2d2Col "c128i128_128w3_3p1_1s1_1d1_1t0 -DLOCAL_MEM_SIZE=340 -DSTRIDE_GT_1=0 -DNUM_IM_BLKS_EQ_1=0 -DUSE_IM_OFF_GUARD=1"
MIOpen(HIP): Info2 [run] kernel_name = Im2d2Col_v2, global_work_dim = { 2097152, 1, 1 }, local_work_dim = { 256, 1, 1 }
MIOpen(HIP): Info2 [CallGemm] gemm_desc: {isColMajor 0, transA 0, transB 0, m 64, n 16384, k 1152, lda 1152, ldb 16384, ldc 16384, batch_count 1, strideA 0, strideB 0, strideC 0, alpha 1, beta 0, dataType half, a_cast_type half, b_cast_type half} 
MIOpen(HIP): Info2 [CallGemm] rocBLAS
MIOpen(HIP): Info2 [GetKernels] 0 kernels for key: miopenIm2d2Col "c128i128_128w3_3p1_1s1_1d1_1t0"
MIOpen(HIP): Info2 [AddKernel] Key: miopenIm2d2Col "c128i128_128w3_3p1_1s1_1d1_1t0 -DLOCAL_MEM_SIZE=340 -DSTRIDE_GT_1=0 -DNUM_IM_BLKS_EQ_1=0 -DUSE_IM_OFF_GUARD=1"
MIOpen(HIP): Info2 [run] kernel_name = Im2d2Col_v2, global_work_dim = { 2097152, 1, 1 }, local_work_dim = { 256, 1, 1 }
MIOpen(HIP): Info2 [CallGemm] gemm_desc: {isColMajor 0, transA 0, transB 0, m 64, n 16384, k 1152, lda 1152, ldb 16384, ldc 16384, batch_count 1, strideA 0, strideB 0, strideC 0, alpha 1, beta 0, dataType half, a_cast_type half, b_cast_type half} 
MIOpen(HIP): Info2 [CallGemm] rocBLAS
MIOpen(HIP): Info2 [GetKernels] 0 kernels for key: miopenIm2d2Col "c128i128_128w3_3p1_1s1_1d1_1t0"
MIOpen(HIP): Info2 [AddKernel] Key: miopenIm2d2Col "c128i128_128w3_3p1_1s1_1d1_1t0 -DLOCAL_MEM_SIZE=340 -DSTRIDE_GT_1=0 -DNUM_IM_BLKS_EQ_1=0 -DUSE_IM_OFF_GUARD=1"
MIOpen(HIP): Info2 [run] kernel_name = Im2d2Col_v2, global_work_dim = { 2097152, 1, 1 }, local_work_dim = { 256, 1, 1 }
MIOpen(HIP): Info2 [CallGemm] gemm_desc: {isColMajor 0, transA 0, transB 0, m 64, n 16384, k 1152, lda 1152, ldb 16384, ldc 16384, batch_count 1, strideA 0, strideB 0, strideC 0, alpha 1, beta 0, dataType half, a_cast_type half, b_cast_type half} 
MIOpen(HIP): Info2 [CallGemm] rocBLAS
MIOpen(HIP): Info2 [GetKernels] 0 kernels for key: miopenIm2d2Col "c128i128_128w3_3p1_1s1_1d1_1t0"
MIOpen(HIP): Info2 [AddKernel] Key: miopenIm2d2Col "c128i128_128w3_3p1_1s1_1d1_1t0 -DLOCAL_MEM_SIZE=340 -DSTRIDE_GT_1=0 -DNUM_IM_BLKS_EQ_1=0 -DUSE_IM_OFF_GUARD=1"
MIOpen(HIP): Info2 [run] kernel_name = Im2d2Col_v2, global_work_dim = { 2097152, 1, 1 }, local_work_dim = { 256, 1, 1 }
MIOpen(HIP): Info2 [CallGemm] gemm_desc: {isColMajor 0, transA 0, transB 0, m 64, n 16384, k 1152, lda 1152, ldb 16384, ldc 16384, batch_count 1, strideA 0, strideB 0, strideC 0, alpha 1, beta 0, dataType half, a_cast_type half, b_cast_type half} 
MIOpen(HIP): Info2 [CallGemm] rocBLAS
MIOpen(HIP): Info2 [GetKernels] 0 kernels for key: miopenIm2d2Col "c128i128_128w3_3p1_1s1_1d1_1t0"
MIOpen(HIP): Info2 [AddKernel] Key: miopenIm2d2Col "c128i128_128w3_3p1_1s1_1d1_1t0 -DLOCAL_MEM_SIZE=340 -DSTRIDE_GT_1=0 -DNUM_IM_BLKS_EQ_1=0 -DUSE_IM_OFF_GUARD=1"
MIOpen(HIP): Info2 [run] kernel_name = Im2d2Col_v2, global_work_dim = { 2097152, 1, 1 }, local_work_dim = { 256, 1, 1 }
MIOpen(HIP): Info2 [CallGemm] gemm_desc: {isColMajor 0, transA 0, transB 0, m 64, n 16384, k 1152, lda 1152, ldb 16384, ldc 16384, batch_count 1, strideA 0, strideB 0, strideC 0, alpha 1, beta 0, dataType half, a_cast_type half, b_cast_type half} 
MIOpen(HIP): Info2 [CallGemm] rocBLAS
MIOpen(HIP): Info2 [GetKernels] 0 kernels for key: miopenIm2d2Col "c128i128_128w3_3p1_1s1_1d1_1t0"
MIOpen(HIP): Info2 [AddKernel] Key: miopenIm2d2Col "c128i128_128w3_3p1_1s1_1d1_1t0 -DLOCAL_MEM_SIZE=340 -DSTRIDE_GT_1=0 -DNUM_IM_BLKS_EQ_1=0 -DUSE_IM_OFF_GUARD=1"
MIOpen(HIP): Info2 [run] kernel_name = Im2d2Col_v2, global_work_dim = { 2097152, 1, 1 }, local_work_dim = { 256, 1, 1 }
MIOpen(HIP): Info2 [CallGemm] gemm_desc: {isColMajor 0, transA 0, transB 0, m 64, n 16384, k 1152, lda 1152, ldb 16384, ldc 16384, batch_count 1, strideA 0, strideB 0, strideC 0, alpha 1, beta 0, dataType half, a_cast_type half, b_cast_type half} 
MIOpen(HIP): Info2 [CallGemm] rocBLAS
MIOpen(HIP): Info2 [GetKernels] 0 kernels for key: miopenIm2d2Col "c128i128_128w3_3p1_1s1_1d1_1t0"
MIOpen(HIP): Info2 [AddKernel] Key: miopenIm2d2Col "c128i128_128w3_3p1_1s1_1d1_1t0 -DLOCAL_MEM_SIZE=340 -DSTRIDE_GT_1=0 -DNUM_IM_BLKS_EQ_1=0 -DUSE_IM_OFF_GUARD=1"
MIOpen(HIP): Info2 [run] kernel_name = Im2d2Col_v2, global_work_dim = { 2097152, 1, 1 }, local_work_dim = { 256, 1, 1 }
MIOpen(HIP): Info2 [CallGemm] gemm_desc: {isColMajor 0, transA 0, transB 0, m 64, n 16384, k 1152, lda 1152, ldb 16384, ldc 16384, batch_count 1, strideA 0, strideB 0, strideC 0, alpha 1, beta 0, dataType half, a_cast_type half, b_cast_type half} 
MIOpen(HIP): Info2 [CallGemm] rocBLAS
MIOpen(HIP): Info2 [GetKernels] 0 kernels for key: miopenIm2d2Col "c128i128_128w3_3p1_1s1_1d1_1t0"
MIOpen(HIP): Info2 [AddKernel] Key: miopenIm2d2Col "c128i128_128w3_3p1_1s1_1d1_1t0 -DLOCAL_MEM_SIZE=340 -DSTRIDE_GT_1=0 -DNUM_IM_BLKS_EQ_1=0 -DUSE_IM_OFF_GUARD=1"
MIOpen(HIP): Info2 [run] kernel_name = Im2d2Col_v2, global_work_dim = { 2097152, 1, 1 }, local_work_dim = { 256, 1, 1 }
MIOpen(HIP): Info2 [CallGemm] gemm_desc: {isColMajor 0, transA 0, transB 0, m 64, n 16384, k 1152, lda 1152, ldb 16384, ldc 16384, batch_count 1, strideA 0, strideB 0, strideC 0, alpha 1, beta 0, dataType half, a_cast_type half, b_cast_type half} 
MIOpen(HIP): Info2 [CallGemm] rocBLAS
MIOpen(HIP): Info2 [GetKernels] 0 kernels for key: miopenIm2d2Col "c128i128_128w3_3p1_1s1_1d1_1t0"
MIOpen(HIP): Info2 [AddKernel] Key: miopenIm2d2Col "c128i128_128w3_3p1_1s1_1d1_1t0 -DLOCAL_MEM_SIZE=340 -DSTRIDE_GT_1=0 -DNUM_IM_BLKS_EQ_1=0 -DUSE_IM_OFF_GUARD=1"
MIOpen(HIP): Info2 [run] kernel_name = Im2d2Col_v2, global_work_dim = { 2097152, 1, 1 }, local_work_dim = { 256, 1, 1 }
MIOpen(HIP): Info2 [CallGemm] gemm_desc: {isColMajor 0, transA 0, transB 0, m 64, n 16384, k 1152, lda 1152, ldb 16384, ldc 16384, batch_count 1, strideA 0, strideB 0, strideC 0, alpha 1, beta 0, dataType half, a_cast_type half, b_cast_type half} 
MIOpen(HIP): Info2 [CallGemm] rocBLAS
MIOpen(HIP): Info2 [GetKernels] 0 kernels for key: miopenIm2d2Col "c128i128_128w3_3p1_1s1_1d1_1t0"
MIOpen(HIP): Info2 [AddKernel] Key: miopenIm2d2Col "c128i128_128w3_3p1_1s1_1d1_1t0 -DLOCAL_MEM_SIZE=340 -DSTRIDE_GT_1=0 -DNUM_IM_BLKS_EQ_1=0 -DUSE_IM_OFF_GUARD=1"
MIOpen(HIP): Info2 [run] kernel_name = Im2d2Col_v2, global_work_dim = { 2097152, 1, 1 }, local_work_dim = { 256, 1, 1 }
MIOpen(HIP): Info2 [CallGemm] gemm_desc: {isColMajor 0, transA 0, transB 0, m 64, n 16384, k 1152, lda 1152, ldb 16384, ldc 16384, batch_count 1, strideA 0, strideB 0, strideC 0, alpha 1, beta 0, dataType half, a_cast_type half, b_cast_type half} 
MIOpen(HIP): Info2 [CallGemm] rocBLAS
MIOpen(HIP): Info2 [GetKernels] 0 kernels for key: miopenIm2d2Col "c128i128_128w3_3p1_1s1_1d1_1t0"
MIOpen(HIP): Info2 [AddKernel] Key: miopenIm2d2Col "c128i128_128w3_3p1_1s1_1d1_1t0 -DLOCAL_MEM_SIZE=340 -DSTRIDE_GT_1=0 -DNUM_IM_BLKS_EQ_1=0 -DUSE_IM_OFF_GUARD=1"
MIOpen(HIP): Info2 [run] kernel_name = Im2d2Col_v2, global_work_dim = { 2097152, 1, 1 }, local_work_dim = { 256, 1, 1 }
MIOpen(HIP): Info2 [CallGemm] gemm_desc: {isColMajor 0, transA 0, transB 0, m 64, n 16384, k 1152, lda 1152, ldb 16384, ldc 16384, batch_count 1, strideA 0, strideB 0, strideC 0, alpha 1, beta 0, dataType half, a_cast_type half, b_cast_type half} 
MIOpen(HIP): Info2 [CallGemm] rocBLAS
MIOpen(HIP): Info2 [GetKernels] 0 kernels for key: miopenIm2d2Col "c128i128_128w3_3p1_1s1_1d1_1t0"
MIOpen(HIP): Info2 [AddKernel] Key: miopenIm2d2Col "c128i128_128w3_3p1_1s1_1d1_1t0 -DLOCAL_MEM_SIZE=340 -DSTRIDE_GT_1=0 -DNUM_IM_BLKS_EQ_1=0 -DUSE_IM_OFF_GUARD=1"
MIOpen(HIP): Info2 [run] kernel_name = Im2d2Col_v2, global_work_dim = { 2097152, 1, 1 }, local_work_dim = { 256, 1, 1 }
MIOpen(HIP): Info2 [CallGemm] gemm_desc: {isColMajor 0, transA 0, transB 0, m 64, n 16384, k 1152, lda 1152, ldb 16384, ldc 16384, batch_count 1, strideA 0, strideB 0, strideC 0, alpha 1, beta 0, dataType half, a_cast_type half, b_cast_type half} 
MIOpen(HIP): Info2 [CallGemm] rocBLAS
MIOpen(HIP): Info2 [GetKernels] 0 kernels for key: miopenIm2d2Col "c128i128_128w3_3p1_1s1_1d1_1t0"
MIOpen(HIP): Info2 [AddKernel] Key: miopenIm2d2Col "c128i128_128w3_3p1_1s1_1d1_1t0 -DLOCAL_MEM_SIZE=340 -DSTRIDE_GT_1=0 -DNUM_IM_BLKS_EQ_1=0 -DUSE_IM_OFF_GUARD=1"
MIOpen(HIP): Info2 [run] kernel_name = Im2d2Col_v2, global_work_dim = { 2097152, 1, 1 }, local_work_dim = { 256, 1, 1 }
MIOpen(HIP): Info2 [CallGemm] gemm_desc: {isColMajor 0, transA 0, transB 0, m 64, n 16384, k 1152, lda 1152, ldb 16384, ldc 16384, batch_count 1, strideA 0, strideB 0, strideC 0, alpha 1, beta 0, dataType half, a_cast_type half, b_cast_type half} 
MIOpen(HIP): Info2 [CallGemm] rocBLAS
MIOpen(HIP): Info2 [GetKernels] 0 kernels for key: miopenIm2d2Col "c128i128_128w3_3p1_1s1_1d1_1t0"
MIOpen(HIP): Info2 [AddKernel] Key: miopenIm2d2Col "c128i128_128w3_3p1_1s1_1d1_1t0 -DLOCAL_MEM_SIZE=340 -DSTRIDE_GT_1=0 -DNUM_IM_BLKS_EQ_1=0 -DUSE_IM_OFF_GUARD=1"
MIOpen(HIP): Info2 [run] kernel_name = Im2d2Col_v2, global_work_dim = { 2097152, 1, 1 }, local_work_dim = { 256, 1, 1 }
MIOpen(HIP): Info2 [CallGemm] gemm_desc: {isColMajor 0, transA 0, transB 0, m 64, n 16384, k 1152, lda 1152, ldb 16384, ldc 16384, batch_count 1, strideA 0, strideB 0, strideC 0, alpha 1, beta 0, dataType half, a_cast_type half, b_cast_type half} 
MIOpen(HIP): Info2 [CallGemm] rocBLAS
MIOpen(HIP): Info2 [GetKernels] 0 kernels for key: miopenIm2d2Col "c128i128_128w3_3p1_1s1_1d1_1t0"
MIOpen(HIP): Info2 [AddKernel] Key: miopenIm2d2Col "c128i128_128w3_3p1_1s1_1d1_1t0 -DLOCAL_MEM_SIZE=340 -DSTRIDE_GT_1=0 -DNUM_IM_BLKS_EQ_1=0 -DUSE_IM_OFF_GUARD=1"
MIOpen(HIP): Info2 [run] kernel_name = Im2d2Col_v2, global_work_dim = { 2097152, 1, 1 }, local_work_dim = { 256, 1, 1 }
MIOpen(HIP): Info2 [CallGemm] gemm_desc: {isColMajor 0, transA 0, transB 0, m 64, n 16384, k 1152, lda 1152, ldb 16384, ldc 16384, batch_count 1, strideA 0, strideB 0, strideC 0, alpha 1, beta 0, dataType half, a_cast_type half, b_cast_type half} 
MIOpen(HIP): Info2 [CallGemm] rocBLAS
MIOpen(HIP): Info2 [GetKernels] 0 kernels for key: miopenIm2d2Col "c128i128_128w3_3p1_1s1_1d1_1t0"
MIOpen(HIP): Info2 [AddKernel] Key: miopenIm2d2Col "c128i128_128w3_3p1_1s1_1d1_1t0 -DLOCAL_MEM_SIZE=340 -DSTRIDE_GT_1=0 -DNUM_IM_BLKS_EQ_1=0 -DUSE_IM_OFF_GUARD=1"
MIOpen(HIP): Info2 [run] kernel_name = Im2d2Col_v2, global_work_dim = { 2097152, 1, 1 }, local_work_dim = { 256, 1, 1 }
MIOpen(HIP): Info2 [CallGemm] gemm_desc: {isColMajor 0, transA 0, transB 0, m 64, n 16384, k 1152, lda 1152, ldb 16384, ldc 16384, batch_count 1, strideA 0, strideB 0, strideC 0, alpha 1, beta 0, dataType half, a_cast_type half, b_cast_type half} 
MIOpen(HIP): Info2 [CallGemm] rocBLAS
MIOpen(HIP): Info2 [GetKernels] 0 kernels for key: miopenIm2d2Col "c128i128_128w3_3p1_1s1_1d1_1t0"
MIOpen(HIP): Info2 [AddKernel] Key: miopenIm2d2Col "c128i128_128w3_3p1_1s1_1d1_1t0 -DLOCAL_MEM_SIZE=340 -DSTRIDE_GT_1=0 -DNUM_IM_BLKS_EQ_1=0 -DUSE_IM_OFF_GUARD=1"
MIOpen(HIP): Info2 [run] kernel_name = Im2d2Col_v2, global_work_dim = { 2097152, 1, 1 }, local_work_dim = { 256, 1, 1 }
MIOpen(HIP): Info2 [CallGemm] gemm_desc: {isColMajor 0, transA 0, transB 0, m 64, n 16384, k 1152, lda 1152, ldb 16384, ldc 16384, batch_count 1, strideA 0, strideB 0, strideC 0, alpha 1, beta 0, dataType half, a_cast_type half, b_cast_type half} 
MIOpen(HIP): Info2 [CallGemm] rocBLAS
MIOpen(HIP): Info2 [GetKernels] 0 kernels for key: miopenIm2d2Col "c128i128_128w3_3p1_1s1_1d1_1t0"
MIOpen(HIP): Info2 [AddKernel] Key: miopenIm2d2Col "c128i128_128w3_3p1_1s1_1d1_1t0 -DLOCAL_MEM_SIZE=340 -DSTRIDE_GT_1=0 -DNUM_IM_BLKS_EQ_1=0 -DUSE_IM_OFF_GUARD=1"
MIOpen(HIP): Info2 [run] kernel_name = Im2d2Col_v2, global_work_dim = { 2097152, 1, 1 }, local_work_dim = { 256, 1, 1 }
MIOpen(HIP): Info2 [CallGemm] gemm_desc: {isColMajor 0, transA 0, transB 0, m 64, n 16384, k 1152, lda 1152, ldb 16384, ldc 16384, batch_count 1, strideA 0, strideB 0, strideC 0, alpha 1, beta 0, dataType half, a_cast_type half, b_cast_type half} 
MIOpen(HIP): Info2 [CallGemm] rocBLAS
MIOpen(HIP): Info2 [GetKernels] 0 kernels for key: miopenIm2d2Col "c128i128_128w3_3p1_1s1_1d1_1t0"
MIOpen(HIP): Info2 [AddKernel] Key: miopenIm2d2Col "c128i128_128w3_3p1_1s1_1d1_1t0 -DLOCAL_MEM_SIZE=340 -DSTRIDE_GT_1=0 -DNUM_IM_BLKS_EQ_1=0 -DUSE_IM_OFF_GUARD=1"
MIOpen(HIP): Info2 [run] kernel_name = Im2d2Col_v2, global_work_dim = { 2097152, 1, 1 }, local_work_dim = { 256, 1, 1 }
MIOpen(HIP): Info2 [CallGemm] gemm_desc: {isColMajor 0, transA 0, transB 0, m 64, n 16384, k 1152, lda 1152, ldb 16384, ldc 16384, batch_count 1, strideA 0, strideB 0, strideC 0, alpha 1, beta 0, dataType half, a_cast_type half, b_cast_type half} 
MIOpen(HIP): Info2 [CallGemm] rocBLAS
MIOpen(HIP): Info2 [GetKernels] 0 kernels for key: miopenIm2d2Col "c128i128_128w3_3p1_1s1_1d1_1t0"
MIOpen(HIP): Info2 [AddKernel] Key: miopenIm2d2Col "c128i128_128w3_3p1_1s1_1d1_1t0 -DLOCAL_MEM_SIZE=340 -DSTRIDE_GT_1=0 -DNUM_IM_BLKS_EQ_1=0 -DUSE_IM_OFF_GUARD=1"
MIOpen(HIP): Info2 [run] kernel_name = Im2d2Col_v2, global_work_dim = { 2097152, 1, 1 }, local_work_dim = { 256, 1, 1 }
MIOpen(HIP): Info2 [CallGemm] gemm_desc: {isColMajor 0, transA 0, transB 0, m 64, n 16384, k 1152, lda 1152, ldb 16384, ldc 16384, batch_count 1, strideA 0, strideB 0, strideC 0, alpha 1, beta 0, dataType half, a_cast_type half, b_cast_type half} 
MIOpen(HIP): Info2 [CallGemm] rocBLAS
MIOpen(HIP): Info2 [GetKernels] 0 kernels for key: miopenIm2d2Col "c128i128_128w3_3p1_1s1_1d1_1t0"
MIOpen(HIP): Info2 [AddKernel] Key: miopenIm2d2Col "c128i128_128w3_3p1_1s1_1d1_1t0 -DLOCAL_MEM_SIZE=340 -DSTRIDE_GT_1=0 -DNUM_IM_BLKS_EQ_1=0 -DUSE_IM_OFF_GUARD=1"
MIOpen(HIP): Info2 [run] kernel_name = Im2d2Col_v2, global_work_dim = { 2097152, 1, 1 }, local_work_dim = { 256, 1, 1 }
MIOpen(HIP): Info2 [CallGemm] gemm_desc: {isColMajor 0, transA 0, transB 0, m 64, n 16384, k 1152, lda 1152, ldb 16384, ldc 16384, batch_count 1, strideA 0, strideB 0, strideC 0, alpha 1, beta 0, dataType half, a_cast_type half, b_cast_type half} 
MIOpen(HIP): Info2 [CallGemm] rocBLAS
MIOpen(HIP): Info2 [GetKernels] 0 kernels for key: miopenIm2d2Col "c128i128_128w3_3p1_1s1_1d1_1t0"
MIOpen(HIP): Info2 [AddKernel] Key: miopenIm2d2Col "c128i128_128w3_3p1_1s1_1d1_1t0 -DLOCAL_MEM_SIZE=340 -DSTRIDE_GT_1=0 -DNUM_IM_BLKS_EQ_1=0 -DUSE_IM_OFF_GUARD=1"
MIOpen(HIP): Info2 [run] kernel_name = Im2d2Col_v2, global_work_dim = { 2097152, 1, 1 }, local_work_dim = { 256, 1, 1 }
MIOpen(HIP): Info2 [CallGemm] gemm_desc: {isColMajor 0, transA 0, transB 0, m 64, n 16384, k 1152, lda 1152, ldb 16384, ldc 16384, batch_count 1, strideA 0, strideB 0, strideC 0, alpha 1, beta 0, dataType half, a_cast_type half, b_cast_type half} 
MIOpen(HIP): Info2 [CallGemm] rocBLAS
MIOpen(HIP): Info2 [GetKernels] 0 kernels for key: miopenIm2d2Col "c128i128_128w3_3p1_1s1_1d1_1t0"
MIOpen(HIP): Info2 [AddKernel] Key: miopenIm2d2Col "c128i128_128w3_3p1_1s1_1d1_1t0 -DLOCAL_MEM_SIZE=340 -DSTRIDE_GT_1=0 -DNUM_IM_BLKS_EQ_1=0 -DUSE_IM_OFF_GUARD=1"
MIOpen(HIP): Info2 [run] kernel_name = Im2d2Col_v2, global_work_dim = { 2097152, 1, 1 }, local_work_dim = { 256, 1, 1 }
MIOpen(HIP): Info2 [CallGemm] gemm_desc: {isColMajor 0, transA 0, transB 0, m 64, n 16384, k 1152, lda 1152, ldb 16384, ldc 16384, batch_count 1, strideA 0, strideB 0, strideC 0, alpha 1, beta 0, dataType half, a_cast_type half, b_cast_type half} 
MIOpen(HIP): Info2 [CallGemm] rocBLAS
MIOpen(HIP): Info2 [GetKernels] 0 kernels for key: miopenIm2d2Col "c128i128_128w3_3p1_1s1_1d1_1t0"
MIOpen(HIP): Info2 [AddKernel] Key: miopenIm2d2Col "c128i128_128w3_3p1_1s1_1d1_1t0 -DLOCAL_MEM_SIZE=340 -DSTRIDE_GT_1=0 -DNUM_IM_BLKS_EQ_1=0 -DUSE_IM_OFF_GUARD=1"
MIOpen(HIP): Info2 [run] kernel_name = Im2d2Col_v2, global_work_dim = { 2097152, 1, 1 }, local_work_dim = { 256, 1, 1 }
MIOpen(HIP): Info2 [CallGemm] gemm_desc: {isColMajor 0, transA 0, transB 0, m 64, n 16384, k 1152, lda 1152, ldb 16384, ldc 16384, batch_count 1, strideA 0, strideB 0, strideC 0, alpha 1, beta 0, dataType half, a_cast_type half, b_cast_type half} 
MIOpen(HIP): Info2 [CallGemm] rocBLAS
MIOpen(HIP): Info2 [GetKernels] 0 kernels for key: miopenIm2d2Col "c128i128_128w3_3p1_1s1_1d1_1t0"
MIOpen(HIP): Info2 [AddKernel] Key: miopenIm2d2Col "c128i128_128w3_3p1_1s1_1d1_1t0 -DLOCAL_MEM_SIZE=340 -DSTRIDE_GT_1=0 -DNUM_IM_BLKS_EQ_1=0 -DUSE_IM_OFF_GUARD=1"
MIOpen(HIP): Info2 [run] kernel_name = Im2d2Col_v2, global_work_dim = { 2097152, 1, 1 }, local_work_dim = { 256, 1, 1 }
MIOpen(HIP): Info2 [CallGemm] gemm_desc: {isColMajor 0, transA 0, transB 0, m 64, n 16384, k 1152, lda 1152, ldb 16384, ldc 16384, batch_count 1, strideA 0, strideB 0, strideC 0, alpha 1, beta 0, dataType half, a_cast_type half, b_cast_type half} 
MIOpen(HIP): Info2 [CallGemm] rocBLAS
MIOpen(HIP): Info2 [GetKernels] 0 kernels for key: miopenIm2d2Col "c128i128_128w3_3p1_1s1_1d1_1t0"
MIOpen(HIP): Info2 [AddKernel] Key: miopenIm2d2Col "c128i128_128w3_3p1_1s1_1d1_1t0 -DLOCAL_MEM_SIZE=340 -DSTRIDE_GT_1=0 -DNUM_IM_BLKS_EQ_1=0 -DUSE_IM_OFF_GUARD=1"
MIOpen(HIP): Info2 [run] kernel_name = Im2d2Col_v2, global_work_dim = { 2097152, 1, 1 }, local_work_dim = { 256, 1, 1 }
MIOpen(HIP): Info2 [CallGemm] gemm_desc: {isColMajor 0, transA 0, transB 0, m 64, n 16384, k 1152, lda 1152, ldb 16384, ldc 16384, batch_count 1, strideA 0, strideB 0, strideC 0, alpha 1, beta 0, dataType half, a_cast_type half, b_cast_type half} 
MIOpen(HIP): Info2 [CallGemm] rocBLAS
MIOpen(HIP): Info2 [GetKernels] 0 kernels for key: miopenIm2d2Col "c128i128_128w3_3p1_1s1_1d1_1t0"
MIOpen(HIP): Info2 [AddKernel] Key: miopenIm2d2Col "c128i128_128w3_3p1_1s1_1d1_1t0 -DLOCAL_MEM_SIZE=340 -DSTRIDE_GT_1=0 -DNUM_IM_BLKS_EQ_1=0 -DUSE_IM_OFF_GUARD=1"
MIOpen(HIP): Info2 [run] kernel_name = Im2d2Col_v2, global_work_dim = { 2097152, 1, 1 }, local_work_dim = { 256, 1, 1 }
MIOpen(HIP): Info2 [CallGemm] gemm_desc: {isColMajor 0, transA 0, transB 0, m 64, n 16384, k 1152, lda 1152, ldb 16384, ldc 16384, batch_count 1, strideA 0, strideB 0, strideC 0, alpha 1, beta 0, dataType half, a_cast_type half, b_cast_type half} 
MIOpen(HIP): Info2 [CallGemm] rocBLAS
MIOpen(HIP): Info2 [GetKernels] 0 kernels for key: miopenIm2d2Col "c128i128_128w3_3p1_1s1_1d1_1t0"
MIOpen(HIP): Info2 [AddKernel] Key: miopenIm2d2Col "c128i128_128w3_3p1_1s1_1d1_1t0 -DLOCAL_MEM_SIZE=340 -DSTRIDE_GT_1=0 -DNUM_IM_BLKS_EQ_1=0 -DUSE_IM_OFF_GUARD=1"
MIOpen(HIP): Info2 [run] kernel_name = Im2d2Col_v2, global_work_dim = { 2097152, 1, 1 }, local_work_dim = { 256, 1, 1 }
MIOpen(HIP): Info2 [CallGemm] gemm_desc: {isColMajor 0, transA 0, transB 0, m 64, n 16384, k 1152, lda 1152, ldb 16384, ldc 16384, batch_count 1, strideA 0, strideB 0, strideC 0, alpha 1, beta 0, dataType half, a_cast_type half, b_cast_type half} 
MIOpen(HIP): Info2 [CallGemm] rocBLAS
MIOpen(HIP): Info2 [GetKernels] 0 kernels for key: miopenIm2d2Col "c128i128_128w3_3p1_1s1_1d1_1t0"
MIOpen(HIP): Info2 [AddKernel] Key: miopenIm2d2Col "c128i128_128w3_3p1_1s1_1d1_1t0 -DLOCAL_MEM_SIZE=340 -DSTRIDE_GT_1=0 -DNUM_IM_BLKS_EQ_1=0 -DUSE_IM_OFF_GUARD=1"
MIOpen(HIP): Info2 [run] kernel_name = Im2d2Col_v2, global_work_dim = { 2097152, 1, 1 }, local_work_dim = { 256, 1, 1 }
MIOpen(HIP): Info2 [CallGemm] gemm_desc: {isColMajor 0, transA 0, transB 0, m 64, n 16384, k 1152, lda 1152, ldb 16384, ldc 16384, batch_count 1, strideA 0, strideB 0, strideC 0, alpha 1, beta 0, dataType half, a_cast_type half, b_cast_type half} 
MIOpen(HIP): Info2 [CallGemm] rocBLAS
MIOpen(HIP): Info2 [GetKernels] 0 kernels for key: miopenIm2d2Col "c128i128_128w3_3p1_1s1_1d1_1t0"
MIOpen(HIP): Info2 [AddKernel] Key: miopenIm2d2Col "c128i128_128w3_3p1_1s1_1d1_1t0 -DLOCAL_MEM_SIZE=340 -DSTRIDE_GT_1=0 -DNUM_IM_BLKS_EQ_1=0 -DUSE_IM_OFF_GUARD=1"
MIOpen(HIP): Info2 [run] kernel_name = Im2d2Col_v2, global_work_dim = { 2097152, 1, 1 }, local_work_dim = { 256, 1, 1 }
MIOpen(HIP): Info2 [CallGemm] gemm_desc: {isColMajor 0, transA 0, transB 0, m 64, n 16384, k 1152, lda 1152, ldb 16384, ldc 16384, batch_count 1, strideA 0, strideB 0, strideC 0, alpha 1, beta 0, dataType half, a_cast_type half, b_cast_type half} 
MIOpen(HIP): Info2 [CallGemm] rocBLAS
MIOpen(HIP): Info2 [GetKernels] 0 kernels for key: miopenIm2d2Col "c128i128_128w3_3p1_1s1_1d1_1t0"
MIOpen(HIP): Info2 [AddKernel] Key: miopenIm2d2Col "c128i128_128w3_3p1_1s1_1d1_1t0 -DLOCAL_MEM_SIZE=340 -DSTRIDE_GT_1=0 -DNUM_IM_BLKS_EQ_1=0 -DUSE_IM_OFF_GUARD=1"
MIOpen(HIP): Info2 [run] kernel_name = Im2d2Col_v2, global_work_dim = { 2097152, 1, 1 }, local_work_dim = { 256, 1, 1 }
MIOpen(HIP): Info2 [CallGemm] gemm_desc: {isColMajor 0, transA 0, transB 0, m 64, n 16384, k 1152, lda 1152, ldb 16384, ldc 16384, batch_count 1, strideA 0, strideB 0, strideC 0, alpha 1, beta 0, dataType half, a_cast_type half, b_cast_type half} 
MIOpen(HIP): Info2 [CallGemm] rocBLAS
MIOpen(HIP): Info2 [GetKernels] 0 kernels for key: miopenIm2d2Col "c128i128_128w3_3p1_1s1_1d1_1t0"
MIOpen(HIP): Info2 [AddKernel] Key: miopenIm2d2Col "c128i128_128w3_3p1_1s1_1d1_1t0 -DLOCAL_MEM_SIZE=340 -DSTRIDE_GT_1=0 -DNUM_IM_BLKS_EQ_1=0 -DUSE_IM_OFF_GUARD=1"
MIOpen(HIP): Info2 [run] kernel_name = Im2d2Col_v2, global_work_dim = { 2097152, 1, 1 }, local_work_dim = { 256, 1, 1 }
MIOpen(HIP): Info2 [CallGemm] gemm_desc: {isColMajor 0, transA 0, transB 0, m 64, n 16384, k 1152, lda 1152, ldb 16384, ldc 16384, batch_count 1, strideA 0, strideB 0, strideC 0, alpha 1, beta 0, dataType half, a_cast_type half, b_cast_type half} 
MIOpen(HIP): Info2 [CallGemm] rocBLAS
MIOpen(HIP): Info2 [GetKernels] 0 kernels for key: miopenIm2d2Col "c128i128_128w3_3p1_1s1_1d1_1t0"
MIOpen(HIP): Info2 [AddKernel] Key: miopenIm2d2Col "c128i128_128w3_3p1_1s1_1d1_1t0 -DLOCAL_MEM_SIZE=340 -DSTRIDE_GT_1=0 -DNUM_IM_BLKS_EQ_1=0 -DUSE_IM_OFF_GUARD=1"
MIOpen(HIP): Info2 [run] kernel_name = Im2d2Col_v2, global_work_dim = { 2097152, 1, 1 }, local_work_dim = { 256, 1, 1 }
MIOpen(HIP): Info2 [CallGemm] gemm_desc: {isColMajor 0, transA 0, transB 0, m 64, n 16384, k 1152, lda 1152, ldb 16384, ldc 16384, batch_count 1, strideA 0, strideB 0, strideC 0, alpha 1, beta 0, dataType half, a_cast_type half, b_cast_type half} 
MIOpen(HIP): Info2 [CallGemm] rocBLAS
MIOpen(HIP): Info2 [GetKernels] 0 kernels for key: miopenIm2d2Col "c128i128_128w3_3p1_1s1_1d1_1t0"
MIOpen(HIP): Info2 [AddKernel] Key: miopenIm2d2Col "c128i128_128w3_3p1_1s1_1d1_1t0 -DLOCAL_MEM_SIZE=340 -DSTRIDE_GT_1=0 -DNUM_IM_BLKS_EQ_1=0 -DUSE_IM_OFF_GUARD=1"
MIOpen(HIP): Info2 [run] kernel_name = Im2d2Col_v2, global_work_dim = { 2097152, 1, 1 }, local_work_dim = { 256, 1, 1 }
MIOpen(HIP): Info2 [CallGemm] gemm_desc: {isColMajor 0, transA 0, transB 0, m 64, n 16384, k 1152, lda 1152, ldb 16384, ldc 16384, batch_count 1, strideA 0, strideB 0, strideC 0, alpha 1, beta 0, dataType half, a_cast_type half, b_cast_type half} 
MIOpen(HIP): Info2 [CallGemm] rocBLAS
MIOpen(HIP): Info2 [GetKernels] 0 kernels for key: miopenIm2d2Col "c128i128_128w3_3p1_1s1_1d1_1t0"
MIOpen(HIP): Info2 [AddKernel] Key: miopenIm2d2Col "c128i128_128w3_3p1_1s1_1d1_1t0 -DLOCAL_MEM_SIZE=340 -DSTRIDE_GT_1=0 -DNUM_IM_BLKS_EQ_1=0 -DUSE_IM_OFF_GUARD=1"
MIOpen(HIP): Info2 [run] kernel_name = Im2d2Col_v2, global_work_dim = { 2097152, 1, 1 }, local_work_dim = { 256, 1, 1 }
MIOpen(HIP): Info2 [CallGemm] gemm_desc: {isColMajor 0, transA 0, transB 0, m 64, n 16384, k 1152, lda 1152, ldb 16384, ldc 16384, batch_count 1, strideA 0, strideB 0, strideC 0, alpha 1, beta 0, dataType half, a_cast_type half, b_cast_type half} 
MIOpen(HIP): Info2 [CallGemm] rocBLAS
MIOpen(HIP): Info2 [GetKernels] 0 kernels for key: miopenIm2d2Col "c128i128_128w3_3p1_1s1_1d1_1t0"
MIOpen(HIP): Info2 [AddKernel] Key: miopenIm2d2Col "c128i128_128w3_3p1_1s1_1d1_1t0 -DLOCAL_MEM_SIZE=340 -DSTRIDE_GT_1=0 -DNUM_IM_BLKS_EQ_1=0 -DUSE_IM_OFF_GUARD=1"
MIOpen(HIP): Info2 [run] kernel_name = Im2d2Col_v2, global_work_dim = { 2097152, 1, 1 }, local_work_dim = { 256, 1, 1 }
MIOpen(HIP): Info2 [CallGemm] gemm_desc: {isColMajor 0, transA 0, transB 0, m 64, n 16384, k 1152, lda 1152, ldb 16384, ldc 16384, batch_count 1, strideA 0, strideB 0, strideC 0, alpha 1, beta 0, dataType half, a_cast_type half, b_cast_type half} 
MIOpen(HIP): Info2 [CallGemm] rocBLAS
MIOpen(HIP): Info2 [GetKernels] 0 kernels for key: miopenIm2d2Col "c128i128_128w3_3p1_1s1_1d1_1t0"
MIOpen(HIP): Info2 [AddKernel] Key: miopenIm2d2Col "c128i128_128w3_3p1_1s1_1d1_1t0 -DLOCAL_MEM_SIZE=340 -DSTRIDE_GT_1=0 -DNUM_IM_BLKS_EQ_1=0 -DUSE_IM_OFF_GUARD=1"
MIOpen(HIP): Info2 [run] kernel_name = Im2d2Col_v2, global_work_dim = { 2097152, 1, 1 }, local_work_dim = { 256, 1, 1 }
MIOpen(HIP): Info2 [CallGemm] gemm_desc: {isColMajor 0, transA 0, transB 0, m 64, n 16384, k 1152, lda 1152, ldb 16384, ldc 16384, batch_count 1, strideA 0, strideB 0, strideC 0, alpha 1, beta 0, dataType half, a_cast_type half, b_cast_type half} 
MIOpen(HIP): Info2 [CallGemm] rocBLAS
MIOpen(HIP): Info2 [GetKernels] 0 kernels for key: miopenIm2d2Col "c128i128_128w3_3p1_1s1_1d1_1t0"
MIOpen(HIP): Info2 [AddKernel] Key: miopenIm2d2Col "c128i128_128w3_3p1_1s1_1d1_1t0 -DLOCAL_MEM_SIZE=340 -DSTRIDE_GT_1=0 -DNUM_IM_BLKS_EQ_1=0 -DUSE_IM_OFF_GUARD=1"
MIOpen(HIP): Info2 [run] kernel_name = Im2d2Col_v2, global_work_dim = { 2097152, 1, 1 }, local_work_dim = { 256, 1, 1 }
MIOpen(HIP): Info2 [CallGemm] gemm_desc: {isColMajor 0, transA 0, transB 0, m 64, n 16384, k 1152, lda 1152, ldb 16384, ldc 16384, batch_count 1, strideA 0, strideB 0, strideC 0, alpha 1, beta 0, dataType half, a_cast_type half, b_cast_type half} 
MIOpen(HIP): Info2 [CallGemm] rocBLAS
MIOpen(HIP): Info2 [GetKernels] 0 kernels for key: miopenIm2d2Col "c128i128_128w3_3p1_1s1_1d1_1t0"
MIOpen(HIP): Info2 [AddKernel] Key: miopenIm2d2Col "c128i128_128w3_3p1_1s1_1d1_1t0 -DLOCAL_MEM_SIZE=340 -DSTRIDE_GT_1=0 -DNUM_IM_BLKS_EQ_1=0 -DUSE_IM_OFF_GUARD=1"
MIOpen(HIP): Info2 [run] kernel_name = Im2d2Col_v2, global_work_dim = { 2097152, 1, 1 }, local_work_dim = { 256, 1, 1 }
MIOpen(HIP): Info2 [CallGemm] gemm_desc: {isColMajor 0, transA 0, transB 0, m 64, n 16384, k 1152, lda 1152, ldb 16384, ldc 16384, batch_count 1, strideA 0, strideB 0, strideC 0, alpha 1, beta 0, dataType half, a_cast_type half, b_cast_type half} 
MIOpen(HIP): Info2 [CallGemm] rocBLAS
MIOpen(HIP): Info2 [GetKernels] 0 kernels for key: miopenIm2d2Col "c128i128_128w3_3p1_1s1_1d1_1t0"
MIOpen(HIP): Info2 [AddKernel] Key: miopenIm2d2Col "c128i128_128w3_3p1_1s1_1d1_1t0 -DLOCAL_MEM_SIZE=340 -DSTRIDE_GT_1=0 -DNUM_IM_BLKS_EQ_1=0 -DUSE_IM_OFF_GUARD=1"
MIOpen(HIP): Info2 [run] kernel_name = Im2d2Col_v2, global_work_dim = { 2097152, 1, 1 }, local_work_dim = { 256, 1, 1 }
MIOpen(HIP): Info2 [CallGemm] gemm_desc: {isColMajor 0, transA 0, transB 0, m 64, n 16384, k 1152, lda 1152, ldb 16384, ldc 16384, batch_count 1, strideA 0, strideB 0, strideC 0, alpha 1, beta 0, dataType half, a_cast_type half, b_cast_type half} 
MIOpen(HIP): Info2 [CallGemm] rocBLAS
MIOpen(HIP): Info2 [GetKernels] 0 kernels for key: miopenIm2d2Col "c128i128_128w3_3p1_1s1_1d1_1t0"
MIOpen(HIP): Info2 [AddKernel] Key: miopenIm2d2Col "c128i128_128w3_3p1_1s1_1d1_1t0 -DLOCAL_MEM_SIZE=340 -DSTRIDE_GT_1=0 -DNUM_IM_BLKS_EQ_1=0 -DUSE_IM_OFF_GUARD=1"
MIOpen(HIP): Info2 [run] kernel_name = Im2d2Col_v2, global_work_dim = { 2097152, 1, 1 }, local_work_dim = { 256, 1, 1 }
MIOpen(HIP): Info2 [CallGemm] gemm_desc: {isColMajor 0, transA 0, transB 0, m 64, n 16384, k 1152, lda 1152, ldb 16384, ldc 16384, batch_count 1, strideA 0, strideB 0, strideC 0, alpha 1, beta 0, dataType half, a_cast_type half, b_cast_type half} 
MIOpen(HIP): Info2 [CallGemm] rocBLAS
MIOpen(HIP): Info2 [GetKernels] 0 kernels for key: miopenIm2d2Col "c128i128_128w3_3p1_1s1_1d1_1t0"
MIOpen(HIP): Info2 [AddKernel] Key: miopenIm2d2Col "c128i128_128w3_3p1_1s1_1d1_1t0 -DLOCAL_MEM_SIZE=340 -DSTRIDE_GT_1=0 -DNUM_IM_BLKS_EQ_1=0 -DUSE_IM_OFF_GUARD=1"
MIOpen(HIP): Info2 [run] kernel_name = Im2d2Col_v2, global_work_dim = { 2097152, 1, 1 }, local_work_dim = { 256, 1, 1 }
MIOpen(HIP): Info2 [CallGemm] gemm_desc: {isColMajor 0, transA 0, transB 0, m 64, n 16384, k 1152, lda 1152, ldb 16384, ldc 16384, batch_count 1, strideA 0, strideB 0, strideC 0, alpha 1, beta 0, dataType half, a_cast_type half, b_cast_type half} 
MIOpen(HIP): Info2 [CallGemm] rocBLAS
MIOpen(HIP): Info2 [GetKernels] 0 kernels for key: miopenIm2d2Col "c128i128_128w3_3p1_1s1_1d1_1t0"
MIOpen(HIP): Info2 [AddKernel] Key: miopenIm2d2Col "c128i128_128w3_3p1_1s1_1d1_1t0 -DLOCAL_MEM_SIZE=340 -DSTRIDE_GT_1=0 -DNUM_IM_BLKS_EQ_1=0 -DUSE_IM_OFF_GUARD=1"
MIOpen(HIP): Info2 [run] kernel_name = Im2d2Col_v2, global_work_dim = { 2097152, 1, 1 }, local_work_dim = { 256, 1, 1 }
MIOpen(HIP): Info2 [CallGemm] gemm_desc: {isColMajor 0, transA 0, transB 0, m 64, n 16384, k 1152, lda 1152, ldb 16384, ldc 16384, batch_count 1, strideA 0, strideB 0, strideC 0, alpha 1, beta 0, dataType half, a_cast_type half, b_cast_type half} 
MIOpen(HIP): Info2 [CallGemm] rocBLAS
MIOpen(HIP): auto miopen::solver::conv::GemmFwdRest::GetSolution(const ExecutionContext &, const ProblemDescription &)::(anonymous class)::operator()(const std::vector<Kernel> &)::(anonymous class)::operator()(const Handle &, const AnyInvokeParams &) const{
MIOpen(HIP): 	name + ", non 1x1" = convolution, non 1x1
MIOpen(HIP): }
MIOpen(HIP): Info2 [GetKernels] 0 kernels for key: miopenIm2d2Col "c128i128_128w3_3p1_1s1_1d1_1t0"
MIOpen(HIP): Info2 [AddKernel] Key: miopenIm2d2Col "c128i128_128w3_3p1_1s1_1d1_1t0 -DLOCAL_MEM_SIZE=340 -DSTRIDE_GT_1=0 -DNUM_IM_BLKS_EQ_1=0 -DUSE_IM_OFF_GUARD=1"
MIOpen(HIP): Info2 [run] kernel_name = Im2d2Col_v2, global_work_dim = { 2097152, 1, 1 }, local_work_dim = { 256, 1, 1 }
MIOpen(HIP): Info2 [CallGemm] gemm_desc: {isColMajor 0, transA 0, transB 0, m 64, n 16384, k 1152, lda 1152, ldb 16384, ldc 16384, batch_count 1, strideA 0, strideB 0, strideC 0, alpha 1, beta 0, dataType half, a_cast_type half, b_cast_type half} 
MIOpen(HIP): Info2 [CallGemm] rocBLAS
MIOpen(HIP): Info2 [GetKernels] 0 kernels for key: miopenIm2d2Col "c128i128_128w3_3p1_1s1_1d1_1t0"
MIOpen(HIP): Info2 [AddKernel] Key: miopenIm2d2Col "c128i128_128w3_3p1_1s1_1d1_1t0 -DLOCAL_MEM_SIZE=340 -DSTRIDE_GT_1=0 -DNUM_IM_BLKS_EQ_1=0 -DUSE_IM_OFF_GUARD=1"
MIOpen(HIP): Info2 [run] kernel_name = Im2d2Col_v2, global_work_dim = { 2097152, 1, 1 }, local_work_dim = { 256, 1, 1 }
MIOpen(HIP): Info2 [CallGemm] gemm_desc: {isColMajor 0, transA 0, transB 0, m 64, n 16384, k 1152, lda 1152, ldb 16384, ldc 16384, batch_count 1, strideA 0, strideB 0, strideC 0, alpha 1, beta 0, dataType half, a_cast_type half, b_cast_type half} 
MIOpen(HIP): Info2 [CallGemm] rocBLAS
MIOpen(HIP): Info2 [GetKernels] 0 kernels for key: miopenIm2d2Col "c128i128_128w3_3p1_1s1_1d1_1t0"
MIOpen(HIP): Info2 [AddKernel] Key: miopenIm2d2Col "c128i128_128w3_3p1_1s1_1d1_1t0 -DLOCAL_MEM_SIZE=340 -DSTRIDE_GT_1=0 -DNUM_IM_BLKS_EQ_1=0 -DUSE_IM_OFF_GUARD=1"
MIOpen(HIP): Info2 [run] kernel_name = Im2d2Col_v2, global_work_dim = { 2097152, 1, 1 }, local_work_dim = { 256, 1, 1 }
MIOpen(HIP): Info2 [CallGemm] gemm_desc: {isColMajor 0, transA 0, transB 0, m 64, n 16384, k 1152, lda 1152, ldb 16384, ldc 16384, batch_count 1, strideA 0, strideB 0, strideC 0, alpha 1, beta 0, dataType half, a_cast_type half, b_cast_type half} 
MIOpen(HIP): Info2 [CallGemm] rocBLAS
MIOpen(HIP): Info2 [GetKernels] 0 kernels for key: miopenIm2d2Col "c128i128_128w3_3p1_1s1_1d1_1t0"
MIOpen(HIP): Info2 [AddKernel] Key: miopenIm2d2Col "c128i128_128w3_3p1_1s1_1d1_1t0 -DLOCAL_MEM_SIZE=340 -DSTRIDE_GT_1=0 -DNUM_IM_BLKS_EQ_1=0 -DUSE_IM_OFF_GUARD=1"
MIOpen(HIP): Info2 [run] kernel_name = Im2d2Col_v2, global_work_dim = { 2097152, 1, 1 }, local_work_dim = { 256, 1, 1 }
MIOpen(HIP): Info2 [CallGemm] gemm_desc: {isColMajor 0, transA 0, transB 0, m 64, n 16384, k 1152, lda 1152, ldb 16384, ldc 16384, batch_count 1, strideA 0, strideB 0, strideC 0, alpha 1, beta 0, dataType half, a_cast_type half, b_cast_type half} 
MIOpen(HIP): Info2 [CallGemm] rocBLAS
MIOpen(HIP): Info2 [GetKernels] 0 kernels for key: miopenIm2d2Col "c128i128_128w3_3p1_1s1_1d1_1t0"
MIOpen(HIP): Info2 [AddKernel] Key: miopenIm2d2Col "c128i128_128w3_3p1_1s1_1d1_1t0 -DLOCAL_MEM_SIZE=340 -DSTRIDE_GT_1=0 -DNUM_IM_BLKS_EQ_1=0 -DUSE_IM_OFF_GUARD=1"
MIOpen(HIP): Info2 [run] kernel_name = Im2d2Col_v2, global_work_dim = { 2097152, 1, 1 }, local_work_dim = { 256, 1, 1 }
MIOpen(HIP): Info2 [CallGemm] gemm_desc: {isColMajor 0, transA 0, transB 0, m 64, n 16384, k 1152, lda 1152, ldb 16384, ldc 16384, batch_count 1, strideA 0, strideB 0, strideC 0, alpha 1, beta 0, dataType half, a_cast_type half, b_cast_type half} 
MIOpen(HIP): Info2 [CallGemm] rocBLAS
MIOpen(HIP): Info2 [GetKernels] 0 kernels for key: miopenIm2d2Col "c128i128_128w3_3p1_1s1_1d1_1t0"
MIOpen(HIP): Info2 [AddKernel] Key: miopenIm2d2Col "c128i128_128w3_3p1_1s1_1d1_1t0 -DLOCAL_MEM_SIZE=340 -DSTRIDE_GT_1=0 -DNUM_IM_BLKS_EQ_1=0 -DUSE_IM_OFF_GUARD=1"
MIOpen(HIP): Info2 [run] kernel_name = Im2d2Col_v2, global_work_dim = { 2097152, 1, 1 }, local_work_dim = { 256, 1, 1 }
MIOpen(HIP): Info2 [CallGemm] gemm_desc: {isColMajor 0, transA 0, transB 0, m 64, n 16384, k 1152, lda 1152, ldb 16384, ldc 16384, batch_count 1, strideA 0, strideB 0, strideC 0, alpha 1, beta 0, dataType half, a_cast_type half, b_cast_type half} 
MIOpen(HIP): Info2 [CallGemm] rocBLAS
MIOpen(HIP): Info2 [GetKernels] 0 kernels for key: miopenIm2d2Col "c128i128_128w3_3p1_1s1_1d1_1t0"
MIOpen(HIP): Info2 [AddKernel] Key: miopenIm2d2Col "c128i128_128w3_3p1_1s1_1d1_1t0 -DLOCAL_MEM_SIZE=340 -DSTRIDE_GT_1=0 -DNUM_IM_BLKS_EQ_1=0 -DUSE_IM_OFF_GUARD=1"
MIOpen(HIP): Info2 [run] kernel_name = Im2d2Col_v2, global_work_dim = { 2097152, 1, 1 }, local_work_dim = { 256, 1, 1 }
MIOpen(HIP): Info2 [CallGemm] gemm_desc: {isColMajor 0, transA 0, transB 0, m 64, n 16384, k 1152, lda 1152, ldb 16384, ldc 16384, batch_count 1, strideA 0, strideB 0, strideC 0, alpha 1, beta 0, dataType half, a_cast_type half, b_cast_type half} 
MIOpen(HIP): Info2 [CallGemm] rocBLAS
MIOpen(HIP): Info2 [GetKernels] 0 kernels for key: miopenIm2d2Col "c128i128_128w3_3p1_1s1_1d1_1t0"
MIOpen(HIP): Info2 [AddKernel] Key: miopenIm2d2Col "c128i128_128w3_3p1_1s1_1d1_1t0 -DLOCAL_MEM_SIZE=340 -DSTRIDE_GT_1=0 -DNUM_IM_BLKS_EQ_1=0 -DUSE_IM_OFF_GUARD=1"
MIOpen(HIP): Info2 [run] kernel_name = Im2d2Col_v2, global_work_dim = { 2097152, 1, 1 }, local_work_dim = { 256, 1, 1 }
MIOpen(HIP): Info2 [CallGemm] gemm_desc: {isColMajor 0, transA 0, transB 0, m 64, n 16384, k 1152, lda 1152, ldb 16384, ldc 16384, batch_count 1, strideA 0, strideB 0, strideC 0, alpha 1, beta 0, dataType half, a_cast_type half, b_cast_type half} 
MIOpen(HIP): Info2 [CallGemm] rocBLAS
MIOpen(HIP): Info2 [GetKernels] 0 kernels for key: miopenIm2d2Col "c128i128_128w3_3p1_1s1_1d1_1t0"
MIOpen(HIP): Info2 [AddKernel] Key: miopenIm2d2Col "c128i128_128w3_3p1_1s1_1d1_1t0 -DLOCAL_MEM_SIZE=340 -DSTRIDE_GT_1=0 -DNUM_IM_BLKS_EQ_1=0 -DUSE_IM_OFF_GUARD=1"
MIOpen(HIP): Info2 [run] kernel_name = Im2d2Col_v2, global_work_dim = { 2097152, 1, 1 }, local_work_dim = { 256, 1, 1 }
MIOpen(HIP): Info2 [CallGemm] gemm_desc: {isColMajor 0, transA 0, transB 0, m 64, n 16384, k 1152, lda 1152, ldb 16384, ldc 16384, batch_count 1, strideA 0, strideB 0, strideC 0, alpha 1, beta 0, dataType half, a_cast_type half, b_cast_type half} 
MIOpen(HIP): Info2 [CallGemm] rocBLAS
MIOpen(HIP): Info2 [GetKernels] 0 kernels for key: miopenIm2d2Col "c128i128_128w3_3p1_1s1_1d1_1t0"
MIOpen(HIP): Info2 [AddKernel] Key: miopenIm2d2Col "c128i128_128w3_3p1_1s1_1d1_1t0 -DLOCAL_MEM_SIZE=340 -DSTRIDE_GT_1=0 -DNUM_IM_BLKS_EQ_1=0 -DUSE_IM_OFF_GUARD=1"
MIOpen(HIP): Info2 [run] kernel_name = Im2d2Col_v2, global_work_dim = { 2097152, 1, 1 }, local_work_dim = { 256, 1, 1 }
MIOpen(HIP): Info2 [CallGemm] gemm_desc: {isColMajor 0, transA 0, transB 0, m 64, n 16384, k 1152, lda 1152, ldb 16384, ldc 16384, batch_count 1, strideA 0, strideB 0, strideC 0, alpha 1, beta 0, dataType half, a_cast_type half, b_cast_type half} 
MIOpen(HIP): Info2 [CallGemm] rocBLAS
MIOpen(HIP): Info2 [GetKernels] 0 kernels for key: miopenIm2d2Col "c128i128_128w3_3p1_1s1_1d1_1t0"
MIOpen(HIP): Info2 [AddKernel] Key: miopenIm2d2Col "c128i128_128w3_3p1_1s1_1d1_1t0 -DLOCAL_MEM_SIZE=340 -DSTRIDE_GT_1=0 -DNUM_IM_BLKS_EQ_1=0 -DUSE_IM_OFF_GUARD=1"
MIOpen(HIP): Info2 [run] kernel_name = Im2d2Col_v2, global_work_dim = { 2097152, 1, 1 }, local_work_dim = { 256, 1, 1 }
MIOpen(HIP): Info2 [CallGemm] gemm_desc: {isColMajor 0, transA 0, transB 0, m 64, n 16384, k 1152, lda 1152, ldb 16384, ldc 16384, batch_count 1, strideA 0, strideB 0, strideC 0, alpha 1, beta 0, dataType half, a_cast_type half, b_cast_type half} 
MIOpen(HIP): Info2 [CallGemm] rocBLAS
MIOpen(HIP): Info2 [GetKernels] 0 kernels for key: miopenIm2d2Col "c128i128_128w3_3p1_1s1_1d1_1t0"
MIOpen(HIP): Info2 [AddKernel] Key: miopenIm2d2Col "c128i128_128w3_3p1_1s1_1d1_1t0 -DLOCAL_MEM_SIZE=340 -DSTRIDE_GT_1=0 -DNUM_IM_BLKS_EQ_1=0 -DUSE_IM_OFF_GUARD=1"
MIOpen(HIP): Info2 [run] kernel_name = Im2d2Col_v2, global_work_dim = { 2097152, 1, 1 }, local_work_dim = { 256, 1, 1 }
MIOpen(HIP): Info2 [CallGemm] gemm_desc: {isColMajor 0, transA 0, transB 0, m 64, n 16384, k 1152, lda 1152, ldb 16384, ldc 16384, batch_count 1, strideA 0, strideB 0, strideC 0, alpha 1, beta 0, dataType half, a_cast_type half, b_cast_type half} 
MIOpen(HIP): Info2 [CallGemm] rocBLAS
MIOpen(HIP): Info2 [GetKernels] 0 kernels for key: miopenIm2d2Col "c128i128_128w3_3p1_1s1_1d1_1t0"
MIOpen(HIP): Info2 [AddKernel] Key: miopenIm2d2Col "c128i128_128w3_3p1_1s1_1d1_1t0 -DLOCAL_MEM_SIZE=340 -DSTRIDE_GT_1=0 -DNUM_IM_BLKS_EQ_1=0 -DUSE_IM_OFF_GUARD=1"
MIOpen(HIP): Info2 [run] kernel_name = Im2d2Col_v2, global_work_dim = { 2097152, 1, 1 }, local_work_dim = { 256, 1, 1 }
MIOpen(HIP): Info2 [CallGemm] gemm_desc: {isColMajor 0, transA 0, transB 0, m 64, n 16384, k 1152, lda 1152, ldb 16384, ldc 16384, batch_count 1, strideA 0, strideB 0, strideC 0, alpha 1, beta 0, dataType half, a_cast_type half, b_cast_type half} 
MIOpen(HIP): Info2 [CallGemm] rocBLAS
MIOpen(HIP): Info2 [GetKernels] 0 kernels for key: miopenIm2d2Col "c128i128_128w3_3p1_1s1_1d1_1t0"
MIOpen(HIP): Info2 [AddKernel] Key: miopenIm2d2Col "c128i128_128w3_3p1_1s1_1d1_1t0 -DLOCAL_MEM_SIZE=340 -DSTRIDE_GT_1=0 -DNUM_IM_BLKS_EQ_1=0 -DUSE_IM_OFF_GUARD=1"
MIOpen(HIP): Info2 [run] kernel_name = Im2d2Col_v2, global_work_dim = { 2097152, 1, 1 }, local_work_dim = { 256, 1, 1 }
MIOpen(HIP): Info2 [CallGemm] gemm_desc: {isColMajor 0, transA 0, transB 0, m 64, n 16384, k 1152, lda 1152, ldb 16384, ldc 16384, batch_count 1, strideA 0, strideB 0, strideC 0, alpha 1, beta 0, dataType half, a_cast_type half, b_cast_type half} 
MIOpen(HIP): Info2 [CallGemm] rocBLAS
MIOpen(HIP): Info2 [GetKernels] 0 kernels for key: miopenIm2d2Col "c128i128_128w3_3p1_1s1_1d1_1t0"
MIOpen(HIP): Info2 [AddKernel] Key: miopenIm2d2Col "c128i128_128w3_3p1_1s1_1d1_1t0 -DLOCAL_MEM_SIZE=340 -DSTRIDE_GT_1=0 -DNUM_IM_BLKS_EQ_1=0 -DUSE_IM_OFF_GUARD=1"
MIOpen(HIP): Info2 [run] kernel_name = Im2d2Col_v2, global_work_dim = { 2097152, 1, 1 }, local_work_dim = { 256, 1, 1 }
MIOpen(HIP): Info2 [CallGemm] gemm_desc: {isColMajor 0, transA 0, transB 0, m 64, n 16384, k 1152, lda 1152, ldb 16384, ldc 16384, batch_count 1, strideA 0, strideB 0, strideC 0, alpha 1, beta 0, dataType half, a_cast_type half, b_cast_type half} 
MIOpen(HIP): Info2 [CallGemm] rocBLAS
MIOpen(HIP): Info2 [GetKernels] 0 kernels for key: miopenIm2d2Col "c128i128_128w3_3p1_1s1_1d1_1t0"
MIOpen(HIP): Info2 [AddKernel] Key: miopenIm2d2Col "c128i128_128w3_3p1_1s1_1d1_1t0 -DLOCAL_MEM_SIZE=340 -DSTRIDE_GT_1=0 -DNUM_IM_BLKS_EQ_1=0 -DUSE_IM_OFF_GUARD=1"
MIOpen(HIP): Info2 [run] kernel_name = Im2d2Col_v2, global_work_dim = { 2097152, 1, 1 }, local_work_dim = { 256, 1, 1 }
MIOpen(HIP): Info2 [CallGemm] gemm_desc: {isColMajor 0, transA 0, transB 0, m 64, n 16384, k 1152, lda 1152, ldb 16384, ldc 16384, batch_count 1, strideA 0, strideB 0, strideC 0, alpha 1, beta 0, dataType half, a_cast_type half, b_cast_type half} 
MIOpen(HIP): Info2 [CallGemm] rocBLAS
MIOpen(HIP): Info2 [GetKernels] 0 kernels for key: miopenIm2d2Col "c128i128_128w3_3p1_1s1_1d1_1t0"
MIOpen(HIP): Info2 [AddKernel] Key: miopenIm2d2Col "c128i128_128w3_3p1_1s1_1d1_1t0 -DLOCAL_MEM_SIZE=340 -DSTRIDE_GT_1=0 -DNUM_IM_BLKS_EQ_1=0 -DUSE_IM_OFF_GUARD=1"
MIOpen(HIP): Info2 [run] kernel_name = Im2d2Col_v2, global_work_dim = { 2097152, 1, 1 }, local_work_dim = { 256, 1, 1 }
MIOpen(HIP): Info2 [CallGemm] gemm_desc: {isColMajor 0, transA 0, transB 0, m 64, n 16384, k 1152, lda 1152, ldb 16384, ldc 16384, batch_count 1, strideA 0, strideB 0, strideC 0, alpha 1, beta 0, dataType half, a_cast_type half, b_cast_type half} 
MIOpen(HIP): Info2 [CallGemm] rocBLAS
MIOpen(HIP): Info2 [GetKernels] 0 kernels for key: miopenIm2d2Col "c128i128_128w3_3p1_1s1_1d1_1t0"
MIOpen(HIP): Info2 [AddKernel] Key: miopenIm2d2Col "c128i128_128w3_3p1_1s1_1d1_1t0 -DLOCAL_MEM_SIZE=340 -DSTRIDE_GT_1=0 -DNUM_IM_BLKS_EQ_1=0 -DUSE_IM_OFF_GUARD=1"
MIOpen(HIP): Info2 [run] kernel_name = Im2d2Col_v2, global_work_dim = { 2097152, 1, 1 }, local_work_dim = { 256, 1, 1 }
MIOpen(HIP): Info2 [CallGemm] gemm_desc: {isColMajor 0, transA 0, transB 0, m 64, n 16384, k 1152, lda 1152, ldb 16384, ldc 16384, batch_count 1, strideA 0, strideB 0, strideC 0, alpha 1, beta 0, dataType half, a_cast_type half, b_cast_type half} 
MIOpen(HIP): Info2 [CallGemm] rocBLAS
MIOpen(HIP): Info2 [GetKernels] 0 kernels for key: miopenIm2d2Col "c128i128_128w3_3p1_1s1_1d1_1t0"
MIOpen(HIP): Info2 [AddKernel] Key: miopenIm2d2Col "c128i128_128w3_3p1_1s1_1d1_1t0 -DLOCAL_MEM_SIZE=340 -DSTRIDE_GT_1=0 -DNUM_IM_BLKS_EQ_1=0 -DUSE_IM_OFF_GUARD=1"
MIOpen(HIP): Info2 [run] kernel_name = Im2d2Col_v2, global_work_dim = { 2097152, 1, 1 }, local_work_dim = { 256, 1, 1 }
MIOpen(HIP): Info2 [CallGemm] gemm_desc: {isColMajor 0, transA 0, transB 0, m 64, n 16384, k 1152, lda 1152, ldb 16384, ldc 16384, batch_count 1, strideA 0, strideB 0, strideC 0, alpha 1, beta 0, dataType half, a_cast_type half, b_cast_type half} 
MIOpen(HIP): Info2 [CallGemm] rocBLAS
MIOpen(HIP): Info2 [GetKernels] 0 kernels for key: miopenIm2d2Col "c128i128_128w3_3p1_1s1_1d1_1t0"
MIOpen(HIP): Info2 [AddKernel] Key: miopenIm2d2Col "c128i128_128w3_3p1_1s1_1d1_1t0 -DLOCAL_MEM_SIZE=340 -DSTRIDE_GT_1=0 -DNUM_IM_BLKS_EQ_1=0 -DUSE_IM_OFF_GUARD=1"
MIOpen(HIP): Info2 [run] kernel_name = Im2d2Col_v2, global_work_dim = { 2097152, 1, 1 }, local_work_dim = { 256, 1, 1 }
MIOpen(HIP): Info2 [CallGemm] gemm_desc: {isColMajor 0, transA 0, transB 0, m 64, n 16384, k 1152, lda 1152, ldb 16384, ldc 16384, batch_count 1, strideA 0, strideB 0, strideC 0, alpha 1, beta 0, dataType half, a_cast_type half, b_cast_type half} 
MIOpen(HIP): Info2 [CallGemm] rocBLAS
MIOpen(HIP): Info2 [GetKernels] 0 kernels for key: miopenIm2d2Col "c128i128_128w3_3p1_1s1_1d1_1t0"
MIOpen(HIP): Info2 [AddKernel] Key: miopenIm2d2Col "c128i128_128w3_3p1_1s1_1d1_1t0 -DLOCAL_MEM_SIZE=340 -DSTRIDE_GT_1=0 -DNUM_IM_BLKS_EQ_1=0 -DUSE_IM_OFF_GUARD=1"
MIOpen(HIP): Info2 [run] kernel_name = Im2d2Col_v2, global_work_dim = { 2097152, 1, 1 }, local_work_dim = { 256, 1, 1 }
MIOpen(HIP): Info2 [CallGemm] gemm_desc: {isColMajor 0, transA 0, transB 0, m 64, n 16384, k 1152, lda 1152, ldb 16384, ldc 16384, batch_count 1, strideA 0, strideB 0, strideC 0, alpha 1, beta 0, dataType half, a_cast_type half, b_cast_type half} 
MIOpen(HIP): Info2 [CallGemm] rocBLAS
MIOpen(HIP): Info2 [GetKernels] 0 kernels for key: miopenIm2d2Col "c128i128_128w3_3p1_1s1_1d1_1t0"
MIOpen(HIP): Info2 [AddKernel] Key: miopenIm2d2Col "c128i128_128w3_3p1_1s1_1d1_1t0 -DLOCAL_MEM_SIZE=340 -DSTRIDE_GT_1=0 -DNUM_IM_BLKS_EQ_1=0 -DUSE_IM_OFF_GUARD=1"
MIOpen(HIP): Info2 [run] kernel_name = Im2d2Col_v2, global_work_dim = { 2097152, 1, 1 }, local_work_dim = { 256, 1, 1 }
MIOpen(HIP): Info2 [CallGemm] gemm_desc: {isColMajor 0, transA 0, transB 0, m 64, n 16384, k 1152, lda 1152, ldb 16384, ldc 16384, batch_count 1, strideA 0, strideB 0, strideC 0, alpha 1, beta 0, dataType half, a_cast_type half, b_cast_type half} 
MIOpen(HIP): Info2 [CallGemm] rocBLAS
MIOpen(HIP): Info2 [GetKernels] 0 kernels for key: miopenIm2d2Col "c128i128_128w3_3p1_1s1_1d1_1t0"
MIOpen(HIP): Info2 [AddKernel] Key: miopenIm2d2Col "c128i128_128w3_3p1_1s1_1d1_1t0 -DLOCAL_MEM_SIZE=340 -DSTRIDE_GT_1=0 -DNUM_IM_BLKS_EQ_1=0 -DUSE_IM_OFF_GUARD=1"
MIOpen(HIP): Info2 [run] kernel_name = Im2d2Col_v2, global_work_dim = { 2097152, 1, 1 }, local_work_dim = { 256, 1, 1 }
MIOpen(HIP): Info2 [CallGemm] gemm_desc: {isColMajor 0, transA 0, transB 0, m 64, n 16384, k 1152, lda 1152, ldb 16384, ldc 16384, batch_count 1, strideA 0, strideB 0, strideC 0, alpha 1, beta 0, dataType half, a_cast_type half, b_cast_type half} 
MIOpen(HIP): Info2 [CallGemm] rocBLAS
MIOpen(HIP): Info2 [GetKernels] 0 kernels for key: miopenIm2d2Col "c128i128_128w3_3p1_1s1_1d1_1t0"
MIOpen(HIP): Info2 [AddKernel] Key: miopenIm2d2Col "c128i128_128w3_3p1_1s1_1d1_1t0 -DLOCAL_MEM_SIZE=340 -DSTRIDE_GT_1=0 -DNUM_IM_BLKS_EQ_1=0 -DUSE_IM_OFF_GUARD=1"
MIOpen(HIP): Info2 [run] kernel_name = Im2d2Col_v2, global_work_dim = { 2097152, 1, 1 }, local_work_dim = { 256, 1, 1 }
MIOpen(HIP): Info2 [CallGemm] gemm_desc: {isColMajor 0, transA 0, transB 0, m 64, n 16384, k 1152, lda 1152, ldb 16384, ldc 16384, batch_count 1, strideA 0, strideB 0, strideC 0, alpha 1, beta 0, dataType half, a_cast_type half, b_cast_type half} 
MIOpen(HIP): Info2 [CallGemm] rocBLAS
MIOpen(HIP): Info2 [GetKernels] 0 kernels for key: miopenIm2d2Col "c128i128_128w3_3p1_1s1_1d1_1t0"
MIOpen(HIP): Info2 [AddKernel] Key: miopenIm2d2Col "c128i128_128w3_3p1_1s1_1d1_1t0 -DLOCAL_MEM_SIZE=340 -DSTRIDE_GT_1=0 -DNUM_IM_BLKS_EQ_1=0 -DUSE_IM_OFF_GUARD=1"
MIOpen(HIP): Info2 [run] kernel_name = Im2d2Col_v2, global_work_dim = { 2097152, 1, 1 }, local_work_dim = { 256, 1, 1 }
MIOpen(HIP): Info2 [CallGemm] gemm_desc: {isColMajor 0, transA 0, transB 0, m 64, n 16384, k 1152, lda 1152, ldb 16384, ldc 16384, batch_count 1, strideA 0, strideB 0, strideC 0, alpha 1, beta 0, dataType half, a_cast_type half, b_cast_type half} 
MIOpen(HIP): Info2 [CallGemm] rocBLAS
MIOpen(HIP): Info2 [GetKernels] 0 kernels for key: miopenIm2d2Col "c128i128_128w3_3p1_1s1_1d1_1t0"
MIOpen(HIP): Info2 [AddKernel] Key: miopenIm2d2Col "c128i128_128w3_3p1_1s1_1d1_1t0 -DLOCAL_MEM_SIZE=340 -DSTRIDE_GT_1=0 -DNUM_IM_BLKS_EQ_1=0 -DUSE_IM_OFF_GUARD=1"
MIOpen(HIP): Info2 [run] kernel_name = Im2d2Col_v2, global_work_dim = { 2097152, 1, 1 }, local_work_dim = { 256, 1, 1 }
MIOpen(HIP): Info2 [CallGemm] gemm_desc: {isColMajor 0, transA 0, transB 0, m 64, n 16384, k 1152, lda 1152, ldb 16384, ldc 16384, batch_count 1, strideA 0, strideB 0, strideC 0, alpha 1, beta 0, dataType half, a_cast_type half, b_cast_type half} 
MIOpen(HIP): Info2 [CallGemm] rocBLAS
MIOpen(HIP): Info2 [GetKernels] 0 kernels for key: miopenIm2d2Col "c128i128_128w3_3p1_1s1_1d1_1t0"
MIOpen(HIP): Info2 [AddKernel] Key: miopenIm2d2Col "c128i128_128w3_3p1_1s1_1d1_1t0 -DLOCAL_MEM_SIZE=340 -DSTRIDE_GT_1=0 -DNUM_IM_BLKS_EQ_1=0 -DUSE_IM_OFF_GUARD=1"
MIOpen(HIP): Info2 [run] kernel_name = Im2d2Col_v2, global_work_dim = { 2097152, 1, 1 }, local_work_dim = { 256, 1, 1 }
MIOpen(HIP): Info2 [CallGemm] gemm_desc: {isColMajor 0, transA 0, transB 0, m 64, n 16384, k 1152, lda 1152, ldb 16384, ldc 16384, batch_count 1, strideA 0, strideB 0, strideC 0, alpha 1, beta 0, dataType half, a_cast_type half, b_cast_type half} 
MIOpen(HIP): Info2 [CallGemm] rocBLAS
MIOpen(HIP): Info2 [GetKernels] 0 kernels for key: miopenIm2d2Col "c128i128_128w3_3p1_1s1_1d1_1t0"
MIOpen(HIP): Info2 [AddKernel] Key: miopenIm2d2Col "c128i128_128w3_3p1_1s1_1d1_1t0 -DLOCAL_MEM_SIZE=340 -DSTRIDE_GT_1=0 -DNUM_IM_BLKS_EQ_1=0 -DUSE_IM_OFF_GUARD=1"
MIOpen(HIP): Info2 [run] kernel_name = Im2d2Col_v2, global_work_dim = { 2097152, 1, 1 }, local_work_dim = { 256, 1, 1 }
MIOpen(HIP): Info2 [CallGemm] gemm_desc: {isColMajor 0, transA 0, transB 0, m 64, n 16384, k 1152, lda 1152, ldb 16384, ldc 16384, batch_count 1, strideA 0, strideB 0, strideC 0, alpha 1, beta 0, dataType half, a_cast_type half, b_cast_type half} 
MIOpen(HIP): Info2 [CallGemm] rocBLAS
MIOpen(HIP): Info2 [GetKernels] 0 kernels for key: miopenIm2d2Col "c128i128_128w3_3p1_1s1_1d1_1t0"
MIOpen(HIP): Info2 [AddKernel] Key: miopenIm2d2Col "c128i128_128w3_3p1_1s1_1d1_1t0 -DLOCAL_MEM_SIZE=340 -DSTRIDE_GT_1=0 -DNUM_IM_BLKS_EQ_1=0 -DUSE_IM_OFF_GUARD=1"
MIOpen(HIP): Info2 [run] kernel_name = Im2d2Col_v2, global_work_dim = { 2097152, 1, 1 }, local_work_dim = { 256, 1, 1 }
MIOpen(HIP): Info2 [CallGemm] gemm_desc: {isColMajor 0, transA 0, transB 0, m 64, n 16384, k 1152, lda 1152, ldb 16384, ldc 16384, batch_count 1, strideA 0, strideB 0, strideC 0, alpha 1, beta 0, dataType half, a_cast_type half, b_cast_type half} 
MIOpen(HIP): Info2 [CallGemm] rocBLAS
MIOpen(HIP): Info2 [GetKernels] 0 kernels for key: miopenIm2d2Col "c128i128_128w3_3p1_1s1_1d1_1t0"
MIOpen(HIP): Info2 [AddKernel] Key: miopenIm2d2Col "c128i128_128w3_3p1_1s1_1d1_1t0 -DLOCAL_MEM_SIZE=340 -DSTRIDE_GT_1=0 -DNUM_IM_BLKS_EQ_1=0 -DUSE_IM_OFF_GUARD=1"
MIOpen(HIP): Info2 [run] kernel_name = Im2d2Col_v2, global_work_dim = { 2097152, 1, 1 }, local_work_dim = { 256, 1, 1 }
MIOpen(HIP): Info2 [CallGemm] gemm_desc: {isColMajor 0, transA 0, transB 0, m 64, n 16384, k 1152, lda 1152, ldb 16384, ldc 16384, batch_count 1, strideA 0, strideB 0, strideC 0, alpha 1, beta 0, dataType half, a_cast_type half, b_cast_type half} 
MIOpen(HIP): Info2 [CallGemm] rocBLAS
MIOpen(HIP): Info2 [GetKernels] 0 kernels for key: miopenIm2d2Col "c128i128_128w3_3p1_1s1_1d1_1t0"
MIOpen(HIP): Info2 [AddKernel] Key: miopenIm2d2Col "c128i128_128w3_3p1_1s1_1d1_1t0 -DLOCAL_MEM_SIZE=340 -DSTRIDE_GT_1=0 -DNUM_IM_BLKS_EQ_1=0 -DUSE_IM_OFF_GUARD=1"
MIOpen(HIP): Info2 [run] kernel_name = Im2d2Col_v2, global_work_dim = { 2097152, 1, 1 }, local_work_dim = { 256, 1, 1 }
MIOpen(HIP): Info2 [CallGemm] gemm_desc: {isColMajor 0, transA 0, transB 0, m 64, n 16384, k 1152, lda 1152, ldb 16384, ldc 16384, batch_count 1, strideA 0, strideB 0, strideC 0, alpha 1, beta 0, dataType half, a_cast_type half, b_cast_type half} 
MIOpen(HIP): Info2 [CallGemm] rocBLAS
MIOpen(HIP): Info2 [GetKernels] 0 kernels for key: miopenIm2d2Col "c128i128_128w3_3p1_1s1_1d1_1t0"
MIOpen(HIP): Info2 [AddKernel] Key: miopenIm2d2Col "c128i128_128w3_3p1_1s1_1d1_1t0 -DLOCAL_MEM_SIZE=340 -DSTRIDE_GT_1=0 -DNUM_IM_BLKS_EQ_1=0 -DUSE_IM_OFF_GUARD=1"
MIOpen(HIP): Info2 [run] kernel_name = Im2d2Col_v2, global_work_dim = { 2097152, 1, 1 }, local_work_dim = { 256, 1, 1 }
MIOpen(HIP): Info2 [CallGemm] gemm_desc: {isColMajor 0, transA 0, transB 0, m 64, n 16384, k 1152, lda 1152, ldb 16384, ldc 16384, batch_count 1, strideA 0, strideB 0, strideC 0, alpha 1, beta 0, dataType half, a_cast_type half, b_cast_type half} 
MIOpen(HIP): Info2 [CallGemm] rocBLAS
MIOpen(HIP): Info2 [GetKernels] 0 kernels for key: miopenIm2d2Col "c128i128_128w3_3p1_1s1_1d1_1t0"
MIOpen(HIP): Info2 [AddKernel] Key: miopenIm2d2Col "c128i128_128w3_3p1_1s1_1d1_1t0 -DLOCAL_MEM_SIZE=340 -DSTRIDE_GT_1=0 -DNUM_IM_BLKS_EQ_1=0 -DUSE_IM_OFF_GUARD=1"
MIOpen(HIP): Info2 [run] kernel_name = Im2d2Col_v2, global_work_dim = { 2097152, 1, 1 }, local_work_dim = { 256, 1, 1 }
MIOpen(HIP): Info2 [CallGemm] gemm_desc: {isColMajor 0, transA 0, transB 0, m 64, n 16384, k 1152, lda 1152, ldb 16384, ldc 16384, batch_count 1, strideA 0, strideB 0, strideC 0, alpha 1, beta 0, dataType half, a_cast_type half, b_cast_type half} 
MIOpen(HIP): Info2 [CallGemm] rocBLAS
MIOpen(HIP): Info2 [GetKernels] 0 kernels for key: miopenIm2d2Col "c128i128_128w3_3p1_1s1_1d1_1t0"
MIOpen(HIP): Info2 [AddKernel] Key: miopenIm2d2Col "c128i128_128w3_3p1_1s1_1d1_1t0 -DLOCAL_MEM_SIZE=340 -DSTRIDE_GT_1=0 -DNUM_IM_BLKS_EQ_1=0 -DUSE_IM_OFF_GUARD=1"
MIOpen(HIP): Info2 [run] kernel_name = Im2d2Col_v2, global_work_dim = { 2097152, 1, 1 }, local_work_dim = { 256, 1, 1 }
MIOpen(HIP): Info2 [CallGemm] gemm_desc: {isColMajor 0, transA 0, transB 0, m 64, n 16384, k 1152, lda 1152, ldb 16384, ldc 16384, batch_count 1, strideA 0, strideB 0, strideC 0, alpha 1, beta 0, dataType half, a_cast_type half, b_cast_type half} 
MIOpen(HIP): Info2 [CallGemm] rocBLAS
MIOpen(HIP): Info2 [GetKernels] 0 kernels for key: miopenIm2d2Col "c128i128_128w3_3p1_1s1_1d1_1t0"
MIOpen(HIP): Info2 [AddKernel] Key: miopenIm2d2Col "c128i128_128w3_3p1_1s1_1d1_1t0 -DLOCAL_MEM_SIZE=340 -DSTRIDE_GT_1=0 -DNUM_IM_BLKS_EQ_1=0 -DUSE_IM_OFF_GUARD=1"
MIOpen(HIP): Info2 [run] kernel_name = Im2d2Col_v2, global_work_dim = { 2097152, 1, 1 }, local_work_dim = { 256, 1, 1 }
MIOpen(HIP): Info2 [CallGemm] gemm_desc: {isColMajor 0, transA 0, transB 0, m 64, n 16384, k 1152, lda 1152, ldb 16384, ldc 16384, batch_count 1, strideA 0, strideB 0, strideC 0, alpha 1, beta 0, dataType half, a_cast_type half, b_cast_type half} 
MIOpen(HIP): Info2 [CallGemm] rocBLAS
MIOpen(HIP): Info2 [GetKernels] 0 kernels for key: miopenIm2d2Col "c128i128_128w3_3p1_1s1_1d1_1t0"
MIOpen(HIP): Info2 [AddKernel] Key: miopenIm2d2Col "c128i128_128w3_3p1_1s1_1d1_1t0 -DLOCAL_MEM_SIZE=340 -DSTRIDE_GT_1=0 -DNUM_IM_BLKS_EQ_1=0 -DUSE_IM_OFF_GUARD=1"
MIOpen(HIP): Info2 [run] kernel_name = Im2d2Col_v2, global_work_dim = { 2097152, 1, 1 }, local_work_dim = { 256, 1, 1 }
MIOpen(HIP): Info2 [CallGemm] gemm_desc: {isColMajor 0, transA 0, transB 0, m 64, n 16384, k 1152, lda 1152, ldb 16384, ldc 16384, batch_count 1, strideA 0, strideB 0, strideC 0, alpha 1, beta 0, dataType half, a_cast_type half, b_cast_type half} 
MIOpen(HIP): Info2 [CallGemm] rocBLAS
MIOpen(HIP): Info2 [GetKernels] 0 kernels for key: miopenIm2d2Col "c128i128_128w3_3p1_1s1_1d1_1t0"
MIOpen(HIP): Info2 [AddKernel] Key: miopenIm2d2Col "c128i128_128w3_3p1_1s1_1d1_1t0 -DLOCAL_MEM_SIZE=340 -DSTRIDE_GT_1=0 -DNUM_IM_BLKS_EQ_1=0 -DUSE_IM_OFF_GUARD=1"
MIOpen(HIP): Info2 [run] kernel_name = Im2d2Col_v2, global_work_dim = { 2097152, 1, 1 }, local_work_dim = { 256, 1, 1 }
MIOpen(HIP): Info2 [CallGemm] gemm_desc: {isColMajor 0, transA 0, transB 0, m 64, n 16384, k 1152, lda 1152, ldb 16384, ldc 16384, batch_count 1, strideA 0, strideB 0, strideC 0, alpha 1, beta 0, dataType half, a_cast_type half, b_cast_type half} 
MIOpen(HIP): Info2 [CallGemm] rocBLAS
MIOpen(HIP): Info2 [GetKernels] 0 kernels for key: miopenIm2d2Col "c128i128_128w3_3p1_1s1_1d1_1t0"
MIOpen(HIP): Info2 [AddKernel] Key: miopenIm2d2Col "c128i128_128w3_3p1_1s1_1d1_1t0 -DLOCAL_MEM_SIZE=340 -DSTRIDE_GT_1=0 -DNUM_IM_BLKS_EQ_1=0 -DUSE_IM_OFF_GUARD=1"
MIOpen(HIP): Info2 [run] kernel_name = Im2d2Col_v2, global_work_dim = { 2097152, 1, 1 }, local_work_dim = { 256, 1, 1 }
MIOpen(HIP): Info2 [CallGemm] gemm_desc: {isColMajor 0, transA 0, transB 0, m 64, n 16384, k 1152, lda 1152, ldb 16384, ldc 16384, batch_count 1, strideA 0, strideB 0, strideC 0, alpha 1, beta 0, dataType half, a_cast_type half, b_cast_type half} 
MIOpen(HIP): Info2 [CallGemm] rocBLAS
MIOpen(HIP): Info2 [GetKernels] 0 kernels for key: miopenIm2d2Col "c128i128_128w3_3p1_1s1_1d1_1t0"
MIOpen(HIP): Info2 [AddKernel] Key: miopenIm2d2Col "c128i128_128w3_3p1_1s1_1d1_1t0 -DLOCAL_MEM_SIZE=340 -DSTRIDE_GT_1=0 -DNUM_IM_BLKS_EQ_1=0 -DUSE_IM_OFF_GUARD=1"
MIOpen(HIP): Info2 [run] kernel_name = Im2d2Col_v2, global_work_dim = { 2097152, 1, 1 }, local_work_dim = { 256, 1, 1 }
MIOpen(HIP): Info2 [CallGemm] gemm_desc: {isColMajor 0, transA 0, transB 0, m 64, n 16384, k 1152, lda 1152, ldb 16384, ldc 16384, batch_count 1, strideA 0, strideB 0, strideC 0, alpha 1, beta 0, dataType half, a_cast_type half, b_cast_type half} 
MIOpen(HIP): Info2 [CallGemm] rocBLAS
MIOpen(HIP): Info2 [GetKernels] 0 kernels for key: miopenIm2d2Col "c128i128_128w3_3p1_1s1_1d1_1t0"
MIOpen(HIP): Info2 [AddKernel] Key: miopenIm2d2Col "c128i128_128w3_3p1_1s1_1d1_1t0 -DLOCAL_MEM_SIZE=340 -DSTRIDE_GT_1=0 -DNUM_IM_BLKS_EQ_1=0 -DUSE_IM_OFF_GUARD=1"
MIOpen(HIP): Info2 [run] kernel_name = Im2d2Col_v2, global_work_dim = { 2097152, 1, 1 }, local_work_dim = { 256, 1, 1 }
MIOpen(HIP): Info2 [CallGemm] gemm_desc: {isColMajor 0, transA 0, transB 0, m 64, n 16384, k 1152, lda 1152, ldb 16384, ldc 16384, batch_count 1, strideA 0, strideB 0, strideC 0, alpha 1, beta 0, dataType half, a_cast_type half, b_cast_type half} 
MIOpen(HIP): Info2 [CallGemm] rocBLAS
MIOpen(HIP): Info2 [GetKernels] 0 kernels for key: miopenIm2d2Col "c128i128_128w3_3p1_1s1_1d1_1t0"
MIOpen(HIP): Info2 [AddKernel] Key: miopenIm2d2Col "c128i128_128w3_3p1_1s1_1d1_1t0 -DLOCAL_MEM_SIZE=340 -DSTRIDE_GT_1=0 -DNUM_IM_BLKS_EQ_1=0 -DUSE_IM_OFF_GUARD=1"
MIOpen(HIP): Info2 [run] kernel_name = Im2d2Col_v2, global_work_dim = { 2097152, 1, 1 }, local_work_dim = { 256, 1, 1 }
MIOpen(HIP): Info2 [CallGemm] gemm_desc: {isColMajor 0, transA 0, transB 0, m 64, n 16384, k 1152, lda 1152, ldb 16384, ldc 16384, batch_count 1, strideA 0, strideB 0, strideC 0, alpha 1, beta 0, dataType half, a_cast_type half, b_cast_type half} 
MIOpen(HIP): Info2 [CallGemm] rocBLAS
MIOpen(HIP): Info2 [GetKernels] 0 kernels for key: miopenIm2d2Col "c128i128_128w3_3p1_1s1_1d1_1t0"
MIOpen(HIP): Info2 [AddKernel] Key: miopenIm2d2Col "c128i128_128w3_3p1_1s1_1d1_1t0 -DLOCAL_MEM_SIZE=340 -DSTRIDE_GT_1=0 -DNUM_IM_BLKS_EQ_1=0 -DUSE_IM_OFF_GUARD=1"
MIOpen(HIP): Info2 [run] kernel_name = Im2d2Col_v2, global_work_dim = { 2097152, 1, 1 }, local_work_dim = { 256, 1, 1 }
MIOpen(HIP): Info2 [CallGemm] gemm_desc: {isColMajor 0, transA 0, transB 0, m 64, n 16384, k 1152, lda 1152, ldb 16384, ldc 16384, batch_count 1, strideA 0, strideB 0, strideC 0, alpha 1, beta 0, dataType half, a_cast_type half, b_cast_type half} 
MIOpen(HIP): Info2 [CallGemm] rocBLAS
MIOpen(HIP): Info2 [GetKernels] 0 kernels for key: miopenIm2d2Col "c128i128_128w3_3p1_1s1_1d1_1t0"
MIOpen(HIP): Info2 [AddKernel] Key: miopenIm2d2Col "c128i128_128w3_3p1_1s1_1d1_1t0 -DLOCAL_MEM_SIZE=340 -DSTRIDE_GT_1=0 -DNUM_IM_BLKS_EQ_1=0 -DUSE_IM_OFF_GUARD=1"
MIOpen(HIP): Info2 [run] kernel_name = Im2d2Col_v2, global_work_dim = { 2097152, 1, 1 }, local_work_dim = { 256, 1, 1 }
MIOpen(HIP): Info2 [CallGemm] gemm_desc: {isColMajor 0, transA 0, transB 0, m 64, n 16384, k 1152, lda 1152, ldb 16384, ldc 16384, batch_count 1, strideA 0, strideB 0, strideC 0, alpha 1, beta 0, dataType half, a_cast_type half, b_cast_type half} 
MIOpen(HIP): Info2 [CallGemm] rocBLAS
MIOpen(HIP): Info2 [GetKernels] 0 kernels for key: miopenIm2d2Col "c128i128_128w3_3p1_1s1_1d1_1t0"
MIOpen(HIP): Info2 [AddKernel] Key: miopenIm2d2Col "c128i128_128w3_3p1_1s1_1d1_1t0 -DLOCAL_MEM_SIZE=340 -DSTRIDE_GT_1=0 -DNUM_IM_BLKS_EQ_1=0 -DUSE_IM_OFF_GUARD=1"
MIOpen(HIP): Info2 [run] kernel_name = Im2d2Col_v2, global_work_dim = { 2097152, 1, 1 }, local_work_dim = { 256, 1, 1 }
MIOpen(HIP): Info2 [CallGemm] gemm_desc: {isColMajor 0, transA 0, transB 0, m 64, n 16384, k 1152, lda 1152, ldb 16384, ldc 16384, batch_count 1, strideA 0, strideB 0, strideC 0, alpha 1, beta 0, dataType half, a_cast_type half, b_cast_type half} 
MIOpen(HIP): Info2 [CallGemm] rocBLAS
MIOpen(HIP): Info2 [GetKernels] 0 kernels for key: miopenIm2d2Col "c128i128_128w3_3p1_1s1_1d1_1t0"
MIOpen(HIP): Info2 [AddKernel] Key: miopenIm2d2Col "c128i128_128w3_3p1_1s1_1d1_1t0 -DLOCAL_MEM_SIZE=340 -DSTRIDE_GT_1=0 -DNUM_IM_BLKS_EQ_1=0 -DUSE_IM_OFF_GUARD=1"
MIOpen(HIP): Info2 [run] kernel_name = Im2d2Col_v2, global_work_dim = { 2097152, 1, 1 }, local_work_dim = { 256, 1, 1 }
MIOpen(HIP): Info2 [CallGemm] gemm_desc: {isColMajor 0, transA 0, transB 0, m 64, n 16384, k 1152, lda 1152, ldb 16384, ldc 16384, batch_count 1, strideA 0, strideB 0, strideC 0, alpha 1, beta 0, dataType half, a_cast_type half, b_cast_type half} 
MIOpen(HIP): Info2 [CallGemm] rocBLAS
MIOpen(HIP): Info2 [GetKernels] 0 kernels for key: miopenIm2d2Col "c128i128_128w3_3p1_1s1_1d1_1t0"
MIOpen(HIP): Info2 [AddKernel] Key: miopenIm2d2Col "c128i128_128w3_3p1_1s1_1d1_1t0 -DLOCAL_MEM_SIZE=340 -DSTRIDE_GT_1=0 -DNUM_IM_BLKS_EQ_1=0 -DUSE_IM_OFF_GUARD=1"
MIOpen(HIP): Info2 [run] kernel_name = Im2d2Col_v2, global_work_dim = { 2097152, 1, 1 }, local_work_dim = { 256, 1, 1 }
MIOpen(HIP): Info2 [CallGemm] gemm_desc: {isColMajor 0, transA 0, transB 0, m 64, n 16384, k 1152, lda 1152, ldb 16384, ldc 16384, batch_count 1, strideA 0, strideB 0, strideC 0, alpha 1, beta 0, dataType half, a_cast_type half, b_cast_type half} 
MIOpen(HIP): Info2 [CallGemm] rocBLAS
MIOpen(HIP): Info2 [GetKernels] 0 kernels for key: miopenIm2d2Col "c128i128_128w3_3p1_1s1_1d1_1t0"
MIOpen(HIP): Info2 [AddKernel] Key: miopenIm2d2Col "c128i128_128w3_3p1_1s1_1d1_1t0 -DLOCAL_MEM_SIZE=340 -DSTRIDE_GT_1=0 -DNUM_IM_BLKS_EQ_1=0 -DUSE_IM_OFF_GUARD=1"
MIOpen(HIP): Info2 [run] kernel_name = Im2d2Col_v2, global_work_dim = { 2097152, 1, 1 }, local_work_dim = { 256, 1, 1 }
MIOpen(HIP): Info2 [CallGemm] gemm_desc: {isColMajor 0, transA 0, transB 0, m 64, n 16384, k 1152, lda 1152, ldb 16384, ldc 16384, batch_count 1, strideA 0, strideB 0, strideC 0, alpha 1, beta 0, dataType half, a_cast_type half, b_cast_type half} 
MIOpen(HIP): Info2 [CallGemm] rocBLAS
MIOpen(HIP): Info2 [GetKernels] 0 kernels for key: miopenIm2d2Col "c128i128_128w3_3p1_1s1_1d1_1t0"
MIOpen(HIP): Info2 [AddKernel] Key: miopenIm2d2Col "c128i128_128w3_3p1_1s1_1d1_1t0 -DLOCAL_MEM_SIZE=340 -DSTRIDE_GT_1=0 -DNUM_IM_BLKS_EQ_1=0 -DUSE_IM_OFF_GUARD=1"
MIOpen(HIP): Info2 [run] kernel_name = Im2d2Col_v2, global_work_dim = { 2097152, 1, 1 }, local_work_dim = { 256, 1, 1 }
MIOpen(HIP): Info2 [CallGemm] gemm_desc: {isColMajor 0, transA 0, transB 0, m 64, n 16384, k 1152, lda 1152, ldb 16384, ldc 16384, batch_count 1, strideA 0, strideB 0, strideC 0, alpha 1, beta 0, dataType half, a_cast_type half, b_cast_type half} 
MIOpen(HIP): Info2 [CallGemm] rocBLAS
MIOpen(HIP): Info2 [GetKernels] 0 kernels for key: miopenIm2d2Col "c128i128_128w3_3p1_1s1_1d1_1t0"
MIOpen(HIP): Info2 [AddKernel] Key: miopenIm2d2Col "c128i128_128w3_3p1_1s1_1d1_1t0 -DLOCAL_MEM_SIZE=340 -DSTRIDE_GT_1=0 -DNUM_IM_BLKS_EQ_1=0 -DUSE_IM_OFF_GUARD=1"
MIOpen(HIP): Info2 [run] kernel_name = Im2d2Col_v2, global_work_dim = { 2097152, 1, 1 }, local_work_dim = { 256, 1, 1 }
MIOpen(HIP): Info2 [CallGemm] gemm_desc: {isColMajor 0, transA 0, transB 0, m 64, n 16384, k 1152, lda 1152, ldb 16384, ldc 16384, batch_count 1, strideA 0, strideB 0, strideC 0, alpha 1, beta 0, dataType half, a_cast_type half, b_cast_type half} 
MIOpen(HIP): Info2 [CallGemm] rocBLAS
MIOpen(HIP): Info2 [GetKernels] 0 kernels for key: miopenIm2d2Col "c128i128_128w3_3p1_1s1_1d1_1t0"
MIOpen(HIP): Info2 [AddKernel] Key: miopenIm2d2Col "c128i128_128w3_3p1_1s1_1d1_1t0 -DLOCAL_MEM_SIZE=340 -DSTRIDE_GT_1=0 -DNUM_IM_BLKS_EQ_1=0 -DUSE_IM_OFF_GUARD=1"
MIOpen(HIP): Info2 [run] kernel_name = Im2d2Col_v2, global_work_dim = { 2097152, 1, 1 }, local_work_dim = { 256, 1, 1 }
MIOpen(HIP): Info2 [CallGemm] gemm_desc: {isColMajor 0, transA 0, transB 0, m 64, n 16384, k 1152, lda 1152, ldb 16384, ldc 16384, batch_count 1, strideA 0, strideB 0, strideC 0, alpha 1, beta 0, dataType half, a_cast_type half, b_cast_type half} 
MIOpen(HIP): Info2 [CallGemm] rocBLAS
MIOpen(HIP): Info2 [GetKernels] 0 kernels for key: miopenIm2d2Col "c128i128_128w3_3p1_1s1_1d1_1t0"
MIOpen(HIP): Info2 [AddKernel] Key: miopenIm2d2Col "c128i128_128w3_3p1_1s1_1d1_1t0 -DLOCAL_MEM_SIZE=340 -DSTRIDE_GT_1=0 -DNUM_IM_BLKS_EQ_1=0 -DUSE_IM_OFF_GUARD=1"
MIOpen(HIP): Info2 [run] kernel_name = Im2d2Col_v2, global_work_dim = { 2097152, 1, 1 }, local_work_dim = { 256, 1, 1 }
MIOpen(HIP): Info2 [CallGemm] gemm_desc: {isColMajor 0, transA 0, transB 0, m 64, n 16384, k 1152, lda 1152, ldb 16384, ldc 16384, batch_count 1, strideA 0, strideB 0, strideC 0, alpha 1, beta 0, dataType half, a_cast_type half, b_cast_type half} 
MIOpen(HIP): Info2 [CallGemm] rocBLAS
MIOpen(HIP): Info2 [GetKernels] 0 kernels for key: miopenIm2d2Col "c128i128_128w3_3p1_1s1_1d1_1t0"
MIOpen(HIP): Info2 [AddKernel] Key: miopenIm2d2Col "c128i128_128w3_3p1_1s1_1d1_1t0 -DLOCAL_MEM_SIZE=340 -DSTRIDE_GT_1=0 -DNUM_IM_BLKS_EQ_1=0 -DUSE_IM_OFF_GUARD=1"
MIOpen(HIP): Info2 [run] kernel_name = Im2d2Col_v2, global_work_dim = { 2097152, 1, 1 }, local_work_dim = { 256, 1, 1 }
MIOpen(HIP): Info2 [CallGemm] gemm_desc: {isColMajor 0, transA 0, transB 0, m 64, n 16384, k 1152, lda 1152, ldb 16384, ldc 16384, batch_count 1, strideA 0, strideB 0, strideC 0, alpha 1, beta 0, dataType half, a_cast_type half, b_cast_type half} 
MIOpen(HIP): Info2 [CallGemm] rocBLAS
MIOpen(HIP): Info2 [GetKernels] 0 kernels for key: miopenIm2d2Col "c128i128_128w3_3p1_1s1_1d1_1t0"
MIOpen(HIP): Info2 [AddKernel] Key: miopenIm2d2Col "c128i128_128w3_3p1_1s1_1d1_1t0 -DLOCAL_MEM_SIZE=340 -DSTRIDE_GT_1=0 -DNUM_IM_BLKS_EQ_1=0 -DUSE_IM_OFF_GUARD=1"
MIOpen(HIP): Info2 [run] kernel_name = Im2d2Col_v2, global_work_dim = { 2097152, 1, 1 }, local_work_dim = { 256, 1, 1 }
MIOpen(HIP): Info2 [CallGemm] gemm_desc: {isColMajor 0, transA 0, transB 0, m 64, n 16384, k 1152, lda 1152, ldb 16384, ldc 16384, batch_count 1, strideA 0, strideB 0, strideC 0, alpha 1, beta 0, dataType half, a_cast_type half, b_cast_type half} 
MIOpen(HIP): Info2 [CallGemm] rocBLAS
MIOpen(HIP): Info2 [GetKernels] 0 kernels for key: miopenIm2d2Col "c128i128_128w3_3p1_1s1_1d1_1t0"
MIOpen(HIP): Info2 [AddKernel] Key: miopenIm2d2Col "c128i128_128w3_3p1_1s1_1d1_1t0 -DLOCAL_MEM_SIZE=340 -DSTRIDE_GT_1=0 -DNUM_IM_BLKS_EQ_1=0 -DUSE_IM_OFF_GUARD=1"
MIOpen(HIP): Info2 [run] kernel_name = Im2d2Col_v2, global_work_dim = { 2097152, 1, 1 }, local_work_dim = { 256, 1, 1 }
MIOpen(HIP): Info2 [CallGemm] gemm_desc: {isColMajor 0, transA 0, transB 0, m 64, n 16384, k 1152, lda 1152, ldb 16384, ldc 16384, batch_count 1, strideA 0, strideB 0, strideC 0, alpha 1, beta 0, dataType half, a_cast_type half, b_cast_type half} 
MIOpen(HIP): Info2 [CallGemm] rocBLAS
MIOpen(HIP): Info2 [GetKernels] 0 kernels for key: miopenIm2d2Col "c128i128_128w3_3p1_1s1_1d1_1t0"
MIOpen(HIP): Info2 [AddKernel] Key: miopenIm2d2Col "c128i128_128w3_3p1_1s1_1d1_1t0 -DLOCAL_MEM_SIZE=340 -DSTRIDE_GT_1=0 -DNUM_IM_BLKS_EQ_1=0 -DUSE_IM_OFF_GUARD=1"
MIOpen(HIP): Info2 [run] kernel_name = Im2d2Col_v2, global_work_dim = { 2097152, 1, 1 }, local_work_dim = { 256, 1, 1 }
MIOpen(HIP): Info2 [CallGemm] gemm_desc: {isColMajor 0, transA 0, transB 0, m 64, n 16384, k 1152, lda 1152, ldb 16384, ldc 16384, batch_count 1, strideA 0, strideB 0, strideC 0, alpha 1, beta 0, dataType half, a_cast_type half, b_cast_type half} 
MIOpen(HIP): Info2 [CallGemm] rocBLAS
MIOpen(HIP): Info2 [GetKernels] 0 kernels for key: miopenIm2d2Col "c128i128_128w3_3p1_1s1_1d1_1t0"
MIOpen(HIP): Info2 [AddKernel] Key: miopenIm2d2Col "c128i128_128w3_3p1_1s1_1d1_1t0 -DLOCAL_MEM_SIZE=340 -DSTRIDE_GT_1=0 -DNUM_IM_BLKS_EQ_1=0 -DUSE_IM_OFF_GUARD=1"
MIOpen(HIP): Info2 [run] kernel_name = Im2d2Col_v2, global_work_dim = { 2097152, 1, 1 }, local_work_dim = { 256, 1, 1 }
MIOpen(HIP): Info2 [CallGemm] gemm_desc: {isColMajor 0, transA 0, transB 0, m 64, n 16384, k 1152, lda 1152, ldb 16384, ldc 16384, batch_count 1, strideA 0, strideB 0, strideC 0, alpha 1, beta 0, dataType half, a_cast_type half, b_cast_type half} 
MIOpen(HIP): Info2 [CallGemm] rocBLAS
MIOpen(HIP): Info2 [GetKernels] 0 kernels for key: miopenIm2d2Col "c128i128_128w3_3p1_1s1_1d1_1t0"
MIOpen(HIP): Info2 [AddKernel] Key: miopenIm2d2Col "c128i128_128w3_3p1_1s1_1d1_1t0 -DLOCAL_MEM_SIZE=340 -DSTRIDE_GT_1=0 -DNUM_IM_BLKS_EQ_1=0 -DUSE_IM_OFF_GUARD=1"
MIOpen(HIP): Info2 [run] kernel_name = Im2d2Col_v2, global_work_dim = { 2097152, 1, 1 }, local_work_dim = { 256, 1, 1 }
MIOpen(HIP): Info2 [CallGemm] gemm_desc: {isColMajor 0, transA 0, transB 0, m 64, n 16384, k 1152, lda 1152, ldb 16384, ldc 16384, batch_count 1, strideA 0, strideB 0, strideC 0, alpha 1, beta 0, dataType half, a_cast_type half, b_cast_type half} 
MIOpen(HIP): Info2 [CallGemm] rocBLAS
MIOpen(HIP): Info2 [GetKernels] 0 kernels for key: miopenIm2d2Col "c128i128_128w3_3p1_1s1_1d1_1t0"
MIOpen(HIP): Info2 [AddKernel] Key: miopenIm2d2Col "c128i128_128w3_3p1_1s1_1d1_1t0 -DLOCAL_MEM_SIZE=340 -DSTRIDE_GT_1=0 -DNUM_IM_BLKS_EQ_1=0 -DUSE_IM_OFF_GUARD=1"
MIOpen(HIP): Info2 [run] kernel_name = Im2d2Col_v2, global_work_dim = { 2097152, 1, 1 }, local_work_dim = { 256, 1, 1 }
MIOpen(HIP): Info2 [CallGemm] gemm_desc: {isColMajor 0, transA 0, transB 0, m 64, n 16384, k 1152, lda 1152, ldb 16384, ldc 16384, batch_count 1, strideA 0, strideB 0, strideC 0, alpha 1, beta 0, dataType half, a_cast_type half, b_cast_type half} 
MIOpen(HIP): Info2 [CallGemm] rocBLAS
MIOpen(HIP): Info2 [GetKernels] 0 kernels for key: miopenIm2d2Col "c128i128_128w3_3p1_1s1_1d1_1t0"
MIOpen(HIP): Info2 [AddKernel] Key: miopenIm2d2Col "c128i128_128w3_3p1_1s1_1d1_1t0 -DLOCAL_MEM_SIZE=340 -DSTRIDE_GT_1=0 -DNUM_IM_BLKS_EQ_1=0 -DUSE_IM_OFF_GUARD=1"
MIOpen(HIP): Info2 [run] kernel_name = Im2d2Col_v2, global_work_dim = { 2097152, 1, 1 }, local_work_dim = { 256, 1, 1 }
MIOpen(HIP): Info2 [CallGemm] gemm_desc: {isColMajor 0, transA 0, transB 0, m 64, n 16384, k 1152, lda 1152, ldb 16384, ldc 16384, batch_count 1, strideA 0, strideB 0, strideC 0, alpha 1, beta 0, dataType half, a_cast_type half, b_cast_type half} 
MIOpen(HIP): Info2 [CallGemm] rocBLAS
MIOpen(HIP): Info2 [GetKernels] 0 kernels for key: miopenIm2d2Col "c128i128_128w3_3p1_1s1_1d1_1t0"
MIOpen(HIP): Info2 [AddKernel] Key: miopenIm2d2Col "c128i128_128w3_3p1_1s1_1d1_1t0 -DLOCAL_MEM_SIZE=340 -DSTRIDE_GT_1=0 -DNUM_IM_BLKS_EQ_1=0 -DUSE_IM_OFF_GUARD=1"
MIOpen(HIP): Info2 [run] kernel_name = Im2d2Col_v2, global_work_dim = { 2097152, 1, 1 }, local_work_dim = { 256, 1, 1 }
MIOpen(HIP): Info2 [CallGemm] gemm_desc: {isColMajor 0, transA 0, transB 0, m 64, n 16384, k 1152, lda 1152, ldb 16384, ldc 16384, batch_count 1, strideA 0, strideB 0, strideC 0, alpha 1, beta 0, dataType half, a_cast_type half, b_cast_type half} 
MIOpen(HIP): Info2 [CallGemm] rocBLAS
MIOpen(HIP): Info2 [GetKernels] 0 kernels for key: miopenIm2d2Col "c128i128_128w3_3p1_1s1_1d1_1t0"
MIOpen(HIP): Info2 [AddKernel] Key: miopenIm2d2Col "c128i128_128w3_3p1_1s1_1d1_1t0 -DLOCAL_MEM_SIZE=340 -DSTRIDE_GT_1=0 -DNUM_IM_BLKS_EQ_1=0 -DUSE_IM_OFF_GUARD=1"
MIOpen(HIP): Info2 [run] kernel_name = Im2d2Col_v2, global_work_dim = { 2097152, 1, 1 }, local_work_dim = { 256, 1, 1 }
MIOpen(HIP): Info2 [CallGemm] gemm_desc: {isColMajor 0, transA 0, transB 0, m 64, n 16384, k 1152, lda 1152, ldb 16384, ldc 16384, batch_count 1, strideA 0, strideB 0, strideC 0, alpha 1, beta 0, dataType half, a_cast_type half, b_cast_type half} 
MIOpen(HIP): Info2 [CallGemm] rocBLAS
MIOpen(HIP): Info2 [GetKernels] 0 kernels for key: miopenIm2d2Col "c128i128_128w3_3p1_1s1_1d1_1t0"
MIOpen(HIP): Info2 [AddKernel] Key: miopenIm2d2Col "c128i128_128w3_3p1_1s1_1d1_1t0 -DLOCAL_MEM_SIZE=340 -DSTRIDE_GT_1=0 -DNUM_IM_BLKS_EQ_1=0 -DUSE_IM_OFF_GUARD=1"
MIOpen(HIP): Info2 [run] kernel_name = Im2d2Col_v2, global_work_dim = { 2097152, 1, 1 }, local_work_dim = { 256, 1, 1 }
MIOpen(HIP): Info2 [CallGemm] gemm_desc: {isColMajor 0, transA 0, transB 0, m 64, n 16384, k 1152, lda 1152, ldb 16384, ldc 16384, batch_count 1, strideA 0, strideB 0, strideC 0, alpha 1, beta 0, dataType half, a_cast_type half, b_cast_type half} 
MIOpen(HIP): Info2 [CallGemm] rocBLAS
MIOpen(HIP): Info2 [GetKernels] 0 kernels for key: miopenIm2d2Col "c128i128_128w3_3p1_1s1_1d1_1t0"
MIOpen(HIP): Info2 [AddKernel] Key: miopenIm2d2Col "c128i128_128w3_3p1_1s1_1d1_1t0 -DLOCAL_MEM_SIZE=340 -DSTRIDE_GT_1=0 -DNUM_IM_BLKS_EQ_1=0 -DUSE_IM_OFF_GUARD=1"
MIOpen(HIP): Info2 [run] kernel_name = Im2d2Col_v2, global_work_dim = { 2097152, 1, 1 }, local_work_dim = { 256, 1, 1 }
MIOpen(HIP): Info2 [CallGemm] gemm_desc: {isColMajor 0, transA 0, transB 0, m 64, n 16384, k 1152, lda 1152, ldb 16384, ldc 16384, batch_count 1, strideA 0, strideB 0, strideC 0, alpha 1, beta 0, dataType half, a_cast_type half, b_cast_type half} 
MIOpen(HIP): Info2 [CallGemm] rocBLAS
MIOpen(HIP): Info2 [GetKernels] 0 kernels for key: miopenIm2d2Col "c128i128_128w3_3p1_1s1_1d1_1t0"
MIOpen(HIP): Info2 [AddKernel] Key: miopenIm2d2Col "c128i128_128w3_3p1_1s1_1d1_1t0 -DLOCAL_MEM_SIZE=340 -DSTRIDE_GT_1=0 -DNUM_IM_BLKS_EQ_1=0 -DUSE_IM_OFF_GUARD=1"
MIOpen(HIP): Info2 [run] kernel_name = Im2d2Col_v2, global_work_dim = { 2097152, 1, 1 }, local_work_dim = { 256, 1, 1 }
MIOpen(HIP): Info2 [CallGemm] gemm_desc: {isColMajor 0, transA 0, transB 0, m 64, n 16384, k 1152, lda 1152, ldb 16384, ldc 16384, batch_count 1, strideA 0, strideB 0, strideC 0, alpha 1, beta 0, dataType half, a_cast_type half, b_cast_type half} 
MIOpen(HIP): Info2 [CallGemm] rocBLAS
MIOpen(HIP): auto miopen::solver::conv::GemmFwdRest::GetSolution(const ExecutionContext &, const ProblemDescription &)::(anonymous class)::operator()(const std::vector<Kernel> &)::(anonymous class)::operator()(const Handle &, const AnyInvokeParams &) const{
MIOpen(HIP): 	name + ", non 1x1" = convolution, non 1x1
MIOpen(HIP): }
MIOpen(HIP): Info2 [GetKernels] 0 kernels for key: miopenIm2d2Col "c128i128_128w3_3p1_1s1_1d1_1t0"
MIOpen(HIP): Info2 [AddKernel] Key: miopenIm2d2Col "c128i128_128w3_3p1_1s1_1d1_1t0 -DLOCAL_MEM_SIZE=340 -DSTRIDE_GT_1=0 -DNUM_IM_BLKS_EQ_1=0 -DUSE_IM_OFF_GUARD=1"
MIOpen(HIP): Info2 [run] kernel_name = Im2d2Col_v2, global_work_dim = { 2097152, 1, 1 }, local_work_dim = { 256, 1, 1 }
MIOpen(HIP): Info2 [CallGemm] gemm_desc: {isColMajor 0, transA 0, transB 0, m 64, n 16384, k 1152, lda 1152, ldb 16384, ldc 16384, batch_count 1, strideA 0, strideB 0, strideC 0, alpha 1, beta 0, dataType half, a_cast_type half, b_cast_type half} 
MIOpen(HIP): Info2 [CallGemm] rocBLAS
MIOpen(HIP): Info2 [GetKernels] 0 kernels for key: miopenIm2d2Col "c128i128_128w3_3p1_1s1_1d1_1t0"
MIOpen(HIP): Info2 [AddKernel] Key: miopenIm2d2Col "c128i128_128w3_3p1_1s1_1d1_1t0 -DLOCAL_MEM_SIZE=340 -DSTRIDE_GT_1=0 -DNUM_IM_BLKS_EQ_1=0 -DUSE_IM_OFF_GUARD=1"
MIOpen(HIP): Info2 [run] kernel_name = Im2d2Col_v2, global_work_dim = { 2097152, 1, 1 }, local_work_dim = { 256, 1, 1 }
MIOpen(HIP): Info2 [CallGemm] gemm_desc: {isColMajor 0, transA 0, transB 0, m 64, n 16384, k 1152, lda 1152, ldb 16384, ldc 16384, batch_count 1, strideA 0, strideB 0, strideC 0, alpha 1, beta 0, dataType half, a_cast_type half, b_cast_type half} 
MIOpen(HIP): Info2 [CallGemm] rocBLAS
MIOpen(HIP): Info2 [GetKernels] 0 kernels for key: miopenIm2d2Col "c128i128_128w3_3p1_1s1_1d1_1t0"
MIOpen(HIP): Info2 [AddKernel] Key: miopenIm2d2Col "c128i128_128w3_3p1_1s1_1d1_1t0 -DLOCAL_MEM_SIZE=340 -DSTRIDE_GT_1=0 -DNUM_IM_BLKS_EQ_1=0 -DUSE_IM_OFF_GUARD=1"
MIOpen(HIP): Info2 [run] kernel_name = Im2d2Col_v2, global_work_dim = { 2097152, 1, 1 }, local_work_dim = { 256, 1, 1 }
MIOpen(HIP): Info2 [CallGemm] gemm_desc: {isColMajor 0, transA 0, transB 0, m 64, n 16384, k 1152, lda 1152, ldb 16384, ldc 16384, batch_count 1, strideA 0, strideB 0, strideC 0, alpha 1, beta 0, dataType half, a_cast_type half, b_cast_type half} 
MIOpen(HIP): Info2 [CallGemm] rocBLAS
MIOpen(HIP): Info2 [GetKernels] 0 kernels for key: miopenIm2d2Col "c128i128_128w3_3p1_1s1_1d1_1t0"
MIOpen(HIP): Info2 [AddKernel] Key: miopenIm2d2Col "c128i128_128w3_3p1_1s1_1d1_1t0 -DLOCAL_MEM_SIZE=340 -DSTRIDE_GT_1=0 -DNUM_IM_BLKS_EQ_1=0 -DUSE_IM_OFF_GUARD=1"
MIOpen(HIP): Info2 [run] kernel_name = Im2d2Col_v2, global_work_dim = { 2097152, 1, 1 }, local_work_dim = { 256, 1, 1 }
MIOpen(HIP): Info2 [CallGemm] gemm_desc: {isColMajor 0, transA 0, transB 0, m 64, n 16384, k 1152, lda 1152, ldb 16384, ldc 16384, batch_count 1, strideA 0, strideB 0, strideC 0, alpha 1, beta 0, dataType half, a_cast_type half, b_cast_type half} 
MIOpen(HIP): Info2 [CallGemm] rocBLAS
MIOpen(HIP): Info2 [GetKernels] 0 kernels for key: miopenIm2d2Col "c128i128_128w3_3p1_1s1_1d1_1t0"
MIOpen(HIP): Info2 [AddKernel] Key: miopenIm2d2Col "c128i128_128w3_3p1_1s1_1d1_1t0 -DLOCAL_MEM_SIZE=340 -DSTRIDE_GT_1=0 -DNUM_IM_BLKS_EQ_1=0 -DUSE_IM_OFF_GUARD=1"
MIOpen(HIP): Info2 [run] kernel_name = Im2d2Col_v2, global_work_dim = { 2097152, 1, 1 }, local_work_dim = { 256, 1, 1 }
MIOpen(HIP): Info2 [CallGemm] gemm_desc: {isColMajor 0, transA 0, transB 0, m 64, n 16384, k 1152, lda 1152, ldb 16384, ldc 16384, batch_count 1, strideA 0, strideB 0, strideC 0, alpha 1, beta 0, dataType half, a_cast_type half, b_cast_type half} 
MIOpen(HIP): Info2 [CallGemm] rocBLAS
MIOpen(HIP): Info2 [GetKernels] 0 kernels for key: miopenIm2d2Col "c128i128_128w3_3p1_1s1_1d1_1t0"
MIOpen(HIP): Info2 [AddKernel] Key: miopenIm2d2Col "c128i128_128w3_3p1_1s1_1d1_1t0 -DLOCAL_MEM_SIZE=340 -DSTRIDE_GT_1=0 -DNUM_IM_BLKS_EQ_1=0 -DUSE_IM_OFF_GUARD=1"
MIOpen(HIP): Info2 [run] kernel_name = Im2d2Col_v2, global_work_dim = { 2097152, 1, 1 }, local_work_dim = { 256, 1, 1 }
MIOpen(HIP): Info2 [CallGemm] gemm_desc: {isColMajor 0, transA 0, transB 0, m 64, n 16384, k 1152, lda 1152, ldb 16384, ldc 16384, batch_count 1, strideA 0, strideB 0, strideC 0, alpha 1, beta 0, dataType half, a_cast_type half, b_cast_type half} 
MIOpen(HIP): Info2 [CallGemm] rocBLAS
MIOpen(HIP): Info2 [GetKernels] 0 kernels for key: miopenIm2d2Col "c128i128_128w3_3p1_1s1_1d1_1t0"
MIOpen(HIP): Info2 [AddKernel] Key: miopenIm2d2Col "c128i128_128w3_3p1_1s1_1d1_1t0 -DLOCAL_MEM_SIZE=340 -DSTRIDE_GT_1=0 -DNUM_IM_BLKS_EQ_1=0 -DUSE_IM_OFF_GUARD=1"
MIOpen(HIP): Info2 [run] kernel_name = Im2d2Col_v2, global_work_dim = { 2097152, 1, 1 }, local_work_dim = { 256, 1, 1 }
MIOpen(HIP): Info2 [CallGemm] gemm_desc: {isColMajor 0, transA 0, transB 0, m 64, n 16384, k 1152, lda 1152, ldb 16384, ldc 16384, batch_count 1, strideA 0, strideB 0, strideC 0, alpha 1, beta 0, dataType half, a_cast_type half, b_cast_type half} 
MIOpen(HIP): Info2 [CallGemm] rocBLAS
MIOpen(HIP): Info2 [GetKernels] 0 kernels for key: miopenIm2d2Col "c128i128_128w3_3p1_1s1_1d1_1t0"
MIOpen(HIP): Info2 [AddKernel] Key: miopenIm2d2Col "c128i128_128w3_3p1_1s1_1d1_1t0 -DLOCAL_MEM_SIZE=340 -DSTRIDE_GT_1=0 -DNUM_IM_BLKS_EQ_1=0 -DUSE_IM_OFF_GUARD=1"
MIOpen(HIP): Info2 [run] kernel_name = Im2d2Col_v2, global_work_dim = { 2097152, 1, 1 }, local_work_dim = { 256, 1, 1 }
MIOpen(HIP): Info2 [CallGemm] gemm_desc: {isColMajor 0, transA 0, transB 0, m 64, n 16384, k 1152, lda 1152, ldb 16384, ldc 16384, batch_count 1, strideA 0, strideB 0, strideC 0, alpha 1, beta 0, dataType half, a_cast_type half, b_cast_type half} 
MIOpen(HIP): Info2 [CallGemm] rocBLAS
MIOpen(HIP): Info2 [GetKernels] 0 kernels for key: miopenIm2d2Col "c128i128_128w3_3p1_1s1_1d1_1t0"
MIOpen(HIP): Info2 [AddKernel] Key: miopenIm2d2Col "c128i128_128w3_3p1_1s1_1d1_1t0 -DLOCAL_MEM_SIZE=340 -DSTRIDE_GT_1=0 -DNUM_IM_BLKS_EQ_1=0 -DUSE_IM_OFF_GUARD=1"
MIOpen(HIP): Info2 [run] kernel_name = Im2d2Col_v2, global_work_dim = { 2097152, 1, 1 }, local_work_dim = { 256, 1, 1 }
MIOpen(HIP): Info2 [CallGemm] gemm_desc: {isColMajor 0, transA 0, transB 0, m 64, n 16384, k 1152, lda 1152, ldb 16384, ldc 16384, batch_count 1, strideA 0, strideB 0, strideC 0, alpha 1, beta 0, dataType half, a_cast_type half, b_cast_type half} 
MIOpen(HIP): Info2 [CallGemm] rocBLAS
MIOpen(HIP): Info2 [GetKernels] 0 kernels for key: miopenIm2d2Col "c128i128_128w3_3p1_1s1_1d1_1t0"
MIOpen(HIP): Info2 [AddKernel] Key: miopenIm2d2Col "c128i128_128w3_3p1_1s1_1d1_1t0 -DLOCAL_MEM_SIZE=340 -DSTRIDE_GT_1=0 -DNUM_IM_BLKS_EQ_1=0 -DUSE_IM_OFF_GUARD=1"
MIOpen(HIP): Info2 [run] kernel_name = Im2d2Col_v2, global_work_dim = { 2097152, 1, 1 }, local_work_dim = { 256, 1, 1 }
MIOpen(HIP): Info2 [CallGemm] gemm_desc: {isColMajor 0, transA 0, transB 0, m 64, n 16384, k 1152, lda 1152, ldb 16384, ldc 16384, batch_count 1, strideA 0, strideB 0, strideC 0, alpha 1, beta 0, dataType half, a_cast_type half, b_cast_type half} 
MIOpen(HIP): Info2 [CallGemm] rocBLAS
MIOpen(HIP): Info2 [GetKernels] 0 kernels for key: miopenIm2d2Col "c128i128_128w3_3p1_1s1_1d1_1t0"
MIOpen(HIP): Info2 [AddKernel] Key: miopenIm2d2Col "c128i128_128w3_3p1_1s1_1d1_1t0 -DLOCAL_MEM_SIZE=340 -DSTRIDE_GT_1=0 -DNUM_IM_BLKS_EQ_1=0 -DUSE_IM_OFF_GUARD=1"
MIOpen(HIP): Info2 [run] kernel_name = Im2d2Col_v2, global_work_dim = { 2097152, 1, 1 }, local_work_dim = { 256, 1, 1 }
MIOpen(HIP): Info2 [CallGemm] gemm_desc: {isColMajor 0, transA 0, transB 0, m 64, n 16384, k 1152, lda 1152, ldb 16384, ldc 16384, batch_count 1, strideA 0, strideB 0, strideC 0, alpha 1, beta 0, dataType half, a_cast_type half, b_cast_type half} 
MIOpen(HIP): Info2 [CallGemm] rocBLAS
MIOpen(HIP): Info2 [GetKernels] 0 kernels for key: miopenIm2d2Col "c128i128_128w3_3p1_1s1_1d1_1t0"
MIOpen(HIP): Info2 [AddKernel] Key: miopenIm2d2Col "c128i128_128w3_3p1_1s1_1d1_1t0 -DLOCAL_MEM_SIZE=340 -DSTRIDE_GT_1=0 -DNUM_IM_BLKS_EQ_1=0 -DUSE_IM_OFF_GUARD=1"
MIOpen(HIP): Info2 [run] kernel_name = Im2d2Col_v2, global_work_dim = { 2097152, 1, 1 }, local_work_dim = { 256, 1, 1 }
MIOpen(HIP): Info2 [CallGemm] gemm_desc: {isColMajor 0, transA 0, transB 0, m 64, n 16384, k 1152, lda 1152, ldb 16384, ldc 16384, batch_count 1, strideA 0, strideB 0, strideC 0, alpha 1, beta 0, dataType half, a_cast_type half, b_cast_type half} 
MIOpen(HIP): Info2 [CallGemm] rocBLAS
MIOpen(HIP): Info2 [GetKernels] 0 kernels for key: miopenIm2d2Col "c128i128_128w3_3p1_1s1_1d1_1t0"
MIOpen(HIP): Info2 [AddKernel] Key: miopenIm2d2Col "c128i128_128w3_3p1_1s1_1d1_1t0 -DLOCAL_MEM_SIZE=340 -DSTRIDE_GT_1=0 -DNUM_IM_BLKS_EQ_1=0 -DUSE_IM_OFF_GUARD=1"
MIOpen(HIP): Info2 [run] kernel_name = Im2d2Col_v2, global_work_dim = { 2097152, 1, 1 }, local_work_dim = { 256, 1, 1 }
MIOpen(HIP): Info2 [CallGemm] gemm_desc: {isColMajor 0, transA 0, transB 0, m 64, n 16384, k 1152, lda 1152, ldb 16384, ldc 16384, batch_count 1, strideA 0, strideB 0, strideC 0, alpha 1, beta 0, dataType half, a_cast_type half, b_cast_type half} 
MIOpen(HIP): Info2 [CallGemm] rocBLAS
MIOpen(HIP): Info2 [GetKernels] 0 kernels for key: miopenIm2d2Col "c128i128_128w3_3p1_1s1_1d1_1t0"
MIOpen(HIP): Info2 [AddKernel] Key: miopenIm2d2Col "c128i128_128w3_3p1_1s1_1d1_1t0 -DLOCAL_MEM_SIZE=340 -DSTRIDE_GT_1=0 -DNUM_IM_BLKS_EQ_1=0 -DUSE_IM_OFF_GUARD=1"
MIOpen(HIP): Info2 [run] kernel_name = Im2d2Col_v2, global_work_dim = { 2097152, 1, 1 }, local_work_dim = { 256, 1, 1 }
MIOpen(HIP): Info2 [CallGemm] gemm_desc: {isColMajor 0, transA 0, transB 0, m 64, n 16384, k 1152, lda 1152, ldb 16384, ldc 16384, batch_count 1, strideA 0, strideB 0, strideC 0, alpha 1, beta 0, dataType half, a_cast_type half, b_cast_type half} 
MIOpen(HIP): Info2 [CallGemm] rocBLAS
MIOpen(HIP): Info2 [GetKernels] 0 kernels for key: miopenIm2d2Col "c128i128_128w3_3p1_1s1_1d1_1t0"
MIOpen(HIP): Info2 [AddKernel] Key: miopenIm2d2Col "c128i128_128w3_3p1_1s1_1d1_1t0 -DLOCAL_MEM_SIZE=340 -DSTRIDE_GT_1=0 -DNUM_IM_BLKS_EQ_1=0 -DUSE_IM_OFF_GUARD=1"
MIOpen(HIP): Info2 [run] kernel_name = Im2d2Col_v2, global_work_dim = { 2097152, 1, 1 }, local_work_dim = { 256, 1, 1 }
MIOpen(HIP): Info2 [CallGemm] gemm_desc: {isColMajor 0, transA 0, transB 0, m 64, n 16384, k 1152, lda 1152, ldb 16384, ldc 16384, batch_count 1, strideA 0, strideB 0, strideC 0, alpha 1, beta 0, dataType half, a_cast_type half, b_cast_type half} 
MIOpen(HIP): Info2 [CallGemm] rocBLAS
MIOpen(HIP): Info2 [GetKernels] 0 kernels for key: miopenIm2d2Col "c128i128_128w3_3p1_1s1_1d1_1t0"
MIOpen(HIP): Info2 [AddKernel] Key: miopenIm2d2Col "c128i128_128w3_3p1_1s1_1d1_1t0 -DLOCAL_MEM_SIZE=340 -DSTRIDE_GT_1=0 -DNUM_IM_BLKS_EQ_1=0 -DUSE_IM_OFF_GUARD=1"
MIOpen(HIP): Info2 [run] kernel_name = Im2d2Col_v2, global_work_dim = { 2097152, 1, 1 }, local_work_dim = { 256, 1, 1 }
MIOpen(HIP): Info2 [CallGemm] gemm_desc: {isColMajor 0, transA 0, transB 0, m 64, n 16384, k 1152, lda 1152, ldb 16384, ldc 16384, batch_count 1, strideA 0, strideB 0, strideC 0, alpha 1, beta 0, dataType half, a_cast_type half, b_cast_type half} 
MIOpen(HIP): Info2 [CallGemm] rocBLAS
MIOpen(HIP): Info2 [GetKernels] 0 kernels for key: miopenIm2d2Col "c128i128_128w3_3p1_1s1_1d1_1t0"
MIOpen(HIP): Info2 [AddKernel] Key: miopenIm2d2Col "c128i128_128w3_3p1_1s1_1d1_1t0 -DLOCAL_MEM_SIZE=340 -DSTRIDE_GT_1=0 -DNUM_IM_BLKS_EQ_1=0 -DUSE_IM_OFF_GUARD=1"
MIOpen(HIP): Info2 [run] kernel_name = Im2d2Col_v2, global_work_dim = { 2097152, 1, 1 }, local_work_dim = { 256, 1, 1 }
MIOpen(HIP): Info2 [CallGemm] gemm_desc: {isColMajor 0, transA 0, transB 0, m 64, n 16384, k 1152, lda 1152, ldb 16384, ldc 16384, batch_count 1, strideA 0, strideB 0, strideC 0, alpha 1, beta 0, dataType half, a_cast_type half, b_cast_type half} 
MIOpen(HIP): Info2 [CallGemm] rocBLAS
MIOpen(HIP): Info2 [GetKernels] 0 kernels for key: miopenIm2d2Col "c128i128_128w3_3p1_1s1_1d1_1t0"
MIOpen(HIP): Info2 [AddKernel] Key: miopenIm2d2Col "c128i128_128w3_3p1_1s1_1d1_1t0 -DLOCAL_MEM_SIZE=340 -DSTRIDE_GT_1=0 -DNUM_IM_BLKS_EQ_1=0 -DUSE_IM_OFF_GUARD=1"
MIOpen(HIP): Info2 [run] kernel_name = Im2d2Col_v2, global_work_dim = { 2097152, 1, 1 }, local_work_dim = { 256, 1, 1 }
MIOpen(HIP): Info2 [CallGemm] gemm_desc: {isColMajor 0, transA 0, transB 0, m 64, n 16384, k 1152, lda 1152, ldb 16384, ldc 16384, batch_count 1, strideA 0, strideB 0, strideC 0, alpha 1, beta 0, dataType half, a_cast_type half, b_cast_type half} 
MIOpen(HIP): Info2 [CallGemm] rocBLAS
MIOpen(HIP): Info2 [GetKernels] 0 kernels for key: miopenIm2d2Col "c128i128_128w3_3p1_1s1_1d1_1t0"
MIOpen(HIP): Info2 [AddKernel] Key: miopenIm2d2Col "c128i128_128w3_3p1_1s1_1d1_1t0 -DLOCAL_MEM_SIZE=340 -DSTRIDE_GT_1=0 -DNUM_IM_BLKS_EQ_1=0 -DUSE_IM_OFF_GUARD=1"
MIOpen(HIP): Info2 [run] kernel_name = Im2d2Col_v2, global_work_dim = { 2097152, 1, 1 }, local_work_dim = { 256, 1, 1 }
MIOpen(HIP): Info2 [CallGemm] gemm_desc: {isColMajor 0, transA 0, transB 0, m 64, n 16384, k 1152, lda 1152, ldb 16384, ldc 16384, batch_count 1, strideA 0, strideB 0, strideC 0, alpha 1, beta 0, dataType half, a_cast_type half, b_cast_type half} 
MIOpen(HIP): Info2 [CallGemm] rocBLAS
MIOpen(HIP): Info2 [GetKernels] 0 kernels for key: miopenIm2d2Col "c128i128_128w3_3p1_1s1_1d1_1t0"
MIOpen(HIP): Info2 [AddKernel] Key: miopenIm2d2Col "c128i128_128w3_3p1_1s1_1d1_1t0 -DLOCAL_MEM_SIZE=340 -DSTRIDE_GT_1=0 -DNUM_IM_BLKS_EQ_1=0 -DUSE_IM_OFF_GUARD=1"
MIOpen(HIP): Info2 [run] kernel_name = Im2d2Col_v2, global_work_dim = { 2097152, 1, 1 }, local_work_dim = { 256, 1, 1 }
MIOpen(HIP): Info2 [CallGemm] gemm_desc: {isColMajor 0, transA 0, transB 0, m 64, n 16384, k 1152, lda 1152, ldb 16384, ldc 16384, batch_count 1, strideA 0, strideB 0, strideC 0, alpha 1, beta 0, dataType half, a_cast_type half, b_cast_type half} 
MIOpen(HIP): Info2 [CallGemm] rocBLAS
MIOpen(HIP): Info2 [GetKernels] 0 kernels for key: miopenIm2d2Col "c128i128_128w3_3p1_1s1_1d1_1t0"
MIOpen(HIP): Info2 [AddKernel] Key: miopenIm2d2Col "c128i128_128w3_3p1_1s1_1d1_1t0 -DLOCAL_MEM_SIZE=340 -DSTRIDE_GT_1=0 -DNUM_IM_BLKS_EQ_1=0 -DUSE_IM_OFF_GUARD=1"
MIOpen(HIP): Info2 [run] kernel_name = Im2d2Col_v2, global_work_dim = { 2097152, 1, 1 }, local_work_dim = { 256, 1, 1 }
MIOpen(HIP): Info2 [CallGemm] gemm_desc: {isColMajor 0, transA 0, transB 0, m 64, n 16384, k 1152, lda 1152, ldb 16384, ldc 16384, batch_count 1, strideA 0, strideB 0, strideC 0, alpha 1, beta 0, dataType half, a_cast_type half, b_cast_type half} 
MIOpen(HIP): Info2 [CallGemm] rocBLAS
MIOpen(HIP): Info2 [GetKernels] 0 kernels for key: miopenIm2d2Col "c128i128_128w3_3p1_1s1_1d1_1t0"
MIOpen(HIP): Info2 [AddKernel] Key: miopenIm2d2Col "c128i128_128w3_3p1_1s1_1d1_1t0 -DLOCAL_MEM_SIZE=340 -DSTRIDE_GT_1=0 -DNUM_IM_BLKS_EQ_1=0 -DUSE_IM_OFF_GUARD=1"
MIOpen(HIP): Info2 [run] kernel_name = Im2d2Col_v2, global_work_dim = { 2097152, 1, 1 }, local_work_dim = { 256, 1, 1 }
MIOpen(HIP): Info2 [CallGemm] gemm_desc: {isColMajor 0, transA 0, transB 0, m 64, n 16384, k 1152, lda 1152, ldb 16384, ldc 16384, batch_count 1, strideA 0, strideB 0, strideC 0, alpha 1, beta 0, dataType half, a_cast_type half, b_cast_type half} 
MIOpen(HIP): Info2 [CallGemm] rocBLAS
MIOpen(HIP): Info2 [GetKernels] 0 kernels for key: miopenIm2d2Col "c128i128_128w3_3p1_1s1_1d1_1t0"
MIOpen(HIP): Info2 [AddKernel] Key: miopenIm2d2Col "c128i128_128w3_3p1_1s1_1d1_1t0 -DLOCAL_MEM_SIZE=340 -DSTRIDE_GT_1=0 -DNUM_IM_BLKS_EQ_1=0 -DUSE_IM_OFF_GUARD=1"
MIOpen(HIP): Info2 [run] kernel_name = Im2d2Col_v2, global_work_dim = { 2097152, 1, 1 }, local_work_dim = { 256, 1, 1 }
MIOpen(HIP): Info2 [CallGemm] gemm_desc: {isColMajor 0, transA 0, transB 0, m 64, n 16384, k 1152, lda 1152, ldb 16384, ldc 16384, batch_count 1, strideA 0, strideB 0, strideC 0, alpha 1, beta 0, dataType half, a_cast_type half, b_cast_type half} 
MIOpen(HIP): Info2 [CallGemm] rocBLAS
MIOpen(HIP): Info2 [GetKernels] 0 kernels for key: miopenIm2d2Col "c128i128_128w3_3p1_1s1_1d1_1t0"
MIOpen(HIP): Info2 [AddKernel] Key: miopenIm2d2Col "c128i128_128w3_3p1_1s1_1d1_1t0 -DLOCAL_MEM_SIZE=340 -DSTRIDE_GT_1=0 -DNUM_IM_BLKS_EQ_1=0 -DUSE_IM_OFF_GUARD=1"
MIOpen(HIP): Info2 [run] kernel_name = Im2d2Col_v2, global_work_dim = { 2097152, 1, 1 }, local_work_dim = { 256, 1, 1 }
MIOpen(HIP): Info2 [CallGemm] gemm_desc: {isColMajor 0, transA 0, transB 0, m 64, n 16384, k 1152, lda 1152, ldb 16384, ldc 16384, batch_count 1, strideA 0, strideB 0, strideC 0, alpha 1, beta 0, dataType half, a_cast_type half, b_cast_type half} 
MIOpen(HIP): Info2 [CallGemm] rocBLAS
MIOpen(HIP): Info2 [GetKernels] 0 kernels for key: miopenIm2d2Col "c128i128_128w3_3p1_1s1_1d1_1t0"
MIOpen(HIP): Info2 [AddKernel] Key: miopenIm2d2Col "c128i128_128w3_3p1_1s1_1d1_1t0 -DLOCAL_MEM_SIZE=340 -DSTRIDE_GT_1=0 -DNUM_IM_BLKS_EQ_1=0 -DUSE_IM_OFF_GUARD=1"
MIOpen(HIP): Info2 [run] kernel_name = Im2d2Col_v2, global_work_dim = { 2097152, 1, 1 }, local_work_dim = { 256, 1, 1 }
MIOpen(HIP): Info2 [CallGemm] gemm_desc: {isColMajor 0, transA 0, transB 0, m 64, n 16384, k 1152, lda 1152, ldb 16384, ldc 16384, batch_count 1, strideA 0, strideB 0, strideC 0, alpha 1, beta 0, dataType half, a_cast_type half, b_cast_type half} 
MIOpen(HIP): Info2 [CallGemm] rocBLAS
MIOpen(HIP): Info2 [GetKernels] 0 kernels for key: miopenIm2d2Col "c128i128_128w3_3p1_1s1_1d1_1t0"
MIOpen(HIP): Info2 [AddKernel] Key: miopenIm2d2Col "c128i128_128w3_3p1_1s1_1d1_1t0 -DLOCAL_MEM_SIZE=340 -DSTRIDE_GT_1=0 -DNUM_IM_BLKS_EQ_1=0 -DUSE_IM_OFF_GUARD=1"
MIOpen(HIP): Info2 [run] kernel_name = Im2d2Col_v2, global_work_dim = { 2097152, 1, 1 }, local_work_dim = { 256, 1, 1 }
MIOpen(HIP): Info2 [CallGemm] gemm_desc: {isColMajor 0, transA 0, transB 0, m 64, n 16384, k 1152, lda 1152, ldb 16384, ldc 16384, batch_count 1, strideA 0, strideB 0, strideC 0, alpha 1, beta 0, dataType half, a_cast_type half, b_cast_type half} 
MIOpen(HIP): Info2 [CallGemm] rocBLAS
MIOpen(HIP): Info2 [GetKernels] 0 kernels for key: miopenIm2d2Col "c128i128_128w3_3p1_1s1_1d1_1t0"
MIOpen(HIP): Info2 [AddKernel] Key: miopenIm2d2Col "c128i128_128w3_3p1_1s1_1d1_1t0 -DLOCAL_MEM_SIZE=340 -DSTRIDE_GT_1=0 -DNUM_IM_BLKS_EQ_1=0 -DUSE_IM_OFF_GUARD=1"
MIOpen(HIP): Info2 [run] kernel_name = Im2d2Col_v2, global_work_dim = { 2097152, 1, 1 }, local_work_dim = { 256, 1, 1 }
MIOpen(HIP): Info2 [CallGemm] gemm_desc: {isColMajor 0, transA 0, transB 0, m 64, n 16384, k 1152, lda 1152, ldb 16384, ldc 16384, batch_count 1, strideA 0, strideB 0, strideC 0, alpha 1, beta 0, dataType half, a_cast_type half, b_cast_type half} 
MIOpen(HIP): Info2 [CallGemm] rocBLAS
MIOpen(HIP): Info2 [GetKernels] 0 kernels for key: miopenIm2d2Col "c128i128_128w3_3p1_1s1_1d1_1t0"
MIOpen(HIP): Info2 [AddKernel] Key: miopenIm2d2Col "c128i128_128w3_3p1_1s1_1d1_1t0 -DLOCAL_MEM_SIZE=340 -DSTRIDE_GT_1=0 -DNUM_IM_BLKS_EQ_1=0 -DUSE_IM_OFF_GUARD=1"
MIOpen(HIP): Info2 [run] kernel_name = Im2d2Col_v2, global_work_dim = { 2097152, 1, 1 }, local_work_dim = { 256, 1, 1 }
MIOpen(HIP): Info2 [CallGemm] gemm_desc: {isColMajor 0, transA 0, transB 0, m 64, n 16384, k 1152, lda 1152, ldb 16384, ldc 16384, batch_count 1, strideA 0, strideB 0, strideC 0, alpha 1, beta 0, dataType half, a_cast_type half, b_cast_type half} 
MIOpen(HIP): Info2 [CallGemm] rocBLAS
MIOpen(HIP): Info2 [GetKernels] 0 kernels for key: miopenIm2d2Col "c128i128_128w3_3p1_1s1_1d1_1t0"
MIOpen(HIP): Info2 [AddKernel] Key: miopenIm2d2Col "c128i128_128w3_3p1_1s1_1d1_1t0 -DLOCAL_MEM_SIZE=340 -DSTRIDE_GT_1=0 -DNUM_IM_BLKS_EQ_1=0 -DUSE_IM_OFF_GUARD=1"
MIOpen(HIP): Info2 [run] kernel_name = Im2d2Col_v2, global_work_dim = { 2097152, 1, 1 }, local_work_dim = { 256, 1, 1 }
MIOpen(HIP): Info2 [CallGemm] gemm_desc: {isColMajor 0, transA 0, transB 0, m 64, n 16384, k 1152, lda 1152, ldb 16384, ldc 16384, batch_count 1, strideA 0, strideB 0, strideC 0, alpha 1, beta 0, dataType half, a_cast_type half, b_cast_type half} 
MIOpen(HIP): Info2 [CallGemm] rocBLAS
MIOpen(HIP): Info2 [GetKernels] 0 kernels for key: miopenIm2d2Col "c128i128_128w3_3p1_1s1_1d1_1t0"
MIOpen(HIP): Info2 [AddKernel] Key: miopenIm2d2Col "c128i128_128w3_3p1_1s1_1d1_1t0 -DLOCAL_MEM_SIZE=340 -DSTRIDE_GT_1=0 -DNUM_IM_BLKS_EQ_1=0 -DUSE_IM_OFF_GUARD=1"
MIOpen(HIP): Info2 [run] kernel_name = Im2d2Col_v2, global_work_dim = { 2097152, 1, 1 }, local_work_dim = { 256, 1, 1 }
MIOpen(HIP): Info2 [CallGemm] gemm_desc: {isColMajor 0, transA 0, transB 0, m 64, n 16384, k 1152, lda 1152, ldb 16384, ldc 16384, batch_count 1, strideA 0, strideB 0, strideC 0, alpha 1, beta 0, dataType half, a_cast_type half, b_cast_type half} 
MIOpen(HIP): Info2 [CallGemm] rocBLAS
MIOpen(HIP): Info2 [GetKernels] 0 kernels for key: miopenIm2d2Col "c128i128_128w3_3p1_1s1_1d1_1t0"
MIOpen(HIP): Info2 [AddKernel] Key: miopenIm2d2Col "c128i128_128w3_3p1_1s1_1d1_1t0 -DLOCAL_MEM_SIZE=340 -DSTRIDE_GT_1=0 -DNUM_IM_BLKS_EQ_1=0 -DUSE_IM_OFF_GUARD=1"
MIOpen(HIP): Info2 [run] kernel_name = Im2d2Col_v2, global_work_dim = { 2097152, 1, 1 }, local_work_dim = { 256, 1, 1 }
MIOpen(HIP): Info2 [CallGemm] gemm_desc: {isColMajor 0, transA 0, transB 0, m 64, n 16384, k 1152, lda 1152, ldb 16384, ldc 16384, batch_count 1, strideA 0, strideB 0, strideC 0, alpha 1, beta 0, dataType half, a_cast_type half, b_cast_type half} 
MIOpen(HIP): Info2 [CallGemm] rocBLAS
MIOpen(HIP): Info2 [GetKernels] 0 kernels for key: miopenIm2d2Col "c128i128_128w3_3p1_1s1_1d1_1t0"
MIOpen(HIP): Info2 [AddKernel] Key: miopenIm2d2Col "c128i128_128w3_3p1_1s1_1d1_1t0 -DLOCAL_MEM_SIZE=340 -DSTRIDE_GT_1=0 -DNUM_IM_BLKS_EQ_1=0 -DUSE_IM_OFF_GUARD=1"
MIOpen(HIP): Info2 [run] kernel_name = Im2d2Col_v2, global_work_dim = { 2097152, 1, 1 }, local_work_dim = { 256, 1, 1 }
MIOpen(HIP): Info2 [CallGemm] gemm_desc: {isColMajor 0, transA 0, transB 0, m 64, n 16384, k 1152, lda 1152, ldb 16384, ldc 16384, batch_count 1, strideA 0, strideB 0, strideC 0, alpha 1, beta 0, dataType half, a_cast_type half, b_cast_type half} 
MIOpen(HIP): Info2 [CallGemm] rocBLAS
MIOpen(HIP): Info2 [GetKernels] 0 kernels for key: miopenIm2d2Col "c128i128_128w3_3p1_1s1_1d1_1t0"
MIOpen(HIP): Info2 [AddKernel] Key: miopenIm2d2Col "c128i128_128w3_3p1_1s1_1d1_1t0 -DLOCAL_MEM_SIZE=340 -DSTRIDE_GT_1=0 -DNUM_IM_BLKS_EQ_1=0 -DUSE_IM_OFF_GUARD=1"
MIOpen(HIP): Info2 [run] kernel_name = Im2d2Col_v2, global_work_dim = { 2097152, 1, 1 }, local_work_dim = { 256, 1, 1 }
MIOpen(HIP): Info2 [CallGemm] gemm_desc: {isColMajor 0, transA 0, transB 0, m 64, n 16384, k 1152, lda 1152, ldb 16384, ldc 16384, batch_count 1, strideA 0, strideB 0, strideC 0, alpha 1, beta 0, dataType half, a_cast_type half, b_cast_type half} 
MIOpen(HIP): Info2 [CallGemm] rocBLAS
MIOpen(HIP): Info2 [GetKernels] 0 kernels for key: miopenIm2d2Col "c128i128_128w3_3p1_1s1_1d1_1t0"
MIOpen(HIP): Info2 [AddKernel] Key: miopenIm2d2Col "c128i128_128w3_3p1_1s1_1d1_1t0 -DLOCAL_MEM_SIZE=340 -DSTRIDE_GT_1=0 -DNUM_IM_BLKS_EQ_1=0 -DUSE_IM_OFF_GUARD=1"
MIOpen(HIP): Info2 [run] kernel_name = Im2d2Col_v2, global_work_dim = { 2097152, 1, 1 }, local_work_dim = { 256, 1, 1 }
MIOpen(HIP): Info2 [CallGemm] gemm_desc: {isColMajor 0, transA 0, transB 0, m 64, n 16384, k 1152, lda 1152, ldb 16384, ldc 16384, batch_count 1, strideA 0, strideB 0, strideC 0, alpha 1, beta 0, dataType half, a_cast_type half, b_cast_type half} 
MIOpen(HIP): Info2 [CallGemm] rocBLAS
MIOpen(HIP): Info2 [GetKernels] 0 kernels for key: miopenIm2d2Col "c128i128_128w3_3p1_1s1_1d1_1t0"
MIOpen(HIP): Info2 [AddKernel] Key: miopenIm2d2Col "c128i128_128w3_3p1_1s1_1d1_1t0 -DLOCAL_MEM_SIZE=340 -DSTRIDE_GT_1=0 -DNUM_IM_BLKS_EQ_1=0 -DUSE_IM_OFF_GUARD=1"
MIOpen(HIP): Info2 [run] kernel_name = Im2d2Col_v2, global_work_dim = { 2097152, 1, 1 }, local_work_dim = { 256, 1, 1 }
MIOpen(HIP): Info2 [CallGemm] gemm_desc: {isColMajor 0, transA 0, transB 0, m 64, n 16384, k 1152, lda 1152, ldb 16384, ldc 16384, batch_count 1, strideA 0, strideB 0, strideC 0, alpha 1, beta 0, dataType half, a_cast_type half, b_cast_type half} 
MIOpen(HIP): Info2 [CallGemm] rocBLAS
MIOpen(HIP): Info2 [GetKernels] 0 kernels for key: miopenIm2d2Col "c128i128_128w3_3p1_1s1_1d1_1t0"
MIOpen(HIP): Info2 [AddKernel] Key: miopenIm2d2Col "c128i128_128w3_3p1_1s1_1d1_1t0 -DLOCAL_MEM_SIZE=340 -DSTRIDE_GT_1=0 -DNUM_IM_BLKS_EQ_1=0 -DUSE_IM_OFF_GUARD=1"
MIOpen(HIP): Info2 [run] kernel_name = Im2d2Col_v2, global_work_dim = { 2097152, 1, 1 }, local_work_dim = { 256, 1, 1 }
MIOpen(HIP): Info2 [CallGemm] gemm_desc: {isColMajor 0, transA 0, transB 0, m 64, n 16384, k 1152, lda 1152, ldb 16384, ldc 16384, batch_count 1, strideA 0, strideB 0, strideC 0, alpha 1, beta 0, dataType half, a_cast_type half, b_cast_type half} 
MIOpen(HIP): Info2 [CallGemm] rocBLAS
MIOpen(HIP): Info2 [GetKernels] 0 kernels for key: miopenIm2d2Col "c128i128_128w3_3p1_1s1_1d1_1t0"
MIOpen(HIP): Info2 [AddKernel] Key: miopenIm2d2Col "c128i128_128w3_3p1_1s1_1d1_1t0 -DLOCAL_MEM_SIZE=340 -DSTRIDE_GT_1=0 -DNUM_IM_BLKS_EQ_1=0 -DUSE_IM_OFF_GUARD=1"
MIOpen(HIP): Info2 [run] kernel_name = Im2d2Col_v2, global_work_dim = { 2097152, 1, 1 }, local_work_dim = { 256, 1, 1 }
MIOpen(HIP): Info2 [CallGemm] gemm_desc: {isColMajor 0, transA 0, transB 0, m 64, n 16384, k 1152, lda 1152, ldb 16384, ldc 16384, batch_count 1, strideA 0, strideB 0, strideC 0, alpha 1, beta 0, dataType half, a_cast_type half, b_cast_type half} 
MIOpen(HIP): Info2 [CallGemm] rocBLAS
MIOpen(HIP): Info2 [GetKernels] 0 kernels for key: miopenIm2d2Col "c128i128_128w3_3p1_1s1_1d1_1t0"
MIOpen(HIP): Info2 [AddKernel] Key: miopenIm2d2Col "c128i128_128w3_3p1_1s1_1d1_1t0 -DLOCAL_MEM_SIZE=340 -DSTRIDE_GT_1=0 -DNUM_IM_BLKS_EQ_1=0 -DUSE_IM_OFF_GUARD=1"
MIOpen(HIP): Info2 [run] kernel_name = Im2d2Col_v2, global_work_dim = { 2097152, 1, 1 }, local_work_dim = { 256, 1, 1 }
MIOpen(HIP): Info2 [CallGemm] gemm_desc: {isColMajor 0, transA 0, transB 0, m 64, n 16384, k 1152, lda 1152, ldb 16384, ldc 16384, batch_count 1, strideA 0, strideB 0, strideC 0, alpha 1, beta 0, dataType half, a_cast_type half, b_cast_type half} 
MIOpen(HIP): Info2 [CallGemm] rocBLAS
MIOpen(HIP): Info2 [GetKernels] 0 kernels for key: miopenIm2d2Col "c128i128_128w3_3p1_1s1_1d1_1t0"
MIOpen(HIP): Info2 [AddKernel] Key: miopenIm2d2Col "c128i128_128w3_3p1_1s1_1d1_1t0 -DLOCAL_MEM_SIZE=340 -DSTRIDE_GT_1=0 -DNUM_IM_BLKS_EQ_1=0 -DUSE_IM_OFF_GUARD=1"
MIOpen(HIP): Info2 [run] kernel_name = Im2d2Col_v2, global_work_dim = { 2097152, 1, 1 }, local_work_dim = { 256, 1, 1 }
MIOpen(HIP): Info2 [CallGemm] gemm_desc: {isColMajor 0, transA 0, transB 0, m 64, n 16384, k 1152, lda 1152, ldb 16384, ldc 16384, batch_count 1, strideA 0, strideB 0, strideC 0, alpha 1, beta 0, dataType half, a_cast_type half, b_cast_type half} 
MIOpen(HIP): Info2 [CallGemm] rocBLAS
MIOpen(HIP): Info2 [GetKernels] 0 kernels for key: miopenIm2d2Col "c128i128_128w3_3p1_1s1_1d1_1t0"
MIOpen(HIP): Info2 [AddKernel] Key: miopenIm2d2Col "c128i128_128w3_3p1_1s1_1d1_1t0 -DLOCAL_MEM_SIZE=340 -DSTRIDE_GT_1=0 -DNUM_IM_BLKS_EQ_1=0 -DUSE_IM_OFF_GUARD=1"
MIOpen(HIP): Info2 [run] kernel_name = Im2d2Col_v2, global_work_dim = { 2097152, 1, 1 }, local_work_dim = { 256, 1, 1 }
MIOpen(HIP): Info2 [CallGemm] gemm_desc: {isColMajor 0, transA 0, transB 0, m 64, n 16384, k 1152, lda 1152, ldb 16384, ldc 16384, batch_count 1, strideA 0, strideB 0, strideC 0, alpha 1, beta 0, dataType half, a_cast_type half, b_cast_type half} 
MIOpen(HIP): Info2 [CallGemm] rocBLAS
MIOpen(HIP): Info2 [GetKernels] 0 kernels for key: miopenIm2d2Col "c128i128_128w3_3p1_1s1_1d1_1t0"
MIOpen(HIP): Info2 [AddKernel] Key: miopenIm2d2Col "c128i128_128w3_3p1_1s1_1d1_1t0 -DLOCAL_MEM_SIZE=340 -DSTRIDE_GT_1=0 -DNUM_IM_BLKS_EQ_1=0 -DUSE_IM_OFF_GUARD=1"
MIOpen(HIP): Info2 [run] kernel_name = Im2d2Col_v2, global_work_dim = { 2097152, 1, 1 }, local_work_dim = { 256, 1, 1 }
MIOpen(HIP): Info2 [CallGemm] gemm_desc: {isColMajor 0, transA 0, transB 0, m 64, n 16384, k 1152, lda 1152, ldb 16384, ldc 16384, batch_count 1, strideA 0, strideB 0, strideC 0, alpha 1, beta 0, dataType half, a_cast_type half, b_cast_type half} 
MIOpen(HIP): Info2 [CallGemm] rocBLAS
MIOpen(HIP): Info2 [GetKernels] 0 kernels for key: miopenIm2d2Col "c128i128_128w3_3p1_1s1_1d1_1t0"
MIOpen(HIP): Info2 [AddKernel] Key: miopenIm2d2Col "c128i128_128w3_3p1_1s1_1d1_1t0 -DLOCAL_MEM_SIZE=340 -DSTRIDE_GT_1=0 -DNUM_IM_BLKS_EQ_1=0 -DUSE_IM_OFF_GUARD=1"
MIOpen(HIP): Info2 [run] kernel_name = Im2d2Col_v2, global_work_dim = { 2097152, 1, 1 }, local_work_dim = { 256, 1, 1 }
MIOpen(HIP): Info2 [CallGemm] gemm_desc: {isColMajor 0, transA 0, transB 0, m 64, n 16384, k 1152, lda 1152, ldb 16384, ldc 16384, batch_count 1, strideA 0, strideB 0, strideC 0, alpha 1, beta 0, dataType half, a_cast_type half, b_cast_type half} 
MIOpen(HIP): Info2 [CallGemm] rocBLAS
MIOpen(HIP): Info2 [GetKernels] 0 kernels for key: miopenIm2d2Col "c128i128_128w3_3p1_1s1_1d1_1t0"
MIOpen(HIP): Info2 [AddKernel] Key: miopenIm2d2Col "c128i128_128w3_3p1_1s1_1d1_1t0 -DLOCAL_MEM_SIZE=340 -DSTRIDE_GT_1=0 -DNUM_IM_BLKS_EQ_1=0 -DUSE_IM_OFF_GUARD=1"
MIOpen(HIP): Info2 [run] kernel_name = Im2d2Col_v2, global_work_dim = { 2097152, 1, 1 }, local_work_dim = { 256, 1, 1 }
MIOpen(HIP): Info2 [CallGemm] gemm_desc: {isColMajor 0, transA 0, transB 0, m 64, n 16384, k 1152, lda 1152, ldb 16384, ldc 16384, batch_count 1, strideA 0, strideB 0, strideC 0, alpha 1, beta 0, dataType half, a_cast_type half, b_cast_type half} 
MIOpen(HIP): Info2 [CallGemm] rocBLAS
MIOpen(HIP): Info2 [GetKernels] 0 kernels for key: miopenIm2d2Col "c128i128_128w3_3p1_1s1_1d1_1t0"
MIOpen(HIP): Info2 [AddKernel] Key: miopenIm2d2Col "c128i128_128w3_3p1_1s1_1d1_1t0 -DLOCAL_MEM_SIZE=340 -DSTRIDE_GT_1=0 -DNUM_IM_BLKS_EQ_1=0 -DUSE_IM_OFF_GUARD=1"
MIOpen(HIP): Info2 [run] kernel_name = Im2d2Col_v2, global_work_dim = { 2097152, 1, 1 }, local_work_dim = { 256, 1, 1 }
MIOpen(HIP): Info2 [CallGemm] gemm_desc: {isColMajor 0, transA 0, transB 0, m 64, n 16384, k 1152, lda 1152, ldb 16384, ldc 16384, batch_count 1, strideA 0, strideB 0, strideC 0, alpha 1, beta 0, dataType half, a_cast_type half, b_cast_type half} 
MIOpen(HIP): Info2 [CallGemm] rocBLAS
MIOpen(HIP): Info2 [GetKernels] 0 kernels for key: miopenIm2d2Col "c128i128_128w3_3p1_1s1_1d1_1t0"
MIOpen(HIP): Info2 [AddKernel] Key: miopenIm2d2Col "c128i128_128w3_3p1_1s1_1d1_1t0 -DLOCAL_MEM_SIZE=340 -DSTRIDE_GT_1=0 -DNUM_IM_BLKS_EQ_1=0 -DUSE_IM_OFF_GUARD=1"
MIOpen(HIP): Info2 [run] kernel_name = Im2d2Col_v2, global_work_dim = { 2097152, 1, 1 }, local_work_dim = { 256, 1, 1 }
MIOpen(HIP): Info2 [CallGemm] gemm_desc: {isColMajor 0, transA 0, transB 0, m 64, n 16384, k 1152, lda 1152, ldb 16384, ldc 16384, batch_count 1, strideA 0, strideB 0, strideC 0, alpha 1, beta 0, dataType half, a_cast_type half, b_cast_type half} 
MIOpen(HIP): Info2 [CallGemm] rocBLAS
MIOpen(HIP): Info2 [GetKernels] 0 kernels for key: miopenIm2d2Col "c128i128_128w3_3p1_1s1_1d1_1t0"
MIOpen(HIP): Info2 [AddKernel] Key: miopenIm2d2Col "c128i128_128w3_3p1_1s1_1d1_1t0 -DLOCAL_MEM_SIZE=340 -DSTRIDE_GT_1=0 -DNUM_IM_BLKS_EQ_1=0 -DUSE_IM_OFF_GUARD=1"
MIOpen(HIP): Info2 [run] kernel_name = Im2d2Col_v2, global_work_dim = { 2097152, 1, 1 }, local_work_dim = { 256, 1, 1 }
MIOpen(HIP): Info2 [CallGemm] gemm_desc: {isColMajor 0, transA 0, transB 0, m 64, n 16384, k 1152, lda 1152, ldb 16384, ldc 16384, batch_count 1, strideA 0, strideB 0, strideC 0, alpha 1, beta 0, dataType half, a_cast_type half, b_cast_type half} 
MIOpen(HIP): Info2 [CallGemm] rocBLAS
MIOpen(HIP): Info2 [GetKernels] 0 kernels for key: miopenIm2d2Col "c128i128_128w3_3p1_1s1_1d1_1t0"
MIOpen(HIP): Info2 [AddKernel] Key: miopenIm2d2Col "c128i128_128w3_3p1_1s1_1d1_1t0 -DLOCAL_MEM_SIZE=340 -DSTRIDE_GT_1=0 -DNUM_IM_BLKS_EQ_1=0 -DUSE_IM_OFF_GUARD=1"
MIOpen(HIP): Info2 [run] kernel_name = Im2d2Col_v2, global_work_dim = { 2097152, 1, 1 }, local_work_dim = { 256, 1, 1 }
MIOpen(HIP): Info2 [CallGemm] gemm_desc: {isColMajor 0, transA 0, transB 0, m 64, n 16384, k 1152, lda 1152, ldb 16384, ldc 16384, batch_count 1, strideA 0, strideB 0, strideC 0, alpha 1, beta 0, dataType half, a_cast_type half, b_cast_type half} 
MIOpen(HIP): Info2 [CallGemm] rocBLAS
MIOpen(HIP): Info2 [GetKernels] 0 kernels for key: miopenIm2d2Col "c128i128_128w3_3p1_1s1_1d1_1t0"
MIOpen(HIP): Info2 [AddKernel] Key: miopenIm2d2Col "c128i128_128w3_3p1_1s1_1d1_1t0 -DLOCAL_MEM_SIZE=340 -DSTRIDE_GT_1=0 -DNUM_IM_BLKS_EQ_1=0 -DUSE_IM_OFF_GUARD=1"
MIOpen(HIP): Info2 [run] kernel_name = Im2d2Col_v2, global_work_dim = { 2097152, 1, 1 }, local_work_dim = { 256, 1, 1 }
MIOpen(HIP): Info2 [CallGemm] gemm_desc: {isColMajor 0, transA 0, transB 0, m 64, n 16384, k 1152, lda 1152, ldb 16384, ldc 16384, batch_count 1, strideA 0, strideB 0, strideC 0, alpha 1, beta 0, dataType half, a_cast_type half, b_cast_type half} 
MIOpen(HIP): Info2 [CallGemm] rocBLAS
MIOpen(HIP): Info2 [GetKernels] 0 kernels for key: miopenIm2d2Col "c128i128_128w3_3p1_1s1_1d1_1t0"
MIOpen(HIP): Info2 [AddKernel] Key: miopenIm2d2Col "c128i128_128w3_3p1_1s1_1d1_1t0 -DLOCAL_MEM_SIZE=340 -DSTRIDE_GT_1=0 -DNUM_IM_BLKS_EQ_1=0 -DUSE_IM_OFF_GUARD=1"
MIOpen(HIP): Info2 [run] kernel_name = Im2d2Col_v2, global_work_dim = { 2097152, 1, 1 }, local_work_dim = { 256, 1, 1 }
MIOpen(HIP): Info2 [CallGemm] gemm_desc: {isColMajor 0, transA 0, transB 0, m 64, n 16384, k 1152, lda 1152, ldb 16384, ldc 16384, batch_count 1, strideA 0, strideB 0, strideC 0, alpha 1, beta 0, dataType half, a_cast_type half, b_cast_type half} 
MIOpen(HIP): Info2 [CallGemm] rocBLAS
MIOpen(HIP): Info2 [GetKernels] 0 kernels for key: miopenIm2d2Col "c128i128_128w3_3p1_1s1_1d1_1t0"
MIOpen(HIP): Info2 [AddKernel] Key: miopenIm2d2Col "c128i128_128w3_3p1_1s1_1d1_1t0 -DLOCAL_MEM_SIZE=340 -DSTRIDE_GT_1=0 -DNUM_IM_BLKS_EQ_1=0 -DUSE_IM_OFF_GUARD=1"
MIOpen(HIP): Info2 [run] kernel_name = Im2d2Col_v2, global_work_dim = { 2097152, 1, 1 }, local_work_dim = { 256, 1, 1 }
MIOpen(HIP): Info2 [CallGemm] gemm_desc: {isColMajor 0, transA 0, transB 0, m 64, n 16384, k 1152, lda 1152, ldb 16384, ldc 16384, batch_count 1, strideA 0, strideB 0, strideC 0, alpha 1, beta 0, dataType half, a_cast_type half, b_cast_type half} 
MIOpen(HIP): Info2 [CallGemm] rocBLAS
MIOpen(HIP): Info2 [GetKernels] 0 kernels for key: miopenIm2d2Col "c128i128_128w3_3p1_1s1_1d1_1t0"
MIOpen(HIP): Info2 [AddKernel] Key: miopenIm2d2Col "c128i128_128w3_3p1_1s1_1d1_1t0 -DLOCAL_MEM_SIZE=340 -DSTRIDE_GT_1=0 -DNUM_IM_BLKS_EQ_1=0 -DUSE_IM_OFF_GUARD=1"
MIOpen(HIP): Info2 [run] kernel_name = Im2d2Col_v2, global_work_dim = { 2097152, 1, 1 }, local_work_dim = { 256, 1, 1 }
MIOpen(HIP): Info2 [CallGemm] gemm_desc: {isColMajor 0, transA 0, transB 0, m 64, n 16384, k 1152, lda 1152, ldb 16384, ldc 16384, batch_count 1, strideA 0, strideB 0, strideC 0, alpha 1, beta 0, dataType half, a_cast_type half, b_cast_type half} 
MIOpen(HIP): Info2 [CallGemm] rocBLAS
MIOpen(HIP): Info2 [GetKernels] 0 kernels for key: miopenIm2d2Col "c128i128_128w3_3p1_1s1_1d1_1t0"
MIOpen(HIP): Info2 [AddKernel] Key: miopenIm2d2Col "c128i128_128w3_3p1_1s1_1d1_1t0 -DLOCAL_MEM_SIZE=340 -DSTRIDE_GT_1=0 -DNUM_IM_BLKS_EQ_1=0 -DUSE_IM_OFF_GUARD=1"
MIOpen(HIP): Info2 [run] kernel_name = Im2d2Col_v2, global_work_dim = { 2097152, 1, 1 }, local_work_dim = { 256, 1, 1 }
MIOpen(HIP): Info2 [CallGemm] gemm_desc: {isColMajor 0, transA 0, transB 0, m 64, n 16384, k 1152, lda 1152, ldb 16384, ldc 16384, batch_count 1, strideA 0, strideB 0, strideC 0, alpha 1, beta 0, dataType half, a_cast_type half, b_cast_type half} 
MIOpen(HIP): Info2 [CallGemm] rocBLAS
MIOpen(HIP): Info2 [GetKernels] 0 kernels for key: miopenIm2d2Col "c128i128_128w3_3p1_1s1_1d1_1t0"
MIOpen(HIP): Info2 [AddKernel] Key: miopenIm2d2Col "c128i128_128w3_3p1_1s1_1d1_1t0 -DLOCAL_MEM_SIZE=340 -DSTRIDE_GT_1=0 -DNUM_IM_BLKS_EQ_1=0 -DUSE_IM_OFF_GUARD=1"
MIOpen(HIP): Info2 [run] kernel_name = Im2d2Col_v2, global_work_dim = { 2097152, 1, 1 }, local_work_dim = { 256, 1, 1 }
MIOpen(HIP): Info2 [CallGemm] gemm_desc: {isColMajor 0, transA 0, transB 0, m 64, n 16384, k 1152, lda 1152, ldb 16384, ldc 16384, batch_count 1, strideA 0, strideB 0, strideC 0, alpha 1, beta 0, dataType half, a_cast_type half, b_cast_type half} 
MIOpen(HIP): Info2 [CallGemm] rocBLAS
MIOpen(HIP): Info2 [GetKernels] 0 kernels for key: miopenIm2d2Col "c128i128_128w3_3p1_1s1_1d1_1t0"
MIOpen(HIP): Info2 [AddKernel] Key: miopenIm2d2Col "c128i128_128w3_3p1_1s1_1d1_1t0 -DLOCAL_MEM_SIZE=340 -DSTRIDE_GT_1=0 -DNUM_IM_BLKS_EQ_1=0 -DUSE_IM_OFF_GUARD=1"
MIOpen(HIP): Info2 [run] kernel_name = Im2d2Col_v2, global_work_dim = { 2097152, 1, 1 }, local_work_dim = { 256, 1, 1 }
MIOpen(HIP): Info2 [CallGemm] gemm_desc: {isColMajor 0, transA 0, transB 0, m 64, n 16384, k 1152, lda 1152, ldb 16384, ldc 16384, batch_count 1, strideA 0, strideB 0, strideC 0, alpha 1, beta 0, dataType half, a_cast_type half, b_cast_type half} 
MIOpen(HIP): Info2 [CallGemm] rocBLAS
MIOpen(HIP): Info2 [GetKernels] 0 kernels for key: miopenIm2d2Col "c128i128_128w3_3p1_1s1_1d1_1t0"
MIOpen(HIP): Info2 [AddKernel] Key: miopenIm2d2Col "c128i128_128w3_3p1_1s1_1d1_1t0 -DLOCAL_MEM_SIZE=340 -DSTRIDE_GT_1=0 -DNUM_IM_BLKS_EQ_1=0 -DUSE_IM_OFF_GUARD=1"
MIOpen(HIP): Info2 [run] kernel_name = Im2d2Col_v2, global_work_dim = { 2097152, 1, 1 }, local_work_dim = { 256, 1, 1 }
MIOpen(HIP): Info2 [CallGemm] gemm_desc: {isColMajor 0, transA 0, transB 0, m 64, n 16384, k 1152, lda 1152, ldb 16384, ldc 16384, batch_count 1, strideA 0, strideB 0, strideC 0, alpha 1, beta 0, dataType half, a_cast_type half, b_cast_type half} 
MIOpen(HIP): Info2 [CallGemm] rocBLAS
MIOpen(HIP): Info2 [GetKernels] 0 kernels for key: miopenIm2d2Col "c128i128_128w3_3p1_1s1_1d1_1t0"
MIOpen(HIP): Info2 [AddKernel] Key: miopenIm2d2Col "c128i128_128w3_3p1_1s1_1d1_1t0 -DLOCAL_MEM_SIZE=340 -DSTRIDE_GT_1=0 -DNUM_IM_BLKS_EQ_1=0 -DUSE_IM_OFF_GUARD=1"
MIOpen(HIP): Info2 [run] kernel_name = Im2d2Col_v2, global_work_dim = { 2097152, 1, 1 }, local_work_dim = { 256, 1, 1 }
MIOpen(HIP): Info2 [CallGemm] gemm_desc: {isColMajor 0, transA 0, transB 0, m 64, n 16384, k 1152, lda 1152, ldb 16384, ldc 16384, batch_count 1, strideA 0, strideB 0, strideC 0, alpha 1, beta 0, dataType half, a_cast_type half, b_cast_type half} 
MIOpen(HIP): Info2 [CallGemm] rocBLAS
MIOpen(HIP): Info2 [GetKernels] 0 kernels for key: miopenIm2d2Col "c128i128_128w3_3p1_1s1_1d1_1t0"
MIOpen(HIP): Info2 [AddKernel] Key: miopenIm2d2Col "c128i128_128w3_3p1_1s1_1d1_1t0 -DLOCAL_MEM_SIZE=340 -DSTRIDE_GT_1=0 -DNUM_IM_BLKS_EQ_1=0 -DUSE_IM_OFF_GUARD=1"
MIOpen(HIP): Info2 [run] kernel_name = Im2d2Col_v2, global_work_dim = { 2097152, 1, 1 }, local_work_dim = { 256, 1, 1 }
MIOpen(HIP): Info2 [CallGemm] gemm_desc: {isColMajor 0, transA 0, transB 0, m 64, n 16384, k 1152, lda 1152, ldb 16384, ldc 16384, batch_count 1, strideA 0, strideB 0, strideC 0, alpha 1, beta 0, dataType half, a_cast_type half, b_cast_type half} 
MIOpen(HIP): Info2 [CallGemm] rocBLAS
MIOpen(HIP): Info2 [GetKernels] 0 kernels for key: miopenIm2d2Col "c128i128_128w3_3p1_1s1_1d1_1t0"
MIOpen(HIP): Info2 [AddKernel] Key: miopenIm2d2Col "c128i128_128w3_3p1_1s1_1d1_1t0 -DLOCAL_MEM_SIZE=340 -DSTRIDE_GT_1=0 -DNUM_IM_BLKS_EQ_1=0 -DUSE_IM_OFF_GUARD=1"
MIOpen(HIP): Info2 [run] kernel_name = Im2d2Col_v2, global_work_dim = { 2097152, 1, 1 }, local_work_dim = { 256, 1, 1 }
MIOpen(HIP): Info2 [CallGemm] gemm_desc: {isColMajor 0, transA 0, transB 0, m 64, n 16384, k 1152, lda 1152, ldb 16384, ldc 16384, batch_count 1, strideA 0, strideB 0, strideC 0, alpha 1, beta 0, dataType half, a_cast_type half, b_cast_type half} 
MIOpen(HIP): Info2 [CallGemm] rocBLAS
MIOpen(HIP): Info2 [GetKernels] 0 kernels for key: miopenIm2d2Col "c128i128_128w3_3p1_1s1_1d1_1t0"
MIOpen(HIP): Info2 [AddKernel] Key: miopenIm2d2Col "c128i128_128w3_3p1_1s1_1d1_1t0 -DLOCAL_MEM_SIZE=340 -DSTRIDE_GT_1=0 -DNUM_IM_BLKS_EQ_1=0 -DUSE_IM_OFF_GUARD=1"
MIOpen(HIP): Info2 [run] kernel_name = Im2d2Col_v2, global_work_dim = { 2097152, 1, 1 }, local_work_dim = { 256, 1, 1 }
MIOpen(HIP): Info2 [CallGemm] gemm_desc: {isColMajor 0, transA 0, transB 0, m 64, n 16384, k 1152, lda 1152, ldb 16384, ldc 16384, batch_count 1, strideA 0, strideB 0, strideC 0, alpha 1, beta 0, dataType half, a_cast_type half, b_cast_type half} 
MIOpen(HIP): Info2 [CallGemm] rocBLAS
MIOpen(HIP): Info2 [GetKernels] 0 kernels for key: miopenIm2d2Col "c128i128_128w3_3p1_1s1_1d1_1t0"
MIOpen(HIP): Info2 [AddKernel] Key: miopenIm2d2Col "c128i128_128w3_3p1_1s1_1d1_1t0 -DLOCAL_MEM_SIZE=340 -DSTRIDE_GT_1=0 -DNUM_IM_BLKS_EQ_1=0 -DUSE_IM_OFF_GUARD=1"
MIOpen(HIP): Info2 [run] kernel_name = Im2d2Col_v2, global_work_dim = { 2097152, 1, 1 }, local_work_dim = { 256, 1, 1 }
MIOpen(HIP): Info2 [CallGemm] gemm_desc: {isColMajor 0, transA 0, transB 0, m 64, n 16384, k 1152, lda 1152, ldb 16384, ldc 16384, batch_count 1, strideA 0, strideB 0, strideC 0, alpha 1, beta 0, dataType half, a_cast_type half, b_cast_type half} 
MIOpen(HIP): Info2 [CallGemm] rocBLAS
MIOpen(HIP): Info2 [GetKernels] 0 kernels for key: miopenIm2d2Col "c128i128_128w3_3p1_1s1_1d1_1t0"
MIOpen(HIP): Info2 [AddKernel] Key: miopenIm2d2Col "c128i128_128w3_3p1_1s1_1d1_1t0 -DLOCAL_MEM_SIZE=340 -DSTRIDE_GT_1=0 -DNUM_IM_BLKS_EQ_1=0 -DUSE_IM_OFF_GUARD=1"
MIOpen(HIP): Info2 [run] kernel_name = Im2d2Col_v2, global_work_dim = { 2097152, 1, 1 }, local_work_dim = { 256, 1, 1 }
MIOpen(HIP): Info2 [CallGemm] gemm_desc: {isColMajor 0, transA 0, transB 0, m 64, n 16384, k 1152, lda 1152, ldb 16384, ldc 16384, batch_count 1, strideA 0, strideB 0, strideC 0, alpha 1, beta 0, dataType half, a_cast_type half, b_cast_type half} 
MIOpen(HIP): Info2 [CallGemm] rocBLAS
MIOpen(HIP): Info2 [GetKernels] 0 kernels for key: miopenIm2d2Col "c128i128_128w3_3p1_1s1_1d1_1t0"
MIOpen(HIP): Info2 [AddKernel] Key: miopenIm2d2Col "c128i128_128w3_3p1_1s1_1d1_1t0 -DLOCAL_MEM_SIZE=340 -DSTRIDE_GT_1=0 -DNUM_IM_BLKS_EQ_1=0 -DUSE_IM_OFF_GUARD=1"
MIOpen(HIP): Info2 [run] kernel_name = Im2d2Col_v2, global_work_dim = { 2097152, 1, 1 }, local_work_dim = { 256, 1, 1 }
MIOpen(HIP): Info2 [CallGemm] gemm_desc: {isColMajor 0, transA 0, transB 0, m 64, n 16384, k 1152, lda 1152, ldb 16384, ldc 16384, batch_count 1, strideA 0, strideB 0, strideC 0, alpha 1, beta 0, dataType half, a_cast_type half, b_cast_type half} 
MIOpen(HIP): Info2 [CallGemm] rocBLAS
MIOpen(HIP): Info2 [GetKernels] 0 kernels for key: miopenIm2d2Col "c128i128_128w3_3p1_1s1_1d1_1t0"
MIOpen(HIP): Info2 [AddKernel] Key: miopenIm2d2Col "c128i128_128w3_3p1_1s1_1d1_1t0 -DLOCAL_MEM_SIZE=340 -DSTRIDE_GT_1=0 -DNUM_IM_BLKS_EQ_1=0 -DUSE_IM_OFF_GUARD=1"
MIOpen(HIP): Info2 [run] kernel_name = Im2d2Col_v2, global_work_dim = { 2097152, 1, 1 }, local_work_dim = { 256, 1, 1 }
MIOpen(HIP): Info2 [CallGemm] gemm_desc: {isColMajor 0, transA 0, transB 0, m 64, n 16384, k 1152, lda 1152, ldb 16384, ldc 16384, batch_count 1, strideA 0, strideB 0, strideC 0, alpha 1, beta 0, dataType half, a_cast_type half, b_cast_type half} 
MIOpen(HIP): Info2 [CallGemm] rocBLAS
MIOpen(HIP): Info2 [GetKernels] 0 kernels for key: miopenIm2d2Col "c128i128_128w3_3p1_1s1_1d1_1t0"
MIOpen(HIP): Info2 [AddKernel] Key: miopenIm2d2Col "c128i128_128w3_3p1_1s1_1d1_1t0 -DLOCAL_MEM_SIZE=340 -DSTRIDE_GT_1=0 -DNUM_IM_BLKS_EQ_1=0 -DUSE_IM_OFF_GUARD=1"
MIOpen(HIP): Info2 [run] kernel_name = Im2d2Col_v2, global_work_dim = { 2097152, 1, 1 }, local_work_dim = { 256, 1, 1 }
MIOpen(HIP): Info2 [CallGemm] gemm_desc: {isColMajor 0, transA 0, transB 0, m 64, n 16384, k 1152, lda 1152, ldb 16384, ldc 16384, batch_count 1, strideA 0, strideB 0, strideC 0, alpha 1, beta 0, dataType half, a_cast_type half, b_cast_type half} 
MIOpen(HIP): Info2 [CallGemm] rocBLAS
MIOpen(HIP): auto miopen::solver::conv::GemmFwdRest::GetSolution(const ExecutionContext &, const ProblemDescription &)::(anonymous class)::operator()(const std::vector<Kernel> &)::(anonymous class)::operator()(const Handle &, const AnyInvokeParams &) const{
MIOpen(HIP): 	name + ", non 1x1" = convolution, non 1x1
MIOpen(HIP): }
MIOpen(HIP): Info2 [GetKernels] 0 kernels for key: miopenIm2d2Col "c128i128_128w3_3p1_1s1_1d1_1t0"
MIOpen(HIP): Info2 [AddKernel] Key: miopenIm2d2Col "c128i128_128w3_3p1_1s1_1d1_1t0 -DLOCAL_MEM_SIZE=340 -DSTRIDE_GT_1=0 -DNUM_IM_BLKS_EQ_1=0 -DUSE_IM_OFF_GUARD=1"
MIOpen(HIP): Info2 [run] kernel_name = Im2d2Col_v2, global_work_dim = { 2097152, 1, 1 }, local_work_dim = { 256, 1, 1 }
MIOpen(HIP): Info2 [CallGemm] gemm_desc: {isColMajor 0, transA 0, transB 0, m 64, n 16384, k 1152, lda 1152, ldb 16384, ldc 16384, batch_count 1, strideA 0, strideB 0, strideC 0, alpha 1, beta 0, dataType half, a_cast_type half, b_cast_type half} 
MIOpen(HIP): Info2 [CallGemm] rocBLAS
MIOpen(HIP): Info2 [GetKernels] 0 kernels for key: miopenIm2d2Col "c128i128_128w3_3p1_1s1_1d1_1t0"
MIOpen(HIP): Info2 [AddKernel] Key: miopenIm2d2Col "c128i128_128w3_3p1_1s1_1d1_1t0 -DLOCAL_MEM_SIZE=340 -DSTRIDE_GT_1=0 -DNUM_IM_BLKS_EQ_1=0 -DUSE_IM_OFF_GUARD=1"
MIOpen(HIP): Info2 [run] kernel_name = Im2d2Col_v2, global_work_dim = { 2097152, 1, 1 }, local_work_dim = { 256, 1, 1 }
MIOpen(HIP): Info2 [CallGemm] gemm_desc: {isColMajor 0, transA 0, transB 0, m 64, n 16384, k 1152, lda 1152, ldb 16384, ldc 16384, batch_count 1, strideA 0, strideB 0, strideC 0, alpha 1, beta 0, dataType half, a_cast_type half, b_cast_type half} 
MIOpen(HIP): Info2 [CallGemm] rocBLAS
MIOpen(HIP): Info2 [GetKernels] 0 kernels for key: miopenIm2d2Col "c128i128_128w3_3p1_1s1_1d1_1t0"
MIOpen(HIP): Info2 [AddKernel] Key: miopenIm2d2Col "c128i128_128w3_3p1_1s1_1d1_1t0 -DLOCAL_MEM_SIZE=340 -DSTRIDE_GT_1=0 -DNUM_IM_BLKS_EQ_1=0 -DUSE_IM_OFF_GUARD=1"
MIOpen(HIP): Info2 [run] kernel_name = Im2d2Col_v2, global_work_dim = { 2097152, 1, 1 }, local_work_dim = { 256, 1, 1 }
MIOpen(HIP): Info2 [CallGemm] gemm_desc: {isColMajor 0, transA 0, transB 0, m 64, n 16384, k 1152, lda 1152, ldb 16384, ldc 16384, batch_count 1, strideA 0, strideB 0, strideC 0, alpha 1, beta 0, dataType half, a_cast_type half, b_cast_type half} 
MIOpen(HIP): Info2 [CallGemm] rocBLAS
MIOpen(HIP): Info2 [GetKernels] 0 kernels for key: miopenIm2d2Col "c128i128_128w3_3p1_1s1_1d1_1t0"
MIOpen(HIP): Info2 [AddKernel] Key: miopenIm2d2Col "c128i128_128w3_3p1_1s1_1d1_1t0 -DLOCAL_MEM_SIZE=340 -DSTRIDE_GT_1=0 -DNUM_IM_BLKS_EQ_1=0 -DUSE_IM_OFF_GUARD=1"
MIOpen(HIP): Info2 [run] kernel_name = Im2d2Col_v2, global_work_dim = { 2097152, 1, 1 }, local_work_dim = { 256, 1, 1 }
MIOpen(HIP): Info2 [CallGemm] gemm_desc: {isColMajor 0, transA 0, transB 0, m 64, n 16384, k 1152, lda 1152, ldb 16384, ldc 16384, batch_count 1, strideA 0, strideB 0, strideC 0, alpha 1, beta 0, dataType half, a_cast_type half, b_cast_type half} 
MIOpen(HIP): Info2 [CallGemm] rocBLAS
MIOpen(HIP): Info2 [GetKernels] 0 kernels for key: miopenIm2d2Col "c128i128_128w3_3p1_1s1_1d1_1t0"
MIOpen(HIP): Info2 [AddKernel] Key: miopenIm2d2Col "c128i128_128w3_3p1_1s1_1d1_1t0 -DLOCAL_MEM_SIZE=340 -DSTRIDE_GT_1=0 -DNUM_IM_BLKS_EQ_1=0 -DUSE_IM_OFF_GUARD=1"
MIOpen(HIP): Info2 [run] kernel_name = Im2d2Col_v2, global_work_dim = { 2097152, 1, 1 }, local_work_dim = { 256, 1, 1 }
MIOpen(HIP): Info2 [CallGemm] gemm_desc: {isColMajor 0, transA 0, transB 0, m 64, n 16384, k 1152, lda 1152, ldb 16384, ldc 16384, batch_count 1, strideA 0, strideB 0, strideC 0, alpha 1, beta 0, dataType half, a_cast_type half, b_cast_type half} 
MIOpen(HIP): Info2 [CallGemm] rocBLAS
MIOpen(HIP): Info2 [GetKernels] 0 kernels for key: miopenIm2d2Col "c128i128_128w3_3p1_1s1_1d1_1t0"
MIOpen(HIP): Info2 [AddKernel] Key: miopenIm2d2Col "c128i128_128w3_3p1_1s1_1d1_1t0 -DLOCAL_MEM_SIZE=340 -DSTRIDE_GT_1=0 -DNUM_IM_BLKS_EQ_1=0 -DUSE_IM_OFF_GUARD=1"
MIOpen(HIP): Info2 [run] kernel_name = Im2d2Col_v2, global_work_dim = { 2097152, 1, 1 }, local_work_dim = { 256, 1, 1 }
MIOpen(HIP): Info2 [CallGemm] gemm_desc: {isColMajor 0, transA 0, transB 0, m 64, n 16384, k 1152, lda 1152, ldb 16384, ldc 16384, batch_count 1, strideA 0, strideB 0, strideC 0, alpha 1, beta 0, dataType half, a_cast_type half, b_cast_type half} 
MIOpen(HIP): Info2 [CallGemm] rocBLAS
MIOpen(HIP): Info2 [GetKernels] 0 kernels for key: miopenIm2d2Col "c128i128_128w3_3p1_1s1_1d1_1t0"
MIOpen(HIP): Info2 [AddKernel] Key: miopenIm2d2Col "c128i128_128w3_3p1_1s1_1d1_1t0 -DLOCAL_MEM_SIZE=340 -DSTRIDE_GT_1=0 -DNUM_IM_BLKS_EQ_1=0 -DUSE_IM_OFF_GUARD=1"
MIOpen(HIP): Info2 [run] kernel_name = Im2d2Col_v2, global_work_dim = { 2097152, 1, 1 }, local_work_dim = { 256, 1, 1 }
MIOpen(HIP): Info2 [CallGemm] gemm_desc: {isColMajor 0, transA 0, transB 0, m 64, n 16384, k 1152, lda 1152, ldb 16384, ldc 16384, batch_count 1, strideA 0, strideB 0, strideC 0, alpha 1, beta 0, dataType half, a_cast_type half, b_cast_type half} 
MIOpen(HIP): Info2 [CallGemm] rocBLAS
MIOpen(HIP): Info2 [GetKernels] 0 kernels for key: miopenIm2d2Col "c128i128_128w3_3p1_1s1_1d1_1t0"
MIOpen(HIP): Info2 [AddKernel] Key: miopenIm2d2Col "c128i128_128w3_3p1_1s1_1d1_1t0 -DLOCAL_MEM_SIZE=340 -DSTRIDE_GT_1=0 -DNUM_IM_BLKS_EQ_1=0 -DUSE_IM_OFF_GUARD=1"
MIOpen(HIP): Info2 [run] kernel_name = Im2d2Col_v2, global_work_dim = { 2097152, 1, 1 }, local_work_dim = { 256, 1, 1 }
MIOpen(HIP): Info2 [CallGemm] gemm_desc: {isColMajor 0, transA 0, transB 0, m 64, n 16384, k 1152, lda 1152, ldb 16384, ldc 16384, batch_count 1, strideA 0, strideB 0, strideC 0, alpha 1, beta 0, dataType half, a_cast_type half, b_cast_type half} 
MIOpen(HIP): Info2 [CallGemm] rocBLAS
MIOpen(HIP): Info2 [GetKernels] 0 kernels for key: miopenIm2d2Col "c128i128_128w3_3p1_1s1_1d1_1t0"
MIOpen(HIP): Info2 [AddKernel] Key: miopenIm2d2Col "c128i128_128w3_3p1_1s1_1d1_1t0 -DLOCAL_MEM_SIZE=340 -DSTRIDE_GT_1=0 -DNUM_IM_BLKS_EQ_1=0 -DUSE_IM_OFF_GUARD=1"
MIOpen(HIP): Info2 [run] kernel_name = Im2d2Col_v2, global_work_dim = { 2097152, 1, 1 }, local_work_dim = { 256, 1, 1 }
MIOpen(HIP): Info2 [CallGemm] gemm_desc: {isColMajor 0, transA 0, transB 0, m 64, n 16384, k 1152, lda 1152, ldb 16384, ldc 16384, batch_count 1, strideA 0, strideB 0, strideC 0, alpha 1, beta 0, dataType half, a_cast_type half, b_cast_type half} 
MIOpen(HIP): Info2 [CallGemm] rocBLAS
MIOpen(HIP): Info2 [GetKernels] 0 kernels for key: miopenIm2d2Col "c128i128_128w3_3p1_1s1_1d1_1t0"
MIOpen(HIP): Info2 [AddKernel] Key: miopenIm2d2Col "c128i128_128w3_3p1_1s1_1d1_1t0 -DLOCAL_MEM_SIZE=340 -DSTRIDE_GT_1=0 -DNUM_IM_BLKS_EQ_1=0 -DUSE_IM_OFF_GUARD=1"
MIOpen(HIP): Info2 [run] kernel_name = Im2d2Col_v2, global_work_dim = { 2097152, 1, 1 }, local_work_dim = { 256, 1, 1 }
MIOpen(HIP): Info2 [CallGemm] gemm_desc: {isColMajor 0, transA 0, transB 0, m 64, n 16384, k 1152, lda 1152, ldb 16384, ldc 16384, batch_count 1, strideA 0, strideB 0, strideC 0, alpha 1, beta 0, dataType half, a_cast_type half, b_cast_type half} 
MIOpen(HIP): Info2 [CallGemm] rocBLAS
MIOpen(HIP): Info2 [GetKernels] 0 kernels for key: miopenIm2d2Col "c128i128_128w3_3p1_1s1_1d1_1t0"
MIOpen(HIP): Info2 [AddKernel] Key: miopenIm2d2Col "c128i128_128w3_3p1_1s1_1d1_1t0 -DLOCAL_MEM_SIZE=340 -DSTRIDE_GT_1=0 -DNUM_IM_BLKS_EQ_1=0 -DUSE_IM_OFF_GUARD=1"
MIOpen(HIP): Info2 [run] kernel_name = Im2d2Col_v2, global_work_dim = { 2097152, 1, 1 }, local_work_dim = { 256, 1, 1 }
MIOpen(HIP): Info2 [CallGemm] gemm_desc: {isColMajor 0, transA 0, transB 0, m 64, n 16384, k 1152, lda 1152, ldb 16384, ldc 16384, batch_count 1, strideA 0, strideB 0, strideC 0, alpha 1, beta 0, dataType half, a_cast_type half, b_cast_type half} 
MIOpen(HIP): Info2 [CallGemm] rocBLAS
MIOpen(HIP): Info2 [GetKernels] 0 kernels for key: miopenIm2d2Col "c128i128_128w3_3p1_1s1_1d1_1t0"
MIOpen(HIP): Info2 [AddKernel] Key: miopenIm2d2Col "c128i128_128w3_3p1_1s1_1d1_1t0 -DLOCAL_MEM_SIZE=340 -DSTRIDE_GT_1=0 -DNUM_IM_BLKS_EQ_1=0 -DUSE_IM_OFF_GUARD=1"
MIOpen(HIP): Info2 [run] kernel_name = Im2d2Col_v2, global_work_dim = { 2097152, 1, 1 }, local_work_dim = { 256, 1, 1 }
MIOpen(HIP): Info2 [CallGemm] gemm_desc: {isColMajor 0, transA 0, transB 0, m 64, n 16384, k 1152, lda 1152, ldb 16384, ldc 16384, batch_count 1, strideA 0, strideB 0, strideC 0, alpha 1, beta 0, dataType half, a_cast_type half, b_cast_type half} 
MIOpen(HIP): Info2 [CallGemm] rocBLAS
MIOpen(HIP): Info2 [GetKernels] 0 kernels for key: miopenIm2d2Col "c128i128_128w3_3p1_1s1_1d1_1t0"
MIOpen(HIP): Info2 [AddKernel] Key: miopenIm2d2Col "c128i128_128w3_3p1_1s1_1d1_1t0 -DLOCAL_MEM_SIZE=340 -DSTRIDE_GT_1=0 -DNUM_IM_BLKS_EQ_1=0 -DUSE_IM_OFF_GUARD=1"
MIOpen(HIP): Info2 [run] kernel_name = Im2d2Col_v2, global_work_dim = { 2097152, 1, 1 }, local_work_dim = { 256, 1, 1 }
MIOpen(HIP): Info2 [CallGemm] gemm_desc: {isColMajor 0, transA 0, transB 0, m 64, n 16384, k 1152, lda 1152, ldb 16384, ldc 16384, batch_count 1, strideA 0, strideB 0, strideC 0, alpha 1, beta 0, dataType half, a_cast_type half, b_cast_type half} 
MIOpen(HIP): Info2 [CallGemm] rocBLAS
MIOpen(HIP): Info2 [GetKernels] 0 kernels for key: miopenIm2d2Col "c128i128_128w3_3p1_1s1_1d1_1t0"
MIOpen(HIP): Info2 [AddKernel] Key: miopenIm2d2Col "c128i128_128w3_3p1_1s1_1d1_1t0 -DLOCAL_MEM_SIZE=340 -DSTRIDE_GT_1=0 -DNUM_IM_BLKS_EQ_1=0 -DUSE_IM_OFF_GUARD=1"
MIOpen(HIP): Info2 [run] kernel_name = Im2d2Col_v2, global_work_dim = { 2097152, 1, 1 }, local_work_dim = { 256, 1, 1 }
MIOpen(HIP): Info2 [CallGemm] gemm_desc: {isColMajor 0, transA 0, transB 0, m 64, n 16384, k 1152, lda 1152, ldb 16384, ldc 16384, batch_count 1, strideA 0, strideB 0, strideC 0, alpha 1, beta 0, dataType half, a_cast_type half, b_cast_type half} 
MIOpen(HIP): Info2 [CallGemm] rocBLAS
MIOpen(HIP): Info2 [GetKernels] 0 kernels for key: miopenIm2d2Col "c128i128_128w3_3p1_1s1_1d1_1t0"
MIOpen(HIP): Info2 [AddKernel] Key: miopenIm2d2Col "c128i128_128w3_3p1_1s1_1d1_1t0 -DLOCAL_MEM_SIZE=340 -DSTRIDE_GT_1=0 -DNUM_IM_BLKS_EQ_1=0 -DUSE_IM_OFF_GUARD=1"
MIOpen(HIP): Info2 [run] kernel_name = Im2d2Col_v2, global_work_dim = { 2097152, 1, 1 }, local_work_dim = { 256, 1, 1 }
MIOpen(HIP): Info2 [CallGemm] gemm_desc: {isColMajor 0, transA 0, transB 0, m 64, n 16384, k 1152, lda 1152, ldb 16384, ldc 16384, batch_count 1, strideA 0, strideB 0, strideC 0, alpha 1, beta 0, dataType half, a_cast_type half, b_cast_type half} 
MIOpen(HIP): Info2 [CallGemm] rocBLAS
MIOpen(HIP): Info2 [GetKernels] 0 kernels for key: miopenIm2d2Col "c128i128_128w3_3p1_1s1_1d1_1t0"
MIOpen(HIP): Info2 [AddKernel] Key: miopenIm2d2Col "c128i128_128w3_3p1_1s1_1d1_1t0 -DLOCAL_MEM_SIZE=340 -DSTRIDE_GT_1=0 -DNUM_IM_BLKS_EQ_1=0 -DUSE_IM_OFF_GUARD=1"
MIOpen(HIP): Info2 [run] kernel_name = Im2d2Col_v2, global_work_dim = { 2097152, 1, 1 }, local_work_dim = { 256, 1, 1 }
MIOpen(HIP): Info2 [CallGemm] gemm_desc: {isColMajor 0, transA 0, transB 0, m 64, n 16384, k 1152, lda 1152, ldb 16384, ldc 16384, batch_count 1, strideA 0, strideB 0, strideC 0, alpha 1, beta 0, dataType half, a_cast_type half, b_cast_type half} 
MIOpen(HIP): Info2 [CallGemm] rocBLAS
MIOpen(HIP): Info2 [GetKernels] 0 kernels for key: miopenIm2d2Col "c128i128_128w3_3p1_1s1_1d1_1t0"
MIOpen(HIP): Info2 [AddKernel] Key: miopenIm2d2Col "c128i128_128w3_3p1_1s1_1d1_1t0 -DLOCAL_MEM_SIZE=340 -DSTRIDE_GT_1=0 -DNUM_IM_BLKS_EQ_1=0 -DUSE_IM_OFF_GUARD=1"
MIOpen(HIP): Info2 [run] kernel_name = Im2d2Col_v2, global_work_dim = { 2097152, 1, 1 }, local_work_dim = { 256, 1, 1 }
MIOpen(HIP): Info2 [CallGemm] gemm_desc: {isColMajor 0, transA 0, transB 0, m 64, n 16384, k 1152, lda 1152, ldb 16384, ldc 16384, batch_count 1, strideA 0, strideB 0, strideC 0, alpha 1, beta 0, dataType half, a_cast_type half, b_cast_type half} 
MIOpen(HIP): Info2 [CallGemm] rocBLAS
MIOpen(HIP): Info2 [GetKernels] 0 kernels for key: miopenIm2d2Col "c128i128_128w3_3p1_1s1_1d1_1t0"
MIOpen(HIP): Info2 [AddKernel] Key: miopenIm2d2Col "c128i128_128w3_3p1_1s1_1d1_1t0 -DLOCAL_MEM_SIZE=340 -DSTRIDE_GT_1=0 -DNUM_IM_BLKS_EQ_1=0 -DUSE_IM_OFF_GUARD=1"
MIOpen(HIP): Info2 [run] kernel_name = Im2d2Col_v2, global_work_dim = { 2097152, 1, 1 }, local_work_dim = { 256, 1, 1 }
MIOpen(HIP): Info2 [CallGemm] gemm_desc: {isColMajor 0, transA 0, transB 0, m 64, n 16384, k 1152, lda 1152, ldb 16384, ldc 16384, batch_count 1, strideA 0, strideB 0, strideC 0, alpha 1, beta 0, dataType half, a_cast_type half, b_cast_type half} 
MIOpen(HIP): Info2 [CallGemm] rocBLAS
MIOpen(HIP): Info2 [GetKernels] 0 kernels for key: miopenIm2d2Col "c128i128_128w3_3p1_1s1_1d1_1t0"
MIOpen(HIP): Info2 [AddKernel] Key: miopenIm2d2Col "c128i128_128w3_3p1_1s1_1d1_1t0 -DLOCAL_MEM_SIZE=340 -DSTRIDE_GT_1=0 -DNUM_IM_BLKS_EQ_1=0 -DUSE_IM_OFF_GUARD=1"
MIOpen(HIP): Info2 [run] kernel_name = Im2d2Col_v2, global_work_dim = { 2097152, 1, 1 }, local_work_dim = { 256, 1, 1 }
MIOpen(HIP): Info2 [CallGemm] gemm_desc: {isColMajor 0, transA 0, transB 0, m 64, n 16384, k 1152, lda 1152, ldb 16384, ldc 16384, batch_count 1, strideA 0, strideB 0, strideC 0, alpha 1, beta 0, dataType half, a_cast_type half, b_cast_type half} 
MIOpen(HIP): Info2 [CallGemm] rocBLAS
MIOpen(HIP): Info2 [GetKernels] 0 kernels for key: miopenIm2d2Col "c128i128_128w3_3p1_1s1_1d1_1t0"
MIOpen(HIP): Info2 [AddKernel] Key: miopenIm2d2Col "c128i128_128w3_3p1_1s1_1d1_1t0 -DLOCAL_MEM_SIZE=340 -DSTRIDE_GT_1=0 -DNUM_IM_BLKS_EQ_1=0 -DUSE_IM_OFF_GUARD=1"
MIOpen(HIP): Info2 [run] kernel_name = Im2d2Col_v2, global_work_dim = { 2097152, 1, 1 }, local_work_dim = { 256, 1, 1 }
MIOpen(HIP): Info2 [CallGemm] gemm_desc: {isColMajor 0, transA 0, transB 0, m 64, n 16384, k 1152, lda 1152, ldb 16384, ldc 16384, batch_count 1, strideA 0, strideB 0, strideC 0, alpha 1, beta 0, dataType half, a_cast_type half, b_cast_type half} 
MIOpen(HIP): Info2 [CallGemm] rocBLAS
MIOpen(HIP): Info2 [GetKernels] 0 kernels for key: miopenIm2d2Col "c128i128_128w3_3p1_1s1_1d1_1t0"
MIOpen(HIP): Info2 [AddKernel] Key: miopenIm2d2Col "c128i128_128w3_3p1_1s1_1d1_1t0 -DLOCAL_MEM_SIZE=340 -DSTRIDE_GT_1=0 -DNUM_IM_BLKS_EQ_1=0 -DUSE_IM_OFF_GUARD=1"
MIOpen(HIP): Info2 [run] kernel_name = Im2d2Col_v2, global_work_dim = { 2097152, 1, 1 }, local_work_dim = { 256, 1, 1 }
MIOpen(HIP): Info2 [CallGemm] gemm_desc: {isColMajor 0, transA 0, transB 0, m 64, n 16384, k 1152, lda 1152, ldb 16384, ldc 16384, batch_count 1, strideA 0, strideB 0, strideC 0, alpha 1, beta 0, dataType half, a_cast_type half, b_cast_type half} 
MIOpen(HIP): Info2 [CallGemm] rocBLAS
MIOpen(HIP): Info2 [GetKernels] 0 kernels for key: miopenIm2d2Col "c128i128_128w3_3p1_1s1_1d1_1t0"
MIOpen(HIP): Info2 [AddKernel] Key: miopenIm2d2Col "c128i128_128w3_3p1_1s1_1d1_1t0 -DLOCAL_MEM_SIZE=340 -DSTRIDE_GT_1=0 -DNUM_IM_BLKS_EQ_1=0 -DUSE_IM_OFF_GUARD=1"
MIOpen(HIP): Info2 [run] kernel_name = Im2d2Col_v2, global_work_dim = { 2097152, 1, 1 }, local_work_dim = { 256, 1, 1 }
MIOpen(HIP): Info2 [CallGemm] gemm_desc: {isColMajor 0, transA 0, transB 0, m 64, n 16384, k 1152, lda 1152, ldb 16384, ldc 16384, batch_count 1, strideA 0, strideB 0, strideC 0, alpha 1, beta 0, dataType half, a_cast_type half, b_cast_type half} 
MIOpen(HIP): Info2 [CallGemm] rocBLAS
MIOpen(HIP): Info2 [GetKernels] 0 kernels for key: miopenIm2d2Col "c128i128_128w3_3p1_1s1_1d1_1t0"
MIOpen(HIP): Info2 [AddKernel] Key: miopenIm2d2Col "c128i128_128w3_3p1_1s1_1d1_1t0 -DLOCAL_MEM_SIZE=340 -DSTRIDE_GT_1=0 -DNUM_IM_BLKS_EQ_1=0 -DUSE_IM_OFF_GUARD=1"
MIOpen(HIP): Info2 [run] kernel_name = Im2d2Col_v2, global_work_dim = { 2097152, 1, 1 }, local_work_dim = { 256, 1, 1 }
MIOpen(HIP): Info2 [CallGemm] gemm_desc: {isColMajor 0, transA 0, transB 0, m 64, n 16384, k 1152, lda 1152, ldb 16384, ldc 16384, batch_count 1, strideA 0, strideB 0, strideC 0, alpha 1, beta 0, dataType half, a_cast_type half, b_cast_type half} 
MIOpen(HIP): Info2 [CallGemm] rocBLAS
MIOpen(HIP): Info2 [GetKernels] 0 kernels for key: miopenIm2d2Col "c128i128_128w3_3p1_1s1_1d1_1t0"
MIOpen(HIP): Info2 [AddKernel] Key: miopenIm2d2Col "c128i128_128w3_3p1_1s1_1d1_1t0 -DLOCAL_MEM_SIZE=340 -DSTRIDE_GT_1=0 -DNUM_IM_BLKS_EQ_1=0 -DUSE_IM_OFF_GUARD=1"
MIOpen(HIP): Info2 [run] kernel_name = Im2d2Col_v2, global_work_dim = { 2097152, 1, 1 }, local_work_dim = { 256, 1, 1 }
MIOpen(HIP): Info2 [CallGemm] gemm_desc: {isColMajor 0, transA 0, transB 0, m 64, n 16384, k 1152, lda 1152, ldb 16384, ldc 16384, batch_count 1, strideA 0, strideB 0, strideC 0, alpha 1, beta 0, dataType half, a_cast_type half, b_cast_type half} 
MIOpen(HIP): Info2 [CallGemm] rocBLAS
MIOpen(HIP): Info2 [GetKernels] 0 kernels for key: miopenIm2d2Col "c128i128_128w3_3p1_1s1_1d1_1t0"
MIOpen(HIP): Info2 [AddKernel] Key: miopenIm2d2Col "c128i128_128w3_3p1_1s1_1d1_1t0 -DLOCAL_MEM_SIZE=340 -DSTRIDE_GT_1=0 -DNUM_IM_BLKS_EQ_1=0 -DUSE_IM_OFF_GUARD=1"
MIOpen(HIP): Info2 [run] kernel_name = Im2d2Col_v2, global_work_dim = { 2097152, 1, 1 }, local_work_dim = { 256, 1, 1 }
MIOpen(HIP): Info2 [CallGemm] gemm_desc: {isColMajor 0, transA 0, transB 0, m 64, n 16384, k 1152, lda 1152, ldb 16384, ldc 16384, batch_count 1, strideA 0, strideB 0, strideC 0, alpha 1, beta 0, dataType half, a_cast_type half, b_cast_type half} 
MIOpen(HIP): Info2 [CallGemm] rocBLAS
MIOpen(HIP): Info2 [GetKernels] 0 kernels for key: miopenIm2d2Col "c128i128_128w3_3p1_1s1_1d1_1t0"
MIOpen(HIP): Info2 [AddKernel] Key: miopenIm2d2Col "c128i128_128w3_3p1_1s1_1d1_1t0 -DLOCAL_MEM_SIZE=340 -DSTRIDE_GT_1=0 -DNUM_IM_BLKS_EQ_1=0 -DUSE_IM_OFF_GUARD=1"
MIOpen(HIP): Info2 [run] kernel_name = Im2d2Col_v2, global_work_dim = { 2097152, 1, 1 }, local_work_dim = { 256, 1, 1 }
MIOpen(HIP): Info2 [CallGemm] gemm_desc: {isColMajor 0, transA 0, transB 0, m 64, n 16384, k 1152, lda 1152, ldb 16384, ldc 16384, batch_count 1, strideA 0, strideB 0, strideC 0, alpha 1, beta 0, dataType half, a_cast_type half, b_cast_type half} 
MIOpen(HIP): Info2 [CallGemm] rocBLAS
MIOpen(HIP): Info2 [GetKernels] 0 kernels for key: miopenIm2d2Col "c128i128_128w3_3p1_1s1_1d1_1t0"
MIOpen(HIP): Info2 [AddKernel] Key: miopenIm2d2Col "c128i128_128w3_3p1_1s1_1d1_1t0 -DLOCAL_MEM_SIZE=340 -DSTRIDE_GT_1=0 -DNUM_IM_BLKS_EQ_1=0 -DUSE_IM_OFF_GUARD=1"
MIOpen(HIP): Info2 [run] kernel_name = Im2d2Col_v2, global_work_dim = { 2097152, 1, 1 }, local_work_dim = { 256, 1, 1 }
MIOpen(HIP): Info2 [CallGemm] gemm_desc: {isColMajor 0, transA 0, transB 0, m 64, n 16384, k 1152, lda 1152, ldb 16384, ldc 16384, batch_count 1, strideA 0, strideB 0, strideC 0, alpha 1, beta 0, dataType half, a_cast_type half, b_cast_type half} 
MIOpen(HIP): Info2 [CallGemm] rocBLAS
MIOpen(HIP): Info2 [GetKernels] 0 kernels for key: miopenIm2d2Col "c128i128_128w3_3p1_1s1_1d1_1t0"
MIOpen(HIP): Info2 [AddKernel] Key: miopenIm2d2Col "c128i128_128w3_3p1_1s1_1d1_1t0 -DLOCAL_MEM_SIZE=340 -DSTRIDE_GT_1=0 -DNUM_IM_BLKS_EQ_1=0 -DUSE_IM_OFF_GUARD=1"
MIOpen(HIP): Info2 [run] kernel_name = Im2d2Col_v2, global_work_dim = { 2097152, 1, 1 }, local_work_dim = { 256, 1, 1 }
MIOpen(HIP): Info2 [CallGemm] gemm_desc: {isColMajor 0, transA 0, transB 0, m 64, n 16384, k 1152, lda 1152, ldb 16384, ldc 16384, batch_count 1, strideA 0, strideB 0, strideC 0, alpha 1, beta 0, dataType half, a_cast_type half, b_cast_type half} 
MIOpen(HIP): Info2 [CallGemm] rocBLAS
MIOpen(HIP): Info2 [GetKernels] 0 kernels for key: miopenIm2d2Col "c128i128_128w3_3p1_1s1_1d1_1t0"
MIOpen(HIP): Info2 [AddKernel] Key: miopenIm2d2Col "c128i128_128w3_3p1_1s1_1d1_1t0 -DLOCAL_MEM_SIZE=340 -DSTRIDE_GT_1=0 -DNUM_IM_BLKS_EQ_1=0 -DUSE_IM_OFF_GUARD=1"
MIOpen(HIP): Info2 [run] kernel_name = Im2d2Col_v2, global_work_dim = { 2097152, 1, 1 }, local_work_dim = { 256, 1, 1 }
MIOpen(HIP): Info2 [CallGemm] gemm_desc: {isColMajor 0, transA 0, transB 0, m 64, n 16384, k 1152, lda 1152, ldb 16384, ldc 16384, batch_count 1, strideA 0, strideB 0, strideC 0, alpha 1, beta 0, dataType half, a_cast_type half, b_cast_type half} 
MIOpen(HIP): Info2 [CallGemm] rocBLAS
MIOpen(HIP): Info2 [GetKernels] 0 kernels for key: miopenIm2d2Col "c128i128_128w3_3p1_1s1_1d1_1t0"
MIOpen(HIP): Info2 [AddKernel] Key: miopenIm2d2Col "c128i128_128w3_3p1_1s1_1d1_1t0 -DLOCAL_MEM_SIZE=340 -DSTRIDE_GT_1=0 -DNUM_IM_BLKS_EQ_1=0 -DUSE_IM_OFF_GUARD=1"
MIOpen(HIP): Info2 [run] kernel_name = Im2d2Col_v2, global_work_dim = { 2097152, 1, 1 }, local_work_dim = { 256, 1, 1 }
MIOpen(HIP): Info2 [CallGemm] gemm_desc: {isColMajor 0, transA 0, transB 0, m 64, n 16384, k 1152, lda 1152, ldb 16384, ldc 16384, batch_count 1, strideA 0, strideB 0, strideC 0, alpha 1, beta 0, dataType half, a_cast_type half, b_cast_type half} 
MIOpen(HIP): Info2 [CallGemm] rocBLAS
MIOpen(HIP): Info2 [GetKernels] 0 kernels for key: miopenIm2d2Col "c128i128_128w3_3p1_1s1_1d1_1t0"
MIOpen(HIP): Info2 [AddKernel] Key: miopenIm2d2Col "c128i128_128w3_3p1_1s1_1d1_1t0 -DLOCAL_MEM_SIZE=340 -DSTRIDE_GT_1=0 -DNUM_IM_BLKS_EQ_1=0 -DUSE_IM_OFF_GUARD=1"
MIOpen(HIP): Info2 [run] kernel_name = Im2d2Col_v2, global_work_dim = { 2097152, 1, 1 }, local_work_dim = { 256, 1, 1 }
MIOpen(HIP): Info2 [CallGemm] gemm_desc: {isColMajor 0, transA 0, transB 0, m 64, n 16384, k 1152, lda 1152, ldb 16384, ldc 16384, batch_count 1, strideA 0, strideB 0, strideC 0, alpha 1, beta 0, dataType half, a_cast_type half, b_cast_type half} 
MIOpen(HIP): Info2 [CallGemm] rocBLAS
MIOpen(HIP): Info2 [GetKernels] 0 kernels for key: miopenIm2d2Col "c128i128_128w3_3p1_1s1_1d1_1t0"
MIOpen(HIP): Info2 [AddKernel] Key: miopenIm2d2Col "c128i128_128w3_3p1_1s1_1d1_1t0 -DLOCAL_MEM_SIZE=340 -DSTRIDE_GT_1=0 -DNUM_IM_BLKS_EQ_1=0 -DUSE_IM_OFF_GUARD=1"
MIOpen(HIP): Info2 [run] kernel_name = Im2d2Col_v2, global_work_dim = { 2097152, 1, 1 }, local_work_dim = { 256, 1, 1 }
MIOpen(HIP): Info2 [CallGemm] gemm_desc: {isColMajor 0, transA 0, transB 0, m 64, n 16384, k 1152, lda 1152, ldb 16384, ldc 16384, batch_count 1, strideA 0, strideB 0, strideC 0, alpha 1, beta 0, dataType half, a_cast_type half, b_cast_type half} 
MIOpen(HIP): Info2 [CallGemm] rocBLAS
MIOpen(HIP): Info2 [GetKernels] 0 kernels for key: miopenIm2d2Col "c128i128_128w3_3p1_1s1_1d1_1t0"
MIOpen(HIP): Info2 [AddKernel] Key: miopenIm2d2Col "c128i128_128w3_3p1_1s1_1d1_1t0 -DLOCAL_MEM_SIZE=340 -DSTRIDE_GT_1=0 -DNUM_IM_BLKS_EQ_1=0 -DUSE_IM_OFF_GUARD=1"
MIOpen(HIP): Info2 [run] kernel_name = Im2d2Col_v2, global_work_dim = { 2097152, 1, 1 }, local_work_dim = { 256, 1, 1 }
MIOpen(HIP): Info2 [CallGemm] gemm_desc: {isColMajor 0, transA 0, transB 0, m 64, n 16384, k 1152, lda 1152, ldb 16384, ldc 16384, batch_count 1, strideA 0, strideB 0, strideC 0, alpha 1, beta 0, dataType half, a_cast_type half, b_cast_type half} 
MIOpen(HIP): Info2 [CallGemm] rocBLAS
MIOpen(HIP): Info2 [GetKernels] 0 kernels for key: miopenIm2d2Col "c128i128_128w3_3p1_1s1_1d1_1t0"
MIOpen(HIP): Info2 [AddKernel] Key: miopenIm2d2Col "c128i128_128w3_3p1_1s1_1d1_1t0 -DLOCAL_MEM_SIZE=340 -DSTRIDE_GT_1=0 -DNUM_IM_BLKS_EQ_1=0 -DUSE_IM_OFF_GUARD=1"
MIOpen(HIP): Info2 [run] kernel_name = Im2d2Col_v2, global_work_dim = { 2097152, 1, 1 }, local_work_dim = { 256, 1, 1 }
MIOpen(HIP): Info2 [CallGemm] gemm_desc: {isColMajor 0, transA 0, transB 0, m 64, n 16384, k 1152, lda 1152, ldb 16384, ldc 16384, batch_count 1, strideA 0, strideB 0, strideC 0, alpha 1, beta 0, dataType half, a_cast_type half, b_cast_type half} 
MIOpen(HIP): Info2 [CallGemm] rocBLAS
MIOpen(HIP): Info2 [GetKernels] 0 kernels for key: miopenIm2d2Col "c128i128_128w3_3p1_1s1_1d1_1t0"
MIOpen(HIP): Info2 [AddKernel] Key: miopenIm2d2Col "c128i128_128w3_3p1_1s1_1d1_1t0 -DLOCAL_MEM_SIZE=340 -DSTRIDE_GT_1=0 -DNUM_IM_BLKS_EQ_1=0 -DUSE_IM_OFF_GUARD=1"
MIOpen(HIP): Info2 [run] kernel_name = Im2d2Col_v2, global_work_dim = { 2097152, 1, 1 }, local_work_dim = { 256, 1, 1 }
MIOpen(HIP): Info2 [CallGemm] gemm_desc: {isColMajor 0, transA 0, transB 0, m 64, n 16384, k 1152, lda 1152, ldb 16384, ldc 16384, batch_count 1, strideA 0, strideB 0, strideC 0, alpha 1, beta 0, dataType half, a_cast_type half, b_cast_type half} 
MIOpen(HIP): Info2 [CallGemm] rocBLAS
MIOpen(HIP): Info2 [GetKernels] 0 kernels for key: miopenIm2d2Col "c128i128_128w3_3p1_1s1_1d1_1t0"
MIOpen(HIP): Info2 [AddKernel] Key: miopenIm2d2Col "c128i128_128w3_3p1_1s1_1d1_1t0 -DLOCAL_MEM_SIZE=340 -DSTRIDE_GT_1=0 -DNUM_IM_BLKS_EQ_1=0 -DUSE_IM_OFF_GUARD=1"
MIOpen(HIP): Info2 [run] kernel_name = Im2d2Col_v2, global_work_dim = { 2097152, 1, 1 }, local_work_dim = { 256, 1, 1 }
MIOpen(HIP): Info2 [CallGemm] gemm_desc: {isColMajor 0, transA 0, transB 0, m 64, n 16384, k 1152, lda 1152, ldb 16384, ldc 16384, batch_count 1, strideA 0, strideB 0, strideC 0, alpha 1, beta 0, dataType half, a_cast_type half, b_cast_type half} 
MIOpen(HIP): Info2 [CallGemm] rocBLAS
MIOpen(HIP): Info2 [GetKernels] 0 kernels for key: miopenIm2d2Col "c128i128_128w3_3p1_1s1_1d1_1t0"
MIOpen(HIP): Info2 [AddKernel] Key: miopenIm2d2Col "c128i128_128w3_3p1_1s1_1d1_1t0 -DLOCAL_MEM_SIZE=340 -DSTRIDE_GT_1=0 -DNUM_IM_BLKS_EQ_1=0 -DUSE_IM_OFF_GUARD=1"
MIOpen(HIP): Info2 [run] kernel_name = Im2d2Col_v2, global_work_dim = { 2097152, 1, 1 }, local_work_dim = { 256, 1, 1 }
MIOpen(HIP): Info2 [CallGemm] gemm_desc: {isColMajor 0, transA 0, transB 0, m 64, n 16384, k 1152, lda 1152, ldb 16384, ldc 16384, batch_count 1, strideA 0, strideB 0, strideC 0, alpha 1, beta 0, dataType half, a_cast_type half, b_cast_type half} 
MIOpen(HIP): Info2 [CallGemm] rocBLAS
MIOpen(HIP): Info2 [GetKernels] 0 kernels for key: miopenIm2d2Col "c128i128_128w3_3p1_1s1_1d1_1t0"
MIOpen(HIP): Info2 [AddKernel] Key: miopenIm2d2Col "c128i128_128w3_3p1_1s1_1d1_1t0 -DLOCAL_MEM_SIZE=340 -DSTRIDE_GT_1=0 -DNUM_IM_BLKS_EQ_1=0 -DUSE_IM_OFF_GUARD=1"
MIOpen(HIP): Info2 [run] kernel_name = Im2d2Col_v2, global_work_dim = { 2097152, 1, 1 }, local_work_dim = { 256, 1, 1 }
MIOpen(HIP): Info2 [CallGemm] gemm_desc: {isColMajor 0, transA 0, transB 0, m 64, n 16384, k 1152, lda 1152, ldb 16384, ldc 16384, batch_count 1, strideA 0, strideB 0, strideC 0, alpha 1, beta 0, dataType half, a_cast_type half, b_cast_type half} 
MIOpen(HIP): Info2 [CallGemm] rocBLAS
MIOpen(HIP): Info2 [GetKernels] 0 kernels for key: miopenIm2d2Col "c128i128_128w3_3p1_1s1_1d1_1t0"
MIOpen(HIP): Info2 [AddKernel] Key: miopenIm2d2Col "c128i128_128w3_3p1_1s1_1d1_1t0 -DLOCAL_MEM_SIZE=340 -DSTRIDE_GT_1=0 -DNUM_IM_BLKS_EQ_1=0 -DUSE_IM_OFF_GUARD=1"
MIOpen(HIP): Info2 [run] kernel_name = Im2d2Col_v2, global_work_dim = { 2097152, 1, 1 }, local_work_dim = { 256, 1, 1 }
MIOpen(HIP): Info2 [CallGemm] gemm_desc: {isColMajor 0, transA 0, transB 0, m 64, n 16384, k 1152, lda 1152, ldb 16384, ldc 16384, batch_count 1, strideA 0, strideB 0, strideC 0, alpha 1, beta 0, dataType half, a_cast_type half, b_cast_type half} 
MIOpen(HIP): Info2 [CallGemm] rocBLAS
MIOpen(HIP): Info2 [GetKernels] 0 kernels for key: miopenIm2d2Col "c128i128_128w3_3p1_1s1_1d1_1t0"
MIOpen(HIP): Info2 [AddKernel] Key: miopenIm2d2Col "c128i128_128w3_3p1_1s1_1d1_1t0 -DLOCAL_MEM_SIZE=340 -DSTRIDE_GT_1=0 -DNUM_IM_BLKS_EQ_1=0 -DUSE_IM_OFF_GUARD=1"
MIOpen(HIP): Info2 [run] kernel_name = Im2d2Col_v2, global_work_dim = { 2097152, 1, 1 }, local_work_dim = { 256, 1, 1 }
MIOpen(HIP): Info2 [CallGemm] gemm_desc: {isColMajor 0, transA 0, transB 0, m 64, n 16384, k 1152, lda 1152, ldb 16384, ldc 16384, batch_count 1, strideA 0, strideB 0, strideC 0, alpha 1, beta 0, dataType half, a_cast_type half, b_cast_type half} 
MIOpen(HIP): Info2 [CallGemm] rocBLAS
MIOpen(HIP): Info2 [GetKernels] 0 kernels for key: miopenIm2d2Col "c128i128_128w3_3p1_1s1_1d1_1t0"
MIOpen(HIP): Info2 [AddKernel] Key: miopenIm2d2Col "c128i128_128w3_3p1_1s1_1d1_1t0 -DLOCAL_MEM_SIZE=340 -DSTRIDE_GT_1=0 -DNUM_IM_BLKS_EQ_1=0 -DUSE_IM_OFF_GUARD=1"
MIOpen(HIP): Info2 [run] kernel_name = Im2d2Col_v2, global_work_dim = { 2097152, 1, 1 }, local_work_dim = { 256, 1, 1 }
MIOpen(HIP): Info2 [CallGemm] gemm_desc: {isColMajor 0, transA 0, transB 0, m 64, n 16384, k 1152, lda 1152, ldb 16384, ldc 16384, batch_count 1, strideA 0, strideB 0, strideC 0, alpha 1, beta 0, dataType half, a_cast_type half, b_cast_type half} 
MIOpen(HIP): Info2 [CallGemm] rocBLAS
MIOpen(HIP): Info2 [GetKernels] 0 kernels for key: miopenIm2d2Col "c128i128_128w3_3p1_1s1_1d1_1t0"
MIOpen(HIP): Info2 [AddKernel] Key: miopenIm2d2Col "c128i128_128w3_3p1_1s1_1d1_1t0 -DLOCAL_MEM_SIZE=340 -DSTRIDE_GT_1=0 -DNUM_IM_BLKS_EQ_1=0 -DUSE_IM_OFF_GUARD=1"
MIOpen(HIP): Info2 [run] kernel_name = Im2d2Col_v2, global_work_dim = { 2097152, 1, 1 }, local_work_dim = { 256, 1, 1 }
MIOpen(HIP): Info2 [CallGemm] gemm_desc: {isColMajor 0, transA 0, transB 0, m 64, n 16384, k 1152, lda 1152, ldb 16384, ldc 16384, batch_count 1, strideA 0, strideB 0, strideC 0, alpha 1, beta 0, dataType half, a_cast_type half, b_cast_type half} 
MIOpen(HIP): Info2 [CallGemm] rocBLAS
MIOpen(HIP): Info2 [GetKernels] 0 kernels for key: miopenIm2d2Col "c128i128_128w3_3p1_1s1_1d1_1t0"
MIOpen(HIP): Info2 [AddKernel] Key: miopenIm2d2Col "c128i128_128w3_3p1_1s1_1d1_1t0 -DLOCAL_MEM_SIZE=340 -DSTRIDE_GT_1=0 -DNUM_IM_BLKS_EQ_1=0 -DUSE_IM_OFF_GUARD=1"
MIOpen(HIP): Info2 [run] kernel_name = Im2d2Col_v2, global_work_dim = { 2097152, 1, 1 }, local_work_dim = { 256, 1, 1 }
MIOpen(HIP): Info2 [CallGemm] gemm_desc: {isColMajor 0, transA 0, transB 0, m 64, n 16384, k 1152, lda 1152, ldb 16384, ldc 16384, batch_count 1, strideA 0, strideB 0, strideC 0, alpha 1, beta 0, dataType half, a_cast_type half, b_cast_type half} 
MIOpen(HIP): Info2 [CallGemm] rocBLAS
MIOpen(HIP): Info2 [GetKernels] 0 kernels for key: miopenIm2d2Col "c128i128_128w3_3p1_1s1_1d1_1t0"
MIOpen(HIP): Info2 [AddKernel] Key: miopenIm2d2Col "c128i128_128w3_3p1_1s1_1d1_1t0 -DLOCAL_MEM_SIZE=340 -DSTRIDE_GT_1=0 -DNUM_IM_BLKS_EQ_1=0 -DUSE_IM_OFF_GUARD=1"
MIOpen(HIP): Info2 [run] kernel_name = Im2d2Col_v2, global_work_dim = { 2097152, 1, 1 }, local_work_dim = { 256, 1, 1 }
MIOpen(HIP): Info2 [CallGemm] gemm_desc: {isColMajor 0, transA 0, transB 0, m 64, n 16384, k 1152, lda 1152, ldb 16384, ldc 16384, batch_count 1, strideA 0, strideB 0, strideC 0, alpha 1, beta 0, dataType half, a_cast_type half, b_cast_type half} 
MIOpen(HIP): Info2 [CallGemm] rocBLAS
MIOpen(HIP): Info2 [GetKernels] 0 kernels for key: miopenIm2d2Col "c128i128_128w3_3p1_1s1_1d1_1t0"
MIOpen(HIP): Info2 [AddKernel] Key: miopenIm2d2Col "c128i128_128w3_3p1_1s1_1d1_1t0 -DLOCAL_MEM_SIZE=340 -DSTRIDE_GT_1=0 -DNUM_IM_BLKS_EQ_1=0 -DUSE_IM_OFF_GUARD=1"
MIOpen(HIP): Info2 [run] kernel_name = Im2d2Col_v2, global_work_dim = { 2097152, 1, 1 }, local_work_dim = { 256, 1, 1 }
MIOpen(HIP): Info2 [CallGemm] gemm_desc: {isColMajor 0, transA 0, transB 0, m 64, n 16384, k 1152, lda 1152, ldb 16384, ldc 16384, batch_count 1, strideA 0, strideB 0, strideC 0, alpha 1, beta 0, dataType half, a_cast_type half, b_cast_type half} 
MIOpen(HIP): Info2 [CallGemm] rocBLAS
MIOpen(HIP): Info2 [GetKernels] 0 kernels for key: miopenIm2d2Col "c128i128_128w3_3p1_1s1_1d1_1t0"
MIOpen(HIP): Info2 [AddKernel] Key: miopenIm2d2Col "c128i128_128w3_3p1_1s1_1d1_1t0 -DLOCAL_MEM_SIZE=340 -DSTRIDE_GT_1=0 -DNUM_IM_BLKS_EQ_1=0 -DUSE_IM_OFF_GUARD=1"
MIOpen(HIP): Info2 [run] kernel_name = Im2d2Col_v2, global_work_dim = { 2097152, 1, 1 }, local_work_dim = { 256, 1, 1 }
MIOpen(HIP): Info2 [CallGemm] gemm_desc: {isColMajor 0, transA 0, transB 0, m 64, n 16384, k 1152, lda 1152, ldb 16384, ldc 16384, batch_count 1, strideA 0, strideB 0, strideC 0, alpha 1, beta 0, dataType half, a_cast_type half, b_cast_type half} 
MIOpen(HIP): Info2 [CallGemm] rocBLAS
MIOpen(HIP): Info2 [GetKernels] 0 kernels for key: miopenIm2d2Col "c128i128_128w3_3p1_1s1_1d1_1t0"
MIOpen(HIP): Info2 [AddKernel] Key: miopenIm2d2Col "c128i128_128w3_3p1_1s1_1d1_1t0 -DLOCAL_MEM_SIZE=340 -DSTRIDE_GT_1=0 -DNUM_IM_BLKS_EQ_1=0 -DUSE_IM_OFF_GUARD=1"
MIOpen(HIP): Info2 [run] kernel_name = Im2d2Col_v2, global_work_dim = { 2097152, 1, 1 }, local_work_dim = { 256, 1, 1 }
MIOpen(HIP): Info2 [CallGemm] gemm_desc: {isColMajor 0, transA 0, transB 0, m 64, n 16384, k 1152, lda 1152, ldb 16384, ldc 16384, batch_count 1, strideA 0, strideB 0, strideC 0, alpha 1, beta 0, dataType half, a_cast_type half, b_cast_type half} 
MIOpen(HIP): Info2 [CallGemm] rocBLAS
MIOpen(HIP): Info2 [GetKernels] 0 kernels for key: miopenIm2d2Col "c128i128_128w3_3p1_1s1_1d1_1t0"
MIOpen(HIP): Info2 [AddKernel] Key: miopenIm2d2Col "c128i128_128w3_3p1_1s1_1d1_1t0 -DLOCAL_MEM_SIZE=340 -DSTRIDE_GT_1=0 -DNUM_IM_BLKS_EQ_1=0 -DUSE_IM_OFF_GUARD=1"
MIOpen(HIP): Info2 [run] kernel_name = Im2d2Col_v2, global_work_dim = { 2097152, 1, 1 }, local_work_dim = { 256, 1, 1 }
MIOpen(HIP): Info2 [CallGemm] gemm_desc: {isColMajor 0, transA 0, transB 0, m 64, n 16384, k 1152, lda 1152, ldb 16384, ldc 16384, batch_count 1, strideA 0, strideB 0, strideC 0, alpha 1, beta 0, dataType half, a_cast_type half, b_cast_type half} 
MIOpen(HIP): Info2 [CallGemm] rocBLAS
MIOpen(HIP): Info2 [GetKernels] 0 kernels for key: miopenIm2d2Col "c128i128_128w3_3p1_1s1_1d1_1t0"
MIOpen(HIP): Info2 [AddKernel] Key: miopenIm2d2Col "c128i128_128w3_3p1_1s1_1d1_1t0 -DLOCAL_MEM_SIZE=340 -DSTRIDE_GT_1=0 -DNUM_IM_BLKS_EQ_1=0 -DUSE_IM_OFF_GUARD=1"
MIOpen(HIP): Info2 [run] kernel_name = Im2d2Col_v2, global_work_dim = { 2097152, 1, 1 }, local_work_dim = { 256, 1, 1 }
MIOpen(HIP): Info2 [CallGemm] gemm_desc: {isColMajor 0, transA 0, transB 0, m 64, n 16384, k 1152, lda 1152, ldb 16384, ldc 16384, batch_count 1, strideA 0, strideB 0, strideC 0, alpha 1, beta 0, dataType half, a_cast_type half, b_cast_type half} 
MIOpen(HIP): Info2 [CallGemm] rocBLAS
MIOpen(HIP): Info2 [GetKernels] 0 kernels for key: miopenIm2d2Col "c128i128_128w3_3p1_1s1_1d1_1t0"
MIOpen(HIP): Info2 [AddKernel] Key: miopenIm2d2Col "c128i128_128w3_3p1_1s1_1d1_1t0 -DLOCAL_MEM_SIZE=340 -DSTRIDE_GT_1=0 -DNUM_IM_BLKS_EQ_1=0 -DUSE_IM_OFF_GUARD=1"
MIOpen(HIP): Info2 [run] kernel_name = Im2d2Col_v2, global_work_dim = { 2097152, 1, 1 }, local_work_dim = { 256, 1, 1 }
MIOpen(HIP): Info2 [CallGemm] gemm_desc: {isColMajor 0, transA 0, transB 0, m 64, n 16384, k 1152, lda 1152, ldb 16384, ldc 16384, batch_count 1, strideA 0, strideB 0, strideC 0, alpha 1, beta 0, dataType half, a_cast_type half, b_cast_type half} 
MIOpen(HIP): Info2 [CallGemm] rocBLAS
MIOpen(HIP): Info2 [GetKernels] 0 kernels for key: miopenIm2d2Col "c128i128_128w3_3p1_1s1_1d1_1t0"
MIOpen(HIP): Info2 [AddKernel] Key: miopenIm2d2Col "c128i128_128w3_3p1_1s1_1d1_1t0 -DLOCAL_MEM_SIZE=340 -DSTRIDE_GT_1=0 -DNUM_IM_BLKS_EQ_1=0 -DUSE_IM_OFF_GUARD=1"
MIOpen(HIP): Info2 [run] kernel_name = Im2d2Col_v2, global_work_dim = { 2097152, 1, 1 }, local_work_dim = { 256, 1, 1 }
MIOpen(HIP): Info2 [CallGemm] gemm_desc: {isColMajor 0, transA 0, transB 0, m 64, n 16384, k 1152, lda 1152, ldb 16384, ldc 16384, batch_count 1, strideA 0, strideB 0, strideC 0, alpha 1, beta 0, dataType half, a_cast_type half, b_cast_type half} 
MIOpen(HIP): Info2 [CallGemm] rocBLAS
MIOpen(HIP): Info2 [GetKernels] 0 kernels for key: miopenIm2d2Col "c128i128_128w3_3p1_1s1_1d1_1t0"
MIOpen(HIP): Info2 [AddKernel] Key: miopenIm2d2Col "c128i128_128w3_3p1_1s1_1d1_1t0 -DLOCAL_MEM_SIZE=340 -DSTRIDE_GT_1=0 -DNUM_IM_BLKS_EQ_1=0 -DUSE_IM_OFF_GUARD=1"
MIOpen(HIP): Info2 [run] kernel_name = Im2d2Col_v2, global_work_dim = { 2097152, 1, 1 }, local_work_dim = { 256, 1, 1 }
MIOpen(HIP): Info2 [CallGemm] gemm_desc: {isColMajor 0, transA 0, transB 0, m 64, n 16384, k 1152, lda 1152, ldb 16384, ldc 16384, batch_count 1, strideA 0, strideB 0, strideC 0, alpha 1, beta 0, dataType half, a_cast_type half, b_cast_type half} 
MIOpen(HIP): Info2 [CallGemm] rocBLAS
MIOpen(HIP): Info2 [GetKernels] 0 kernels for key: miopenIm2d2Col "c128i128_128w3_3p1_1s1_1d1_1t0"
MIOpen(HIP): Info2 [AddKernel] Key: miopenIm2d2Col "c128i128_128w3_3p1_1s1_1d1_1t0 -DLOCAL_MEM_SIZE=340 -DSTRIDE_GT_1=0 -DNUM_IM_BLKS_EQ_1=0 -DUSE_IM_OFF_GUARD=1"
MIOpen(HIP): Info2 [run] kernel_name = Im2d2Col_v2, global_work_dim = { 2097152, 1, 1 }, local_work_dim = { 256, 1, 1 }
MIOpen(HIP): Info2 [CallGemm] gemm_desc: {isColMajor 0, transA 0, transB 0, m 64, n 16384, k 1152, lda 1152, ldb 16384, ldc 16384, batch_count 1, strideA 0, strideB 0, strideC 0, alpha 1, beta 0, dataType half, a_cast_type half, b_cast_type half} 
MIOpen(HIP): Info2 [CallGemm] rocBLAS
MIOpen(HIP): Info2 [GetKernels] 0 kernels for key: miopenIm2d2Col "c128i128_128w3_3p1_1s1_1d1_1t0"
MIOpen(HIP): Info2 [AddKernel] Key: miopenIm2d2Col "c128i128_128w3_3p1_1s1_1d1_1t0 -DLOCAL_MEM_SIZE=340 -DSTRIDE_GT_1=0 -DNUM_IM_BLKS_EQ_1=0 -DUSE_IM_OFF_GUARD=1"
MIOpen(HIP): Info2 [run] kernel_name = Im2d2Col_v2, global_work_dim = { 2097152, 1, 1 }, local_work_dim = { 256, 1, 1 }
MIOpen(HIP): Info2 [CallGemm] gemm_desc: {isColMajor 0, transA 0, transB 0, m 64, n 16384, k 1152, lda 1152, ldb 16384, ldc 16384, batch_count 1, strideA 0, strideB 0, strideC 0, alpha 1, beta 0, dataType half, a_cast_type half, b_cast_type half} 
MIOpen(HIP): Info2 [CallGemm] rocBLAS
MIOpen(HIP): Info2 [GetKernels] 0 kernels for key: miopenIm2d2Col "c128i128_128w3_3p1_1s1_1d1_1t0"
MIOpen(HIP): Info2 [AddKernel] Key: miopenIm2d2Col "c128i128_128w3_3p1_1s1_1d1_1t0 -DLOCAL_MEM_SIZE=340 -DSTRIDE_GT_1=0 -DNUM_IM_BLKS_EQ_1=0 -DUSE_IM_OFF_GUARD=1"
MIOpen(HIP): Info2 [run] kernel_name = Im2d2Col_v2, global_work_dim = { 2097152, 1, 1 }, local_work_dim = { 256, 1, 1 }
MIOpen(HIP): Info2 [CallGemm] gemm_desc: {isColMajor 0, transA 0, transB 0, m 64, n 16384, k 1152, lda 1152, ldb 16384, ldc 16384, batch_count 1, strideA 0, strideB 0, strideC 0, alpha 1, beta 0, dataType half, a_cast_type half, b_cast_type half} 
MIOpen(HIP): Info2 [CallGemm] rocBLAS
MIOpen(HIP): Info2 [GetKernels] 0 kernels for key: miopenIm2d2Col "c128i128_128w3_3p1_1s1_1d1_1t0"
MIOpen(HIP): Info2 [AddKernel] Key: miopenIm2d2Col "c128i128_128w3_3p1_1s1_1d1_1t0 -DLOCAL_MEM_SIZE=340 -DSTRIDE_GT_1=0 -DNUM_IM_BLKS_EQ_1=0 -DUSE_IM_OFF_GUARD=1"
MIOpen(HIP): Info2 [run] kernel_name = Im2d2Col_v2, global_work_dim = { 2097152, 1, 1 }, local_work_dim = { 256, 1, 1 }
MIOpen(HIP): Info2 [CallGemm] gemm_desc: {isColMajor 0, transA 0, transB 0, m 64, n 16384, k 1152, lda 1152, ldb 16384, ldc 16384, batch_count 1, strideA 0, strideB 0, strideC 0, alpha 1, beta 0, dataType half, a_cast_type half, b_cast_type half} 
MIOpen(HIP): Info2 [CallGemm] rocBLAS
MIOpen(HIP): Info2 [GetKernels] 0 kernels for key: miopenIm2d2Col "c128i128_128w3_3p1_1s1_1d1_1t0"
MIOpen(HIP): Info2 [AddKernel] Key: miopenIm2d2Col "c128i128_128w3_3p1_1s1_1d1_1t0 -DLOCAL_MEM_SIZE=340 -DSTRIDE_GT_1=0 -DNUM_IM_BLKS_EQ_1=0 -DUSE_IM_OFF_GUARD=1"
MIOpen(HIP): Info2 [run] kernel_name = Im2d2Col_v2, global_work_dim = { 2097152, 1, 1 }, local_work_dim = { 256, 1, 1 }
MIOpen(HIP): Info2 [CallGemm] gemm_desc: {isColMajor 0, transA 0, transB 0, m 64, n 16384, k 1152, lda 1152, ldb 16384, ldc 16384, batch_count 1, strideA 0, strideB 0, strideC 0, alpha 1, beta 0, dataType half, a_cast_type half, b_cast_type half} 
MIOpen(HIP): Info2 [CallGemm] rocBLAS
MIOpen(HIP): Info2 [GetKernels] 0 kernels for key: miopenIm2d2Col "c128i128_128w3_3p1_1s1_1d1_1t0"
MIOpen(HIP): Info2 [AddKernel] Key: miopenIm2d2Col "c128i128_128w3_3p1_1s1_1d1_1t0 -DLOCAL_MEM_SIZE=340 -DSTRIDE_GT_1=0 -DNUM_IM_BLKS_EQ_1=0 -DUSE_IM_OFF_GUARD=1"
MIOpen(HIP): Info2 [run] kernel_name = Im2d2Col_v2, global_work_dim = { 2097152, 1, 1 }, local_work_dim = { 256, 1, 1 }
MIOpen(HIP): Info2 [CallGemm] gemm_desc: {isColMajor 0, transA 0, transB 0, m 64, n 16384, k 1152, lda 1152, ldb 16384, ldc 16384, batch_count 1, strideA 0, strideB 0, strideC 0, alpha 1, beta 0, dataType half, a_cast_type half, b_cast_type half} 
MIOpen(HIP): Info2 [CallGemm] rocBLAS
MIOpen(HIP): Info2 [GetKernels] 0 kernels for key: miopenIm2d2Col "c128i128_128w3_3p1_1s1_1d1_1t0"
MIOpen(HIP): Info2 [AddKernel] Key: miopenIm2d2Col "c128i128_128w3_3p1_1s1_1d1_1t0 -DLOCAL_MEM_SIZE=340 -DSTRIDE_GT_1=0 -DNUM_IM_BLKS_EQ_1=0 -DUSE_IM_OFF_GUARD=1"
MIOpen(HIP): Info2 [run] kernel_name = Im2d2Col_v2, global_work_dim = { 2097152, 1, 1 }, local_work_dim = { 256, 1, 1 }
MIOpen(HIP): Info2 [CallGemm] gemm_desc: {isColMajor 0, transA 0, transB 0, m 64, n 16384, k 1152, lda 1152, ldb 16384, ldc 16384, batch_count 1, strideA 0, strideB 0, strideC 0, alpha 1, beta 0, dataType half, a_cast_type half, b_cast_type half} 
MIOpen(HIP): Info2 [CallGemm] rocBLAS
MIOpen(HIP): Info2 [GetKernels] 0 kernels for key: miopenIm2d2Col "c128i128_128w3_3p1_1s1_1d1_1t0"
MIOpen(HIP): Info2 [AddKernel] Key: miopenIm2d2Col "c128i128_128w3_3p1_1s1_1d1_1t0 -DLOCAL_MEM_SIZE=340 -DSTRIDE_GT_1=0 -DNUM_IM_BLKS_EQ_1=0 -DUSE_IM_OFF_GUARD=1"
MIOpen(HIP): Info2 [run] kernel_name = Im2d2Col_v2, global_work_dim = { 2097152, 1, 1 }, local_work_dim = { 256, 1, 1 }
MIOpen(HIP): Info2 [CallGemm] gemm_desc: {isColMajor 0, transA 0, transB 0, m 64, n 16384, k 1152, lda 1152, ldb 16384, ldc 16384, batch_count 1, strideA 0, strideB 0, strideC 0, alpha 1, beta 0, dataType half, a_cast_type half, b_cast_type half} 
MIOpen(HIP): Info2 [CallGemm] rocBLAS
MIOpen(HIP): Info2 [GetKernels] 0 kernels for key: miopenIm2d2Col "c128i128_128w3_3p1_1s1_1d1_1t0"
MIOpen(HIP): Info2 [AddKernel] Key: miopenIm2d2Col "c128i128_128w3_3p1_1s1_1d1_1t0 -DLOCAL_MEM_SIZE=340 -DSTRIDE_GT_1=0 -DNUM_IM_BLKS_EQ_1=0 -DUSE_IM_OFF_GUARD=1"
MIOpen(HIP): Info2 [run] kernel_name = Im2d2Col_v2, global_work_dim = { 2097152, 1, 1 }, local_work_dim = { 256, 1, 1 }
MIOpen(HIP): Info2 [CallGemm] gemm_desc: {isColMajor 0, transA 0, transB 0, m 64, n 16384, k 1152, lda 1152, ldb 16384, ldc 16384, batch_count 1, strideA 0, strideB 0, strideC 0, alpha 1, beta 0, dataType half, a_cast_type half, b_cast_type half} 
MIOpen(HIP): Info2 [CallGemm] rocBLAS
MIOpen(HIP): Info2 [GetKernels] 0 kernels for key: miopenIm2d2Col "c128i128_128w3_3p1_1s1_1d1_1t0"
MIOpen(HIP): Info2 [AddKernel] Key: miopenIm2d2Col "c128i128_128w3_3p1_1s1_1d1_1t0 -DLOCAL_MEM_SIZE=340 -DSTRIDE_GT_1=0 -DNUM_IM_BLKS_EQ_1=0 -DUSE_IM_OFF_GUARD=1"
MIOpen(HIP): Info2 [run] kernel_name = Im2d2Col_v2, global_work_dim = { 2097152, 1, 1 }, local_work_dim = { 256, 1, 1 }
MIOpen(HIP): Info2 [CallGemm] gemm_desc: {isColMajor 0, transA 0, transB 0, m 64, n 16384, k 1152, lda 1152, ldb 16384, ldc 16384, batch_count 1, strideA 0, strideB 0, strideC 0, alpha 1, beta 0, dataType half, a_cast_type half, b_cast_type half} 
MIOpen(HIP): Info2 [CallGemm] rocBLAS
MIOpen(HIP): Info2 [GetKernels] 0 kernels for key: miopenIm2d2Col "c128i128_128w3_3p1_1s1_1d1_1t0"
MIOpen(HIP): Info2 [AddKernel] Key: miopenIm2d2Col "c128i128_128w3_3p1_1s1_1d1_1t0 -DLOCAL_MEM_SIZE=340 -DSTRIDE_GT_1=0 -DNUM_IM_BLKS_EQ_1=0 -DUSE_IM_OFF_GUARD=1"
MIOpen(HIP): Info2 [run] kernel_name = Im2d2Col_v2, global_work_dim = { 2097152, 1, 1 }, local_work_dim = { 256, 1, 1 }
MIOpen(HIP): Info2 [CallGemm] gemm_desc: {isColMajor 0, transA 0, transB 0, m 64, n 16384, k 1152, lda 1152, ldb 16384, ldc 16384, batch_count 1, strideA 0, strideB 0, strideC 0, alpha 1, beta 0, dataType half, a_cast_type half, b_cast_type half} 
MIOpen(HIP): Info2 [CallGemm] rocBLAS
MIOpen(HIP): Info2 [GetKernels] 0 kernels for key: miopenIm2d2Col "c128i128_128w3_3p1_1s1_1d1_1t0"
MIOpen(HIP): Info2 [AddKernel] Key: miopenIm2d2Col "c128i128_128w3_3p1_1s1_1d1_1t0 -DLOCAL_MEM_SIZE=340 -DSTRIDE_GT_1=0 -DNUM_IM_BLKS_EQ_1=0 -DUSE_IM_OFF_GUARD=1"
MIOpen(HIP): Info2 [run] kernel_name = Im2d2Col_v2, global_work_dim = { 2097152, 1, 1 }, local_work_dim = { 256, 1, 1 }
MIOpen(HIP): Info2 [CallGemm] gemm_desc: {isColMajor 0, transA 0, transB 0, m 64, n 16384, k 1152, lda 1152, ldb 16384, ldc 16384, batch_count 1, strideA 0, strideB 0, strideC 0, alpha 1, beta 0, dataType half, a_cast_type half, b_cast_type half} 
MIOpen(HIP): Info2 [CallGemm] rocBLAS
MIOpen(HIP): Info [EvaluateInvokers] GemmFwdRest: : 7.14355 < 3.40282e+38
MIOpen(HIP): Info2 [Register] Invoker registered for algorithm 128x128x128x3x3x64x128x128x64xNCHWxFP16x1x1x1x1x1x1x1xFxDefault and solver GemmFwdRest
MIOpen(HIP): Info2 [SetAsFound1_0] Solver GemmFwdRest registered as find 1.0 best for miopenConvolutionFwdAlgoGEMM in 128x128x128x3x3x64x128x128x64xNCHWxFP16x1x1x1x1x1x1x1xFxDefault
MIOpen(HIP): Info [EvaluateInvokers] Selected: GemmFwdRest: : 7.14355, workspace_sz = 37748736
MIOpen(HIP): Info2 [PrepareInvoker] Preparing kernel: miopenSp3AsmConv_v30_3_1_gfx11_fp16_dot2_f3x2_stride1
MIOpen(HIP): Info2 [GetSolution]  N=64 G=1 C=128 H=128 W=128 K=64 n_groups=94 flags=17920 R=3 S=3 pad_H=1 pad_W=1 out_H=128 out_W=128 d_N_stride=2097152 d_C_stride=16384 d_H_stride=128 d_W_stride=1 f_K_stride=1152 f_C_stride=9 f_R_stride=3 f_S_stride=1 o_N_stride=1048576 o_K_stride=16384 o_H_stride=128 o_W_stride=1 d_G_stride=2097152 f_G_stride=73728 o_G_stride=1048576
MIOpen(HIP): Info2 [run] kernel_name = miopenSp3AsmConv_v30_3_1_gfx11_fp16_dot2_f3x2_stride1, global_work_dim = { 24064, 1, 1 }, local_work_dim = { 256, 1, 1 }
MIOpen(HIP): Info2 [GetSolution]  N=64 G=1 C=128 H=128 W=128 K=64 n_groups=94 flags=17920 R=3 S=3 pad_H=1 pad_W=1 out_H=128 out_W=128 d_N_stride=2097152 d_C_stride=16384 d_H_stride=128 d_W_stride=1 f_K_stride=1152 f_C_stride=9 f_R_stride=3 f_S_stride=1 o_N_stride=1048576 o_K_stride=16384 o_H_stride=128 o_W_stride=1 d_G_stride=2097152 f_G_stride=73728 o_G_stride=1048576
MIOpen(HIP): Info2 [run] kernel_name = miopenSp3AsmConv_v30_3_1_gfx11_fp16_dot2_f3x2_stride1, global_work_dim = { 24064, 1, 1 }, local_work_dim = { 256, 1, 1 }
MIOpen(HIP): Info2 [GetSolution]  N=64 G=1 C=128 H=128 W=128 K=64 n_groups=94 flags=17920 R=3 S=3 pad_H=1 pad_W=1 out_H=128 out_W=128 d_N_stride=2097152 d_C_stride=16384 d_H_stride=128 d_W_stride=1 f_K_stride=1152 f_C_stride=9 f_R_stride=3 f_S_stride=1 o_N_stride=1048576 o_K_stride=16384 o_H_stride=128 o_W_stride=1 d_G_stride=2097152 f_G_stride=73728 o_G_stride=1048576
MIOpen(HIP): Info2 [run] kernel_name = miopenSp3AsmConv_v30_3_1_gfx11_fp16_dot2_f3x2_stride1, global_work_dim = { 24064, 1, 1 }, local_work_dim = { 256, 1, 1 }
MIOpen(HIP): Info2 [GetSolution]  N=64 G=1 C=128 H=128 W=128 K=64 n_groups=94 flags=17920 R=3 S=3 pad_H=1 pad_W=1 out_H=128 out_W=128 d_N_stride=2097152 d_C_stride=16384 d_H_stride=128 d_W_stride=1 f_K_stride=1152 f_C_stride=9 f_R_stride=3 f_S_stride=1 o_N_stride=1048576 o_K_stride=16384 o_H_stride=128 o_W_stride=1 d_G_stride=2097152 f_G_stride=73728 o_G_stride=1048576
MIOpen(HIP): Info2 [run] kernel_name = miopenSp3AsmConv_v30_3_1_gfx11_fp16_dot2_f3x2_stride1, global_work_dim = { 24064, 1, 1 }, local_work_dim = { 256, 1, 1 }
MIOpen(HIP): Info2 [GetSolution]  N=64 G=1 C=128 H=128 W=128 K=64 n_groups=94 flags=17920 R=3 S=3 pad_H=1 pad_W=1 out_H=128 out_W=128 d_N_stride=2097152 d_C_stride=16384 d_H_stride=128 d_W_stride=1 f_K_stride=1152 f_C_stride=9 f_R_stride=3 f_S_stride=1 o_N_stride=1048576 o_K_stride=16384 o_H_stride=128 o_W_stride=1 d_G_stride=2097152 f_G_stride=73728 o_G_stride=1048576
MIOpen(HIP): Info2 [run] kernel_name = miopenSp3AsmConv_v30_3_1_gfx11_fp16_dot2_f3x2_stride1, global_work_dim = { 24064, 1, 1 }, local_work_dim = { 256, 1, 1 }
MIOpen(HIP): Info2 [GetSolution]  N=64 G=1 C=128 H=128 W=128 K=64 n_groups=94 flags=17920 R=3 S=3 pad_H=1 pad_W=1 out_H=128 out_W=128 d_N_stride=2097152 d_C_stride=16384 d_H_stride=128 d_W_stride=1 f_K_stride=1152 f_C_stride=9 f_R_stride=3 f_S_stride=1 o_N_stride=1048576 o_K_stride=16384 o_H_stride=128 o_W_stride=1 d_G_stride=2097152 f_G_stride=73728 o_G_stride=1048576
MIOpen(HIP): Info2 [run] kernel_name = miopenSp3AsmConv_v30_3_1_gfx11_fp16_dot2_f3x2_stride1, global_work_dim = { 24064, 1, 1 }, local_work_dim = { 256, 1, 1 }
MIOpen(HIP): Info2 [GetSolution]  N=64 G=1 C=128 H=128 W=128 K=64 n_groups=94 flags=17920 R=3 S=3 pad_H=1 pad_W=1 out_H=128 out_W=128 d_N_stride=2097152 d_C_stride=16384 d_H_stride=128 d_W_stride=1 f_K_stride=1152 f_C_stride=9 f_R_stride=3 f_S_stride=1 o_N_stride=1048576 o_K_stride=16384 o_H_stride=128 o_W_stride=1 d_G_stride=2097152 f_G_stride=73728 o_G_stride=1048576
MIOpen(HIP): Info2 [run] kernel_name = miopenSp3AsmConv_v30_3_1_gfx11_fp16_dot2_f3x2_stride1, global_work_dim = { 24064, 1, 1 }, local_work_dim = { 256, 1, 1 }
MIOpen(HIP): Info2 [GetSolution]  N=64 G=1 C=128 H=128 W=128 K=64 n_groups=94 flags=17920 R=3 S=3 pad_H=1 pad_W=1 out_H=128 out_W=128 d_N_stride=2097152 d_C_stride=16384 d_H_stride=128 d_W_stride=1 f_K_stride=1152 f_C_stride=9 f_R_stride=3 f_S_stride=1 o_N_stride=1048576 o_K_stride=16384 o_H_stride=128 o_W_stride=1 d_G_stride=2097152 f_G_stride=73728 o_G_stride=1048576
MIOpen(HIP): Info2 [run] kernel_name = miopenSp3AsmConv_v30_3_1_gfx11_fp16_dot2_f3x2_stride1, global_work_dim = { 24064, 1, 1 }, local_work_dim = { 256, 1, 1 }
MIOpen(HIP): Info [EvaluateInvokers] ConvBinWinogradRxSf3x2: miopenSp3AsmConv_v30_3_1_gfx11_fp16_dot2_f3x2_stride1: 2.51806 < 3.40282e+38
MIOpen(HIP): Info2 [PrepareInvoker] Preparing kernel: miopenSp3AsmConv_v30_3_1_gfx11_fp16_dot2_f2x3_stride1
MIOpen(HIP): Info2 [GetSolution]  N=64 G=1 C=128 H=128 W=128 K=64 n_groups=96 flags=17920 R=3 S=3 pad_H=1 pad_W=1 out_H=128 out_W=128 d_N_stride=2097152 d_C_stride=16384 d_H_stride=128 d_W_stride=1 f_K_stride=1152 f_C_stride=9 f_R_stride=3 f_S_stride=1 o_N_stride=1048576 o_K_stride=16384 o_H_stride=128 o_W_stride=1 d_G_stride=2097152 f_G_stride=73728 o_G_stride=1048576
MIOpen(HIP): Info2 [run] kernel_name = miopenSp3AsmConv_v30_3_1_gfx11_fp16_dot2_f2x3_stride1, global_work_dim = { 24576, 1, 1 }, local_work_dim = { 256, 1, 1 }
MIOpen(HIP): Info2 [GetSolution]  N=64 G=1 C=128 H=128 W=128 K=64 n_groups=96 flags=17920 R=3 S=3 pad_H=1 pad_W=1 out_H=128 out_W=128 d_N_stride=2097152 d_C_stride=16384 d_H_stride=128 d_W_stride=1 f_K_stride=1152 f_C_stride=9 f_R_stride=3 f_S_stride=1 o_N_stride=1048576 o_K_stride=16384 o_H_stride=128 o_W_stride=1 d_G_stride=2097152 f_G_stride=73728 o_G_stride=1048576
MIOpen(HIP): Info2 [run] kernel_name = miopenSp3AsmConv_v30_3_1_gfx11_fp16_dot2_f2x3_stride1, global_work_dim = { 24576, 1, 1 }, local_work_dim = { 256, 1, 1 }
MIOpen(HIP): Info2 [GetSolution]  N=64 G=1 C=128 H=128 W=128 K=64 n_groups=96 flags=17920 R=3 S=3 pad_H=1 pad_W=1 out_H=128 out_W=128 d_N_stride=2097152 d_C_stride=16384 d_H_stride=128 d_W_stride=1 f_K_stride=1152 f_C_stride=9 f_R_stride=3 f_S_stride=1 o_N_stride=1048576 o_K_stride=16384 o_H_stride=128 o_W_stride=1 d_G_stride=2097152 f_G_stride=73728 o_G_stride=1048576
MIOpen(HIP): Info2 [run] kernel_name = miopenSp3AsmConv_v30_3_1_gfx11_fp16_dot2_f2x3_stride1, global_work_dim = { 24576, 1, 1 }, local_work_dim = { 256, 1, 1 }
MIOpen(HIP): Info2 [GetSolution]  N=64 G=1 C=128 H=128 W=128 K=64 n_groups=96 flags=17920 R=3 S=3 pad_H=1 pad_W=1 out_H=128 out_W=128 d_N_stride=2097152 d_C_stride=16384 d_H_stride=128 d_W_stride=1 f_K_stride=1152 f_C_stride=9 f_R_stride=3 f_S_stride=1 o_N_stride=1048576 o_K_stride=16384 o_H_stride=128 o_W_stride=1 d_G_stride=2097152 f_G_stride=73728 o_G_stride=1048576
MIOpen(HIP): Info2 [run] kernel_name = miopenSp3AsmConv_v30_3_1_gfx11_fp16_dot2_f2x3_stride1, global_work_dim = { 24576, 1, 1 }, local_work_dim = { 256, 1, 1 }
MIOpen(HIP): Info2 [GetSolution]  N=64 G=1 C=128 H=128 W=128 K=64 n_groups=96 flags=17920 R=3 S=3 pad_H=1 pad_W=1 out_H=128 out_W=128 d_N_stride=2097152 d_C_stride=16384 d_H_stride=128 d_W_stride=1 f_K_stride=1152 f_C_stride=9 f_R_stride=3 f_S_stride=1 o_N_stride=1048576 o_K_stride=16384 o_H_stride=128 o_W_stride=1 d_G_stride=2097152 f_G_stride=73728 o_G_stride=1048576
MIOpen(HIP): Info2 [run] kernel_name = miopenSp3AsmConv_v30_3_1_gfx11_fp16_dot2_f2x3_stride1, global_work_dim = { 24576, 1, 1 }, local_work_dim = { 256, 1, 1 }
MIOpen(HIP): Info2 [GetSolution]  N=64 G=1 C=128 H=128 W=128 K=64 n_groups=96 flags=17920 R=3 S=3 pad_H=1 pad_W=1 out_H=128 out_W=128 d_N_stride=2097152 d_C_stride=16384 d_H_stride=128 d_W_stride=1 f_K_stride=1152 f_C_stride=9 f_R_stride=3 f_S_stride=1 o_N_stride=1048576 o_K_stride=16384 o_H_stride=128 o_W_stride=1 d_G_stride=2097152 f_G_stride=73728 o_G_stride=1048576
MIOpen(HIP): Info2 [run] kernel_name = miopenSp3AsmConv_v30_3_1_gfx11_fp16_dot2_f2x3_stride1, global_work_dim = { 24576, 1, 1 }, local_work_dim = { 256, 1, 1 }
MIOpen(HIP): Info2 [GetSolution]  N=64 G=1 C=128 H=128 W=128 K=64 n_groups=96 flags=17920 R=3 S=3 pad_H=1 pad_W=1 out_H=128 out_W=128 d_N_stride=2097152 d_C_stride=16384 d_H_stride=128 d_W_stride=1 f_K_stride=1152 f_C_stride=9 f_R_stride=3 f_S_stride=1 o_N_stride=1048576 o_K_stride=16384 o_H_stride=128 o_W_stride=1 d_G_stride=2097152 f_G_stride=73728 o_G_stride=1048576
MIOpen(HIP): Info2 [run] kernel_name = miopenSp3AsmConv_v30_3_1_gfx11_fp16_dot2_f2x3_stride1, global_work_dim = { 24576, 1, 1 }, local_work_dim = { 256, 1, 1 }
MIOpen(HIP): Info2 [GetSolution]  N=64 G=1 C=128 H=128 W=128 K=64 n_groups=96 flags=17920 R=3 S=3 pad_H=1 pad_W=1 out_H=128 out_W=128 d_N_stride=2097152 d_C_stride=16384 d_H_stride=128 d_W_stride=1 f_K_stride=1152 f_C_stride=9 f_R_stride=3 f_S_stride=1 o_N_stride=1048576 o_K_stride=16384 o_H_stride=128 o_W_stride=1 d_G_stride=2097152 f_G_stride=73728 o_G_stride=1048576
MIOpen(HIP): Info2 [run] kernel_name = miopenSp3AsmConv_v30_3_1_gfx11_fp16_dot2_f2x3_stride1, global_work_dim = { 24576, 1, 1 }, local_work_dim = { 256, 1, 1 }
MIOpen(HIP): Info [EvaluateInvokers] ConvBinWinogradRxSf2x3g1: miopenSp3AsmConv_v30_3_1_gfx11_fp16_dot2_f2x3_stride1: 1.51922 < 2.51806
MIOpen(HIP): Info2 [PrepareInvoker] Preparing kernel: miopenSp3AsmConvFury_v2_4_1_gfx11_1536vgprs_fp16_fp16acc_f2x3_c32_stride1
MIOpen(HIP): Info2 [MakeGcnAsmWinoV2InvokerFactory]  N=64 C=128 H=128 W=128 K=64 R=3 S=3 pad_H=1 pad_W=1 out_H=128 out_W=128 G=1 alpha=0 beta=0 act_mode=0 d_offset=0 f_offset=0 o_offset=0 b_offset=0 d_N_stride=2097152 d_C_stride=16384 d_H_stride=128 d_G_stride=2097152 f_K_stride=1152 f_C_stride=9 f_R_stride=3 f_G_stride=73728 o_N_stride=1048576 o_K_stride=16384 o_H_stride=128 o_G_stride=1048576 n_groups=96 flags64=0xe200 sync_limit=0 sync_period=0
MIOpen(HIP): Info2 [run] kernel_name = miopenSp3AsmConvFury_v2_4_1_gfx11_1536vgprs_fp16_fp16acc_f2x3_c32_stride1, global_work_dim = { 36864, 1, 1 }, local_work_dim = { 384, 1, 1 }
MIOpen(HIP): Info2 [MakeGcnAsmWinoV2InvokerFactory]  N=64 C=128 H=128 W=128 K=64 R=3 S=3 pad_H=1 pad_W=1 out_H=128 out_W=128 G=1 alpha=0 beta=0 act_mode=0 d_offset=0 f_offset=0 o_offset=0 b_offset=0 d_N_stride=2097152 d_C_stride=16384 d_H_stride=128 d_G_stride=2097152 f_K_stride=1152 f_C_stride=9 f_R_stride=3 f_G_stride=73728 o_N_stride=1048576 o_K_stride=16384 o_H_stride=128 o_G_stride=1048576 n_groups=96 flags64=0xe200 sync_limit=0 sync_period=0
MIOpen(HIP): Info2 [run] kernel_name = miopenSp3AsmConvFury_v2_4_1_gfx11_1536vgprs_fp16_fp16acc_f2x3_c32_stride1, global_work_dim = { 36864, 1, 1 }, local_work_dim = { 384, 1, 1 }
MIOpen(HIP): Info2 [MakeGcnAsmWinoV2InvokerFactory]  N=64 C=128 H=128 W=128 K=64 R=3 S=3 pad_H=1 pad_W=1 out_H=128 out_W=128 G=1 alpha=0 beta=0 act_mode=0 d_offset=0 f_offset=0 o_offset=0 b_offset=0 d_N_stride=2097152 d_C_stride=16384 d_H_stride=128 d_G_stride=2097152 f_K_stride=1152 f_C_stride=9 f_R_stride=3 f_G_stride=73728 o_N_stride=1048576 o_K_stride=16384 o_H_stride=128 o_G_stride=1048576 n_groups=96 flags64=0xe200 sync_limit=0 sync_period=0
MIOpen(HIP): Info2 [run] kernel_name = miopenSp3AsmConvFury_v2_4_1_gfx11_1536vgprs_fp16_fp16acc_f2x3_c32_stride1, global_work_dim = { 36864, 1, 1 }, local_work_dim = { 384, 1, 1 }
MIOpen(HIP): Info2 [MakeGcnAsmWinoV2InvokerFactory]  N=64 C=128 H=128 W=128 K=64 R=3 S=3 pad_H=1 pad_W=1 out_H=128 out_W=128 G=1 alpha=0 beta=0 act_mode=0 d_offset=0 f_offset=0 o_offset=0 b_offset=0 d_N_stride=2097152 d_C_stride=16384 d_H_stride=128 d_G_stride=2097152 f_K_stride=1152 f_C_stride=9 f_R_stride=3 f_G_stride=73728 o_N_stride=1048576 o_K_stride=16384 o_H_stride=128 o_G_stride=1048576 n_groups=96 flags64=0xe200 sync_limit=0 sync_period=0
MIOpen(HIP): Info2 [run] kernel_name = miopenSp3AsmConvFury_v2_4_1_gfx11_1536vgprs_fp16_fp16acc_f2x3_c32_stride1, global_work_dim = { 36864, 1, 1 }, local_work_dim = { 384, 1, 1 }
MIOpen(HIP): Info2 [MakeGcnAsmWinoV2InvokerFactory]  N=64 C=128 H=128 W=128 K=64 R=3 S=3 pad_H=1 pad_W=1 out_H=128 out_W=128 G=1 alpha=0 beta=0 act_mode=0 d_offset=0 f_offset=0 o_offset=0 b_offset=0 d_N_stride=2097152 d_C_stride=16384 d_H_stride=128 d_G_stride=2097152 f_K_stride=1152 f_C_stride=9 f_R_stride=3 f_G_stride=73728 o_N_stride=1048576 o_K_stride=16384 o_H_stride=128 o_G_stride=1048576 n_groups=96 flags64=0xe200 sync_limit=0 sync_period=0
MIOpen(HIP): Info2 [run] kernel_name = miopenSp3AsmConvFury_v2_4_1_gfx11_1536vgprs_fp16_fp16acc_f2x3_c32_stride1, global_work_dim = { 36864, 1, 1 }, local_work_dim = { 384, 1, 1 }
MIOpen(HIP): Info2 [MakeGcnAsmWinoV2InvokerFactory]  N=64 C=128 H=128 W=128 K=64 R=3 S=3 pad_H=1 pad_W=1 out_H=128 out_W=128 G=1 alpha=0 beta=0 act_mode=0 d_offset=0 f_offset=0 o_offset=0 b_offset=0 d_N_stride=2097152 d_C_stride=16384 d_H_stride=128 d_G_stride=2097152 f_K_stride=1152 f_C_stride=9 f_R_stride=3 f_G_stride=73728 o_N_stride=1048576 o_K_stride=16384 o_H_stride=128 o_G_stride=1048576 n_groups=96 flags64=0xe200 sync_limit=0 sync_period=0
MIOpen(HIP): Info2 [run] kernel_name = miopenSp3AsmConvFury_v2_4_1_gfx11_1536vgprs_fp16_fp16acc_f2x3_c32_stride1, global_work_dim = { 36864, 1, 1 }, local_work_dim = { 384, 1, 1 }
MIOpen(HIP): Info2 [MakeGcnAsmWinoV2InvokerFactory]  N=64 C=128 H=128 W=128 K=64 R=3 S=3 pad_H=1 pad_W=1 out_H=128 out_W=128 G=1 alpha=0 beta=0 act_mode=0 d_offset=0 f_offset=0 o_offset=0 b_offset=0 d_N_stride=2097152 d_C_stride=16384 d_H_stride=128 d_G_stride=2097152 f_K_stride=1152 f_C_stride=9 f_R_stride=3 f_G_stride=73728 o_N_stride=1048576 o_K_stride=16384 o_H_stride=128 o_G_stride=1048576 n_groups=96 flags64=0xe200 sync_limit=0 sync_period=0
MIOpen(HIP): Info2 [run] kernel_name = miopenSp3AsmConvFury_v2_4_1_gfx11_1536vgprs_fp16_fp16acc_f2x3_c32_stride1, global_work_dim = { 36864, 1, 1 }, local_work_dim = { 384, 1, 1 }
MIOpen(HIP): Info2 [MakeGcnAsmWinoV2InvokerFactory]  N=64 C=128 H=128 W=128 K=64 R=3 S=3 pad_H=1 pad_W=1 out_H=128 out_W=128 G=1 alpha=0 beta=0 act_mode=0 d_offset=0 f_offset=0 o_offset=0 b_offset=0 d_N_stride=2097152 d_C_stride=16384 d_H_stride=128 d_G_stride=2097152 f_K_stride=1152 f_C_stride=9 f_R_stride=3 f_G_stride=73728 o_N_stride=1048576 o_K_stride=16384 o_H_stride=128 o_G_stride=1048576 n_groups=96 flags64=0xe200 sync_limit=0 sync_period=0
MIOpen(HIP): Info2 [run] kernel_name = miopenSp3AsmConvFury_v2_4_1_gfx11_1536vgprs_fp16_fp16acc_f2x3_c32_stride1, global_work_dim = { 36864, 1, 1 }, local_work_dim = { 384, 1, 1 }
MIOpen(HIP): Info [EvaluateInvokers] ConvWinoFuryRxS<2-3>: miopenSp3AsmConvFury_v2_4_1_gfx11_1536vgprs_fp16_fp16acc_f2x3_c32_stride1: 1.05268 < 1.51922
MIOpen(HIP): Info2 [Register] Invoker registered for algorithm 128x128x128x3x3x64x128x128x64xNCHWxFP16x1x1x1x1x1x1x1xFxDefault and solver ConvWinoFuryRxS<2-3>
MIOpen(HIP): Info2 [SetAsFound1_0] Solver ConvWinoFuryRxS<2-3> registered as find 1.0 best for miopenConvolutionFwdAlgoWinograd in 128x128x128x3x3x64x128x128x64xNCHWxFP16x1x1x1x1x1x1x1xFxDefault
MIOpen(HIP): Info [EvaluateInvokers] Selected: ConvWinoFuryRxS<2-3>: miopenSp3AsmConvFury_v2_4_1_gfx11_1536vgprs_fp16_fp16acc_f2x3_c32_stride1: 1.05268, workspace_sz = 2048
MIOpen(HIP): Info [FindConvolution] Find Ended: 128-128-128-3x3-64-128-128-64-1x1-1x1-1x1-0-NCHW-FP16-F
MIOpen(HIP): Info2 [SetValues] 128-128-128-3x3-64-128-128-64-1x1-1x1-1x1-0-NCHW-FP16-F, content inserted: ConvDirectNaiveConvFwd:519.497,0,miopenConvolutionFwdAlgoDirect
MIOpen(HIP): Info2 [SetValues] 128-128-128-3x3-64-128-128-64-1x1-1x1-1x1-0-NCHW-FP16-F, content inserted: GemmFwdRest:7.14355,37748736,miopenConvolutionFwdAlgoGEMM
MIOpen(HIP): Info2 [SetValues] 128-128-128-3x3-64-128-128-64-1x1-1x1-1x1-0-NCHW-FP16-F, content inserted: ConvBinWinogradRxSf3x2:2.51806,0,miopenConvolutionFwdAlgoWinograd
MIOpen(HIP): Info2 [SetValues] 128-128-128-3x3-64-128-128-64-1x1-1x1-1x1-0-NCHW-FP16-F, content inserted: ConvBinWinogradRxSf2x3g1:1.51922,0,miopenConvolutionFwdAlgoWinograd
MIOpen(HIP): Info2 [SetValues] 128-128-128-3x3-64-128-128-64-1x1-1x1-1x1-0-NCHW-FP16-F, content inserted: ConvWinoFuryRxS<2-3>:1.05268,2048,miopenConvolutionFwdAlgoWinograd
MIOpen(HIP): Info2 [StoreRecord] Trying to store record at key 128-128-128-3x3-64-128-128-64-1x1-1x1-1x1-0-NCHW-FP16-F in cache for file "/home/wiffzack/.config/miopen/gfx1100_48.HIP.3_5_1_dabb6df2b9.ufdb.txt"
MIOpen(HIP): Info2 [timed_lock] Attempting Lock < /home/wiffzack/.config/miopen/miopen-lockfiles/gfx1100_48.HIP.3_5_1_dabb6df2b9.ufdb.txt.lock.fslock
MIOpen(HIP): Info2 [timed_lock] Lock < /home/wiffzack/.config/miopen/miopen-lockfiles/gfx1100_48.HIP.3_5_1_dabb6df2b9.ufdb.txt.lock.fslock
MIOpen(HIP): Info2 [StoreRecordUnsafe] Storing record: 128-128-128-3x3-64-128-128-64-1x1-1x1-1x1-0-NCHW-FP16-F
MIOpen(HIP): Info2 [FindRecordUnsafe] Looking for key 128-128-128-3x3-64-128-128-64-1x1-1x1-1x1-0-NCHW-FP16-F in file "/home/wiffzack/.config/miopen/gfx1100_48.HIP.3_5_1_dabb6df2b9.ufdb.txt"
MIOpen(HIP): Info2 [refresh_lock] Lock Refresh Active < /home/wiffzack/.config/miopen/miopen-lockfiles/gfx1100_48.HIP.3_5_1_dabb6df2b9.ufdb.txt.lock.fslock.wiffzack-To-Be-Filled-By-O-E-M.122119
MIOpen(HIP): Info2 [FindRecordUnsafe] Key match: 128-128-128-3x3-64-128-128-64-1x1-1x1-1x1-0-NCHW-FP16-F
MIOpen(HIP): Info2 [FindRecordUnsafe] Contents found: ConvBinWinogradRxSf2x3g1:1.52185,0,miopenConvolutionFwdAlgoWinograd;ConvBinWinogradRxSf3x2:2.64696,0,miopenConvolutionFwdAlgoWinograd;ConvWinoFuryRxS<2-3>:1.02514,2048,miopenConvolutionFwdAlgoWinograd;GemmFwdRest:7.15613,37748736,miopenConvolutionFwdAlgoGEMM;ConvDirectNaiveConvFwd:513.426,0,miopenConvolutionFwdAlgoDirect
MIOpen(HIP): Info2 [UpdateDbModificationTime] Updating db modification time for "/home/wiffzack/.config/miopen/gfx1100_48.HIP.3_5_1_dabb6df2b9.ufdb.txt"
MIOpen(HIP): Info2 [unlock] Unlock < /home/wiffzack/.config/miopen/miopen-lockfiles/gfx1100_48.HIP.3_5_1_dabb6df2b9.ufdb.txt.lock.fslock
MIOpen(HIP): Info2 [refresh_lock] Lock Refresh Exit < /home/wiffzack/.config/miopen/miopen-lockfiles/gfx1100_48.HIP.3_5_1_dabb6df2b9.ufdb.txt.lock.fslock.wiffzack-To-Be-Filled-By-O-E-M.122119
MIOpen(HIP): Info2 [Measure] Db::StoreRecord time: 0.630592 ms
MIOpen(HIP): Info [FindConvolution] miopenConvolutionFwdAlgoWinograd	1.05268	2048
MIOpen(HIP): Info [FillFindReturnParameters] FW Chosen Algorithm: ConvWinoFuryRxS<2-3> , 2048, 1.05268
MIOpen(HIP): miopenStatus_t miopenConvolutionForward(miopenHandle_t, const void *, const miopenTensorDescriptor_t, const void *, const miopenTensorDescriptor_t, const void *, const miopenConvolutionDescriptor_t, miopenConvFwdAlgorithm_t, const void *, const miopenTensorDescriptor_t, void *, void *, size_t){
MIOpen(HIP): 	handle = stream: 0, device_id: 0
MIOpen(HIP): 	alpha = 0x7fff37062c60
MIOpen(HIP): 	xDesc = {64, 128, 128, 128}, {2097152, 16384, 128, 1}, packed, 
MIOpen(HIP): 	x = 0x7cdd7f800000
MIOpen(HIP): 	wDesc = {64, 128, 3, 3}, {1152, 9, 3, 1}, packed, 
MIOpen(HIP): 	w = 0x7cdd78600000
MIOpen(HIP): 	convDesc = conv2d, miopenConvolution, miopenPaddingDefault, {1, 1}, {1, 1}, {1, 1}, 
MIOpen(HIP): 	algo = 3
MIOpen(HIP): 	beta = 0x7fff37062c68
MIOpen(HIP): 	yDesc = {64, 64, 128, 128}, {1048576, 16384, 128, 1}, packed, 
MIOpen(HIP): 	y = 0x7cdd70400000
MIOpen(HIP): 	workSpace = 0x7cdd78624200
MIOpen(HIP): 	workSpaceSize = 2048
MIOpen(HIP): }
MIOpen(HIP): Command [LogCmdConvolution] ./bin/MIOpenDriver convfp16 -n 64 -c 128 -H 128 -W 128 -k 64 -y 3 -x 3 -p 1 -q 1 -u 1 -v 1 -l 1 -j 1 -m conv -g 1 -F 1 -t 1
MIOpen(HIP): Info [ConvolutionForward] algo = 3, workspace = 2048
MIOpen(HIP): Info2 [GetInvoker] Returning an invoker for problem 128x128x128x3x3x64x128x128x64xNCHWxFP16x1x1x1x1x1x1x1xFxDefault and algorithm miopenConvolutionFwdAlgoWinograd
MIOpen(HIP): Info2 [MakeGcnAsmWinoV2InvokerFactory]  N=64 C=128 H=128 W=128 K=64 R=3 S=3 pad_H=1 pad_W=1 out_H=128 out_W=128 G=1 alpha=0 beta=0 act_mode=0 d_offset=0 f_offset=0 o_offset=0 b_offset=0 d_N_stride=2097152 d_C_stride=16384 d_H_stride=128 d_G_stride=2097152 f_K_stride=1152 f_C_stride=9 f_R_stride=3 f_G_stride=73728 o_N_stride=1048576 o_K_stride=16384 o_H_stride=128 o_G_stride=1048576 n_groups=96 flags64=0xe200 sync_limit=0 sync_period=0
MIOpen(HIP): Info2 [run] kernel_name = miopenSp3AsmConvFury_v2_4_1_gfx11_1536vgprs_fp16_fp16acc_f2x3_c32_stride1, global_work_dim = { 36864, 1, 1 }, local_work_dim = { 384, 1, 1 }
MIOpen(HIP): miopenStatus_t miopenDestroyConvolutionDescriptor(miopenConvolutionDescriptor_t){
MIOpen(HIP): 	convDesc = conv2d, miopenConvolution, miopenPaddingDefault, {1, 1}, {1, 1}, {1, 1}, 
MIOpen(HIP): }
MIOpen(HIP): miopenStatus_t miopenDestroyTensorDescriptor(miopenTensorDescriptor_t){
MIOpen(HIP): 	tensorDesc = {64, 128, 3, 3}, {1152, 9, 3, 1}, packed, 
MIOpen(HIP): }
MIOpen(HIP): miopenStatus_t miopenDestroyTensorDescriptor(miopenTensorDescriptor_t){
MIOpen(HIP): 	tensorDesc = {64, 64, 128, 128}, {1048576, 16384, 128, 1}, packed, 
MIOpen(HIP): }
MIOpen(HIP): miopenStatus_t miopenDestroyTensorDescriptor(miopenTensorDescriptor_t){
MIOpen(HIP): 	tensorDesc = {64, 128, 128, 128}, {2097152, 16384, 128, 1}, packed, 
MIOpen(HIP): }
MIOpen(HIP): Info [get_device_name] Raw device name: gfx1100
MIOpen(HIP): Info [SetStream] stream: 0, device_id: 0
MIOpen(HIP): miopenStatus_t miopenCreateTensorDescriptor(miopenTensorDescriptor_t *){
MIOpen(HIP): 	tensorDesc = 0
MIOpen(HIP): }
MIOpen(HIP): miopenStatus_t miopenSetTensorDescriptorV2(miopenTensorDescriptor_t, miopenDataType_t, int, const size_t *, const size_t *){
MIOpen(HIP): 	tensorDesc = {}, {}, packed, 
MIOpen(HIP): 	dataType = 0
MIOpen(HIP): 	nbDims = 4
MIOpen(HIP): 	dim.values = { 64 128 128 128 }
MIOpen(HIP): 	stride.values = { 2097152 16384 128 1 }
MIOpen(HIP): }
MIOpen(HIP): miopenStatus_t miopenCreateTensorDescriptor(miopenTensorDescriptor_t *){
MIOpen(HIP): 	tensorDesc = 0
MIOpen(HIP): }
MIOpen(HIP): miopenStatus_t miopenSetTensorDescriptorV2(miopenTensorDescriptor_t, miopenDataType_t, int, const size_t *, const size_t *){
MIOpen(HIP): 	tensorDesc = {}, {}, packed, 
MIOpen(HIP): 	dataType = 0
MIOpen(HIP): 	nbDims = 4
MIOpen(HIP): 	dim.values = { 64 128 3 3 }
MIOpen(HIP): 	stride.values = { 1152 9 3 1 }
MIOpen(HIP): }
MIOpen(HIP): miopenStatus_t miopenCreateTensorDescriptor(miopenTensorDescriptor_t *){
MIOpen(HIP): 	tensorDesc = 0
MIOpen(HIP): }
MIOpen(HIP): miopenStatus_t miopenSetTensorDescriptorV2(miopenTensorDescriptor_t, miopenDataType_t, int, const size_t *, const size_t *){
MIOpen(HIP): 	tensorDesc = {}, {}, packed, 
MIOpen(HIP): 	dataType = 0
MIOpen(HIP): 	nbDims = 4
MIOpen(HIP): 	dim.values = { 64 64 128 128 }
MIOpen(HIP): 	stride.values = { 1048576 16384 128 1 }
MIOpen(HIP): }
MIOpen(HIP): miopenStatus_t miopenCreateConvolutionDescriptor(miopenConvolutionDescriptor_t *){
MIOpen(HIP): 	convDesc = 0
MIOpen(HIP): }
MIOpen(HIP): miopenStatus_t miopenInitConvolutionNdDescriptor(miopenConvolutionDescriptor_t, int, const int *, const int *, const int *, miopenConvolutionMode_t){
MIOpen(HIP): 	convDesc = conv2d, miopenConvolution, miopenPaddingDefault, {0, 0}, {1, 1}, {1, 1}, 
MIOpen(HIP): 	spatialDim = 2
MIOpen(HIP): 	pads = { 1 1 }
MIOpen(HIP): 	strides = { 1 1 }
MIOpen(HIP): 	dilations = { 1 1 }
MIOpen(HIP): 	c_mode = 0
MIOpen(HIP): }
MIOpen(HIP): miopenStatus_t miopenSetConvolutionGroupCount(miopenConvolutionDescriptor_t, int){
MIOpen(HIP): 	convDesc = conv2d, miopenConvolution, miopenPaddingDefault, {1, 1}, {1, 1}, {1, 1}, 
MIOpen(HIP): 	groupCount = 1
MIOpen(HIP): }
MIOpen(HIP): miopenStatus_t miopenSetConvolutionAttribute(miopenConvolutionDescriptor_t, const miopenConvolutionAttrib_t, const int){
MIOpen(HIP): 	convDesc = conv2d, miopenConvolution, miopenPaddingDefault, {1, 1}, {1, 1}, {1, 1}, 
MIOpen(HIP): 	attr = 1
MIOpen(HIP): 	value = 0
MIOpen(HIP): }
MIOpen(HIP): miopenStatus_t miopenConvolutionForward(miopenHandle_t, const void *, const miopenTensorDescriptor_t, const void *, const miopenTensorDescriptor_t, const void *, const miopenConvolutionDescriptor_t, miopenConvFwdAlgorithm_t, const void *, const miopenTensorDescriptor_t, void *, void *, size_t){
MIOpen(HIP): 	handle = stream: 0, device_id: 0
MIOpen(HIP): 	alpha = 0x7fff37062900
MIOpen(HIP): 	xDesc = {64, 128, 128, 128}, {2097152, 16384, 128, 1}, packed, 
MIOpen(HIP): 	x = 0x7cdd7f800000
MIOpen(HIP): 	wDesc = {64, 128, 3, 3}, {1152, 9, 3, 1}, packed, 
MIOpen(HIP): 	w = 0x7cdd78600000
MIOpen(HIP): 	convDesc = conv2d, miopenConvolution, miopenPaddingDefault, {1, 1}, {1, 1}, {1, 1}, 
MIOpen(HIP): 	algo = 3
MIOpen(HIP): 	beta = 0x7fff37062908
MIOpen(HIP): 	yDesc = {64, 64, 128, 128}, {1048576, 16384, 128, 1}, packed, 
MIOpen(HIP): 	y = 0x7cdd70400000
MIOpen(HIP): 	workSpace = 0x7cdd78624200
MIOpen(HIP): 	workSpaceSize = 2048
MIOpen(HIP): }
MIOpen(HIP): Command [LogCmdConvolution] ./bin/MIOpenDriver convfp16 -n 64 -c 128 -H 128 -W 128 -k 64 -y 3 -x 3 -p 1 -q 1 -u 1 -v 1 -l 1 -j 1 -m conv -g 1 -F 1 -t 1
MIOpen(HIP): Info [ConvolutionForward] algo = 3, workspace = 2048
MIOpen(HIP): Info2 [GetInvoker] Returning an invoker for problem 128x128x128x3x3x64x128x128x64xNCHWxFP16x1x1x1x1x1x1x1xFxDefault and algorithm miopenConvolutionFwdAlgoWinograd
MIOpen(HIP): Info2 [MakeGcnAsmWinoV2InvokerFactory]  N=64 C=128 H=128 W=128 K=64 R=3 S=3 pad_H=1 pad_W=1 out_H=128 out_W=128 G=1 alpha=0 beta=0 act_mode=0 d_offset=0 f_offset=0 o_offset=0 b_offset=0 d_N_stride=2097152 d_C_stride=16384 d_H_stride=128 d_G_stride=2097152 f_K_stride=1152 f_C_stride=9 f_R_stride=3 f_G_stride=73728 o_N_stride=1048576 o_K_stride=16384 o_H_stride=128 o_G_stride=1048576 n_groups=96 flags64=0xe200 sync_limit=0 sync_period=0
MIOpen(HIP): Info2 [run] kernel_name = miopenSp3AsmConvFury_v2_4_1_gfx11_1536vgprs_fp16_fp16acc_f2x3_c32_stride1, global_work_dim = { 36864, 1, 1 }, local_work_dim = { 384, 1, 1 }
MIOpen(HIP): miopenStatus_t miopenDestroyConvolutionDescriptor(miopenConvolutionDescriptor_t){
MIOpen(HIP): 	convDesc = conv2d, miopenConvolution, miopenPaddingDefault, {1, 1}, {1, 1}, {1, 1}, 
MIOpen(HIP): }
MIOpen(HIP): miopenStatus_t miopenDestroyTensorDescriptor(miopenTensorDescriptor_t){
MIOpen(HIP): 	tensorDesc = {64, 128, 3, 3}, {1152, 9, 3, 1}, packed, 
MIOpen(HIP): }
MIOpen(HIP): miopenStatus_t miopenDestroyTensorDescriptor(miopenTensorDescriptor_t){
MIOpen(HIP): 	tensorDesc = {64, 64, 128, 128}, {1048576, 16384, 128, 1}, packed, 
MIOpen(HIP): }
MIOpen(HIP): miopenStatus_t miopenDestroyTensorDescriptor(miopenTensorDescriptor_t){
MIOpen(HIP): 	tensorDesc = {64, 128, 128, 128}, {2097152, 16384, 128, 1}, packed, 
MIOpen(HIP): }
MIOpen(HIP): Info [get_device_name] Raw device name: gfx1100
MIOpen(HIP): Info [SetStream] stream: 0, device_id: 0
MIOpen(HIP): miopenStatus_t miopenCreateTensorDescriptor(miopenTensorDescriptor_t *){
MIOpen(HIP): 	tensorDesc = 0
MIOpen(HIP): }
MIOpen(HIP): miopenStatus_t miopenSetTensorDescriptorV2(miopenTensorDescriptor_t, miopenDataType_t, int, const size_t *, const size_t *){
MIOpen(HIP): 	tensorDesc = {}, {}, packed, 
MIOpen(HIP): 	dataType = 0
MIOpen(HIP): 	nbDims = 4
MIOpen(HIP): 	dim.values = { 64 128 128 128 }
MIOpen(HIP): 	stride.values = { 2097152 16384 128 1 }
MIOpen(HIP): }
MIOpen(HIP): miopenStatus_t miopenCreateTensorDescriptor(miopenTensorDescriptor_t *){
MIOpen(HIP): 	tensorDesc = 0
MIOpen(HIP): }
MIOpen(HIP): miopenStatus_t miopenSetTensorDescriptorV2(miopenTensorDescriptor_t, miopenDataType_t, int, const size_t *, const size_t *){
MIOpen(HIP): 	tensorDesc = {}, {}, packed, 
MIOpen(HIP): 	dataType = 0
MIOpen(HIP): 	nbDims = 4
MIOpen(HIP): 	dim.values = { 64 128 3 3 }
MIOpen(HIP): 	stride.values = { 1152 9 3 1 }
MIOpen(HIP): }
MIOpen(HIP): miopenStatus_t miopenCreateTensorDescriptor(miopenTensorDescriptor_t *){
MIOpen(HIP): 	tensorDesc = 0
MIOpen(HIP): }
MIOpen(HIP): miopenStatus_t miopenSetTensorDescriptorV2(miopenTensorDescriptor_t, miopenDataType_t, int, const size_t *, const size_t *){
MIOpen(HIP): 	tensorDesc = {}, {}, packed, 
MIOpen(HIP): 	dataType = 0
MIOpen(HIP): 	nbDims = 4
MIOpen(HIP): 	dim.values = { 64 64 128 128 }
MIOpen(HIP): 	stride.values = { 1048576 16384 128 1 }
MIOpen(HIP): }
MIOpen(HIP): miopenStatus_t miopenCreateConvolutionDescriptor(miopenConvolutionDescriptor_t *){
MIOpen(HIP): 	convDesc = 0
MIOpen(HIP): }
MIOpen(HIP): miopenStatus_t miopenInitConvolutionNdDescriptor(miopenConvolutionDescriptor_t, int, const int *, const int *, const int *, miopenConvolutionMode_t){
MIOpen(HIP): 	convDesc = conv2d, miopenConvolution, miopenPaddingDefault, {0, 0}, {1, 1}, {1, 1}, 
MIOpen(HIP): 	spatialDim = 2
MIOpen(HIP): 	pads = { 1 1 }
MIOpen(HIP): 	strides = { 1 1 }
MIOpen(HIP): 	dilations = { 1 1 }
MIOpen(HIP): 	c_mode = 0
MIOpen(HIP): }
MIOpen(HIP): miopenStatus_t miopenSetConvolutionGroupCount(miopenConvolutionDescriptor_t, int){
MIOpen(HIP): 	convDesc = conv2d, miopenConvolution, miopenPaddingDefault, {1, 1}, {1, 1}, {1, 1}, 
MIOpen(HIP): 	groupCount = 1
MIOpen(HIP): }
MIOpen(HIP): miopenStatus_t miopenSetConvolutionAttribute(miopenConvolutionDescriptor_t, const miopenConvolutionAttrib_t, const int){
MIOpen(HIP): 	convDesc = conv2d, miopenConvolution, miopenPaddingDefault, {1, 1}, {1, 1}, {1, 1}, 
MIOpen(HIP): 	attr = 1
MIOpen(HIP): 	value = 0
MIOpen(HIP): }
MIOpen(HIP): miopenStatus_t miopenConvolutionForward(miopenHandle_t, const void *, const miopenTensorDescriptor_t, const void *, const miopenTensorDescriptor_t, const void *, const miopenConvolutionDescriptor_t, miopenConvFwdAlgorithm_t, const void *, const miopenTensorDescriptor_t, void *, void *, size_t){
MIOpen(HIP): 	handle = stream: 0, device_id: 0
MIOpen(HIP): 	alpha = 0x7fff37062900
MIOpen(HIP): 	xDesc = {64, 128, 128, 128}, {2097152, 16384, 128, 1}, packed, 
MIOpen(HIP): 	x = 0x7cdd7f800000
MIOpen(HIP): 	wDesc = {64, 128, 3, 3}, {1152, 9, 3, 1}, packed, 
MIOpen(HIP): 	w = 0x7cdd78600000
MIOpen(HIP): 	convDesc = conv2d, miopenConvolution, miopenPaddingDefault, {1, 1}, {1, 1}, {1, 1}, 
MIOpen(HIP): 	algo = 3
MIOpen(HIP): 	beta = 0x7fff37062908
MIOpen(HIP): 	yDesc = {64, 64, 128, 128}, {1048576, 16384, 128, 1}, packed, 
MIOpen(HIP): 	y = 0x7cdd70400000
MIOpen(HIP): 	workSpace = 0x7cdd78624200
MIOpen(HIP): 	workSpaceSize = 2048
MIOpen(HIP): }
MIOpen(HIP): Command [LogCmdConvolution] ./bin/MIOpenDriver convfp16 -n 64 -c 128 -H 128 -W 128 -k 64 -y 3 -x 3 -p 1 -q 1 -u 1 -v 1 -l 1 -j 1 -m conv -g 1 -F 1 -t 1
MIOpen(HIP): Info [ConvolutionForward] algo = 3, workspace = 2048
MIOpen(HIP): Info2 [GetInvoker] Returning an invoker for problem 128x128x128x3x3x64x128x128x64xNCHWxFP16x1x1x1x1x1x1x1xFxDefault and algorithm miopenConvolutionFwdAlgoWinograd
MIOpen(HIP): Info2 [MakeGcnAsmWinoV2InvokerFactory]  N=64 C=128 H=128 W=128 K=64 R=3 S=3 pad_H=1 pad_W=1 out_H=128 out_W=128 G=1 alpha=0 beta=0 act_mode=0 d_offset=0 f_offset=0 o_offset=0 b_offset=0 d_N_stride=2097152 d_C_stride=16384 d_H_stride=128 d_G_stride=2097152 f_K_stride=1152 f_C_stride=9 f_R_stride=3 f_G_stride=73728 o_N_stride=1048576 o_K_stride=16384 o_H_stride=128 o_G_stride=1048576 n_groups=96 flags64=0xe200 sync_limit=0 sync_period=0
MIOpen(HIP): Info2 [run] kernel_name = miopenSp3AsmConvFury_v2_4_1_gfx11_1536vgprs_fp16_fp16acc_f2x3_c32_stride1, global_work_dim = { 36864, 1, 1 }, local_work_dim = { 384, 1, 1 }
MIOpen(HIP): miopenStatus_t miopenDestroyConvolutionDescriptor(miopenConvolutionDescriptor_t){
MIOpen(HIP): 	convDesc = conv2d, miopenConvolution, miopenPaddingDefault, {1, 1}, {1, 1}, {1, 1}, 
MIOpen(HIP): }
MIOpen(HIP): miopenStatus_t miopenDestroyTensorDescriptor(miopenTensorDescriptor_t){
MIOpen(HIP): 	tensorDesc = {64, 128, 3, 3}, {1152, 9, 3, 1}, packed, 
MIOpen(HIP): }
MIOpen(HIP): miopenStatus_t miopenDestroyTensorDescriptor(miopenTensorDescriptor_t){
MIOpen(HIP): 	tensorDesc = {64, 64, 128, 128}, {1048576, 16384, 128, 1}, packed, 
MIOpen(HIP): }
MIOpen(HIP): miopenStatus_t miopenDestroyTensorDescriptor(miopenTensorDescriptor_t){
MIOpen(HIP): 	tensorDesc = {64, 128, 128, 128}, {2097152, 16384, 128, 1}, packed, 
MIOpen(HIP): }
MIOpen(HIP): Info [get_device_name] Raw device name: gfx1100
MIOpen(HIP): Info [SetStream] stream: 0, device_id: 0
MIOpen(HIP): miopenStatus_t miopenCreateTensorDescriptor(miopenTensorDescriptor_t *){
MIOpen(HIP): 	tensorDesc = 0
MIOpen(HIP): }
MIOpen(HIP): miopenStatus_t miopenSetTensorDescriptorV2(miopenTensorDescriptor_t, miopenDataType_t, int, const size_t *, const size_t *){
MIOpen(HIP): 	tensorDesc = {}, {}, packed, 
MIOpen(HIP): 	dataType = 0
MIOpen(HIP): 	nbDims = 4
MIOpen(HIP): 	dim.values = { 64 128 128 128 }
MIOpen(HIP): 	stride.values = { 2097152 16384 128 1 }
MIOpen(HIP): }
MIOpen(HIP): miopenStatus_t miopenCreateTensorDescriptor(miopenTensorDescriptor_t *){
MIOpen(HIP): 	tensorDesc = 0
MIOpen(HIP): }
MIOpen(HIP): miopenStatus_t miopenSetTensorDescriptorV2(miopenTensorDescriptor_t, miopenDataType_t, int, const size_t *, const size_t *){
MIOpen(HIP): 	tensorDesc = {}, {}, packed, 
MIOpen(HIP): 	dataType = 0
MIOpen(HIP): 	nbDims = 4
MIOpen(HIP): 	dim.values = { 64 128 3 3 }
MIOpen(HIP): 	stride.values = { 1152 9 3 1 }
MIOpen(HIP): }
MIOpen(HIP): miopenStatus_t miopenCreateTensorDescriptor(miopenTensorDescriptor_t *){
MIOpen(HIP): 	tensorDesc = 0
MIOpen(HIP): }
MIOpen(HIP): miopenStatus_t miopenSetTensorDescriptorV2(miopenTensorDescriptor_t, miopenDataType_t, int, const size_t *, const size_t *){
MIOpen(HIP): 	tensorDesc = {}, {}, packed, 
MIOpen(HIP): 	dataType = 0
MIOpen(HIP): 	nbDims = 4
MIOpen(HIP): 	dim.values = { 64 64 128 128 }
MIOpen(HIP): 	stride.values = { 1048576 16384 128 1 }
MIOpen(HIP): }
MIOpen(HIP): miopenStatus_t miopenCreateConvolutionDescriptor(miopenConvolutionDescriptor_t *){
MIOpen(HIP): 	convDesc = 0
MIOpen(HIP): }
MIOpen(HIP): miopenStatus_t miopenInitConvolutionNdDescriptor(miopenConvolutionDescriptor_t, int, const int *, const int *, const int *, miopenConvolutionMode_t){
MIOpen(HIP): 	convDesc = conv2d, miopenConvolution, miopenPaddingDefault, {0, 0}, {1, 1}, {1, 1}, 
MIOpen(HIP): 	spatialDim = 2
MIOpen(HIP): 	pads = { 1 1 }
MIOpen(HIP): 	strides = { 1 1 }
MIOpen(HIP): 	dilations = { 1 1 }
MIOpen(HIP): 	c_mode = 0
MIOpen(HIP): }
MIOpen(HIP): miopenStatus_t miopenSetConvolutionGroupCount(miopenConvolutionDescriptor_t, int){
MIOpen(HIP): 	convDesc = conv2d, miopenConvolution, miopenPaddingDefault, {1, 1}, {1, 1}, {1, 1}, 
MIOpen(HIP): 	groupCount = 1
MIOpen(HIP): }
MIOpen(HIP): miopenStatus_t miopenSetConvolutionAttribute(miopenConvolutionDescriptor_t, const miopenConvolutionAttrib_t, const int){
MIOpen(HIP): 	convDesc = conv2d, miopenConvolution, miopenPaddingDefault, {1, 1}, {1, 1}, {1, 1}, 
MIOpen(HIP): 	attr = 1
MIOpen(HIP): 	value = 0
MIOpen(HIP): }
MIOpen(HIP): miopenStatus_t miopenConvolutionForward(miopenHandle_t, const void *, const miopenTensorDescriptor_t, const void *, const miopenTensorDescriptor_t, const void *, const miopenConvolutionDescriptor_t, miopenConvFwdAlgorithm_t, const void *, const miopenTensorDescriptor_t, void *, void *, size_t){
MIOpen(HIP): 	handle = stream: 0, device_id: 0
MIOpen(HIP): 	alpha = 0x7fff37062900
MIOpen(HIP): 	xDesc = {64, 128, 128, 128}, {2097152, 16384, 128, 1}, packed, 
MIOpen(HIP): 	x = 0x7cdd7f800000
MIOpen(HIP): 	wDesc = {64, 128, 3, 3}, {1152, 9, 3, 1}, packed, 
MIOpen(HIP): 	w = 0x7cdd78600000
MIOpen(HIP): 	convDesc = conv2d, miopenConvolution, miopenPaddingDefault, {1, 1}, {1, 1}, {1, 1}, 
MIOpen(HIP): 	algo = 3
MIOpen(HIP): 	beta = 0x7fff37062908
MIOpen(HIP): 	yDesc = {64, 64, 128, 128}, {1048576, 16384, 128, 1}, packed, 
MIOpen(HIP): 	y = 0x7cdd70400000
MIOpen(HIP): 	workSpace = 0x7cdd78624200
MIOpen(HIP): 	workSpaceSize = 2048
MIOpen(HIP): }
MIOpen(HIP): Command [LogCmdConvolution] ./bin/MIOpenDriver convfp16 -n 64 -c 128 -H 128 -W 128 -k 64 -y 3 -x 3 -p 1 -q 1 -u 1 -v 1 -l 1 -j 1 -m conv -g 1 -F 1 -t 1
MIOpen(HIP): Info [ConvolutionForward] algo = 3, workspace = 2048
MIOpen(HIP): Info2 [GetInvoker] Returning an invoker for problem 128x128x128x3x3x64x128x128x64xNCHWxFP16x1x1x1x1x1x1x1xFxDefault and algorithm miopenConvolutionFwdAlgoWinograd
MIOpen(HIP): Info2 [MakeGcnAsmWinoV2InvokerFactory]  N=64 C=128 H=128 W=128 K=64 R=3 S=3 pad_H=1 pad_W=1 out_H=128 out_W=128 G=1 alpha=0 beta=0 act_mode=0 d_offset=0 f_offset=0 o_offset=0 b_offset=0 d_N_stride=2097152 d_C_stride=16384 d_H_stride=128 d_G_stride=2097152 f_K_stride=1152 f_C_stride=9 f_R_stride=3 f_G_stride=73728 o_N_stride=1048576 o_K_stride=16384 o_H_stride=128 o_G_stride=1048576 n_groups=96 flags64=0xe200 sync_limit=0 sync_period=0
MIOpen(HIP): Info2 [run] kernel_name = miopenSp3AsmConvFury_v2_4_1_gfx11_1536vgprs_fp16_fp16acc_f2x3_c32_stride1, global_work_dim = { 36864, 1, 1 }, local_work_dim = { 384, 1, 1 }
MIOpen(HIP): miopenStatus_t miopenDestroyConvolutionDescriptor(miopenConvolutionDescriptor_t){
MIOpen(HIP): 	convDesc = conv2d, miopenConvolution, miopenPaddingDefault, {1, 1}, {1, 1}, {1, 1}, 
MIOpen(HIP): }
MIOpen(HIP): miopenStatus_t miopenDestroyTensorDescriptor(miopenTensorDescriptor_t){
MIOpen(HIP): 	tensorDesc = {64, 128, 3, 3}, {1152, 9, 3, 1}, packed, 
MIOpen(HIP): }
MIOpen(HIP): miopenStatus_t miopenDestroyTensorDescriptor(miopenTensorDescriptor_t){
MIOpen(HIP): 	tensorDesc = {64, 64, 128, 128}, {1048576, 16384, 128, 1}, packed, 
MIOpen(HIP): }
MIOpen(HIP): miopenStatus_t miopenDestroyTensorDescriptor(miopenTensorDescriptor_t){
MIOpen(HIP): 	tensorDesc = {64, 128, 128, 128}, {2097152, 16384, 128, 1}, packed, 
MIOpen(HIP): }
MIOpen(HIP): Info [get_device_name] Raw device name: gfx1100
MIOpen(HIP): Info [SetStream] stream: 0, device_id: 0
MIOpen(HIP): miopenStatus_t miopenCreateTensorDescriptor(miopenTensorDescriptor_t *){
MIOpen(HIP): 	tensorDesc = 0
MIOpen(HIP): }
MIOpen(HIP): miopenStatus_t miopenSetTensorDescriptorV2(miopenTensorDescriptor_t, miopenDataType_t, int, const size_t *, const size_t *){
MIOpen(HIP): 	tensorDesc = {}, {}, packed, 
MIOpen(HIP): 	dataType = 0
MIOpen(HIP): 	nbDims = 4
MIOpen(HIP): 	dim.values = { 64 128 128 128 }
MIOpen(HIP): 	stride.values = { 2097152 16384 128 1 }
MIOpen(HIP): }
MIOpen(HIP): miopenStatus_t miopenCreateTensorDescriptor(miopenTensorDescriptor_t *){
MIOpen(HIP): 	tensorDesc = 0
MIOpen(HIP): }
MIOpen(HIP): miopenStatus_t miopenSetTensorDescriptorV2(miopenTensorDescriptor_t, miopenDataType_t, int, const size_t *, const size_t *){
MIOpen(HIP): 	tensorDesc = {}, {}, packed, 
MIOpen(HIP): 	dataType = 0
MIOpen(HIP): 	nbDims = 4
MIOpen(HIP): 	dim.values = { 64 128 3 3 }
MIOpen(HIP): 	stride.values = { 1152 9 3 1 }
MIOpen(HIP): }
MIOpen(HIP): miopenStatus_t miopenCreateTensorDescriptor(miopenTensorDescriptor_t *){
MIOpen(HIP): 	tensorDesc = 0
MIOpen(HIP): }
MIOpen(HIP): miopenStatus_t miopenSetTensorDescriptorV2(miopenTensorDescriptor_t, miopenDataType_t, int, const size_t *, const size_t *){
MIOpen(HIP): 	tensorDesc = {}, {}, packed, 
MIOpen(HIP): 	dataType = 0
MIOpen(HIP): 	nbDims = 4
MIOpen(HIP): 	dim.values = { 64 64 128 128 }
MIOpen(HIP): 	stride.values = { 1048576 16384 128 1 }
MIOpen(HIP): }
MIOpen(HIP): miopenStatus_t miopenCreateConvolutionDescriptor(miopenConvolutionDescriptor_t *){
MIOpen(HIP): 	convDesc = 0
MIOpen(HIP): }
MIOpen(HIP): miopenStatus_t miopenInitConvolutionNdDescriptor(miopenConvolutionDescriptor_t, int, const int *, const int *, const int *, miopenConvolutionMode_t){
MIOpen(HIP): 	convDesc = conv2d, miopenConvolution, miopenPaddingDefault, {0, 0}, {1, 1}, {1, 1}, 
MIOpen(HIP): 	spatialDim = 2
MIOpen(HIP): 	pads = { 1 1 }
MIOpen(HIP): 	strides = { 1 1 }
MIOpen(HIP): 	dilations = { 1 1 }
MIOpen(HIP): 	c_mode = 0
MIOpen(HIP): }
MIOpen(HIP): miopenStatus_t miopenSetConvolutionGroupCount(miopenConvolutionDescriptor_t, int){
MIOpen(HIP): 	convDesc = conv2d, miopenConvolution, miopenPaddingDefault, {1, 1}, {1, 1}, {1, 1}, 
MIOpen(HIP): 	groupCount = 1
MIOpen(HIP): }
MIOpen(HIP): miopenStatus_t miopenSetConvolutionAttribute(miopenConvolutionDescriptor_t, const miopenConvolutionAttrib_t, const int){
MIOpen(HIP): 	convDesc = conv2d, miopenConvolution, miopenPaddingDefault, {1, 1}, {1, 1}, {1, 1}, 
MIOpen(HIP): 	attr = 1
MIOpen(HIP): 	value = 0
MIOpen(HIP): }
MIOpen(HIP): miopenStatus_t miopenConvolutionForward(miopenHandle_t, const void *, const miopenTensorDescriptor_t, const void *, const miopenTensorDescriptor_t, const void *, const miopenConvolutionDescriptor_t, miopenConvFwdAlgorithm_t, const void *, const miopenTensorDescriptor_t, void *, void *, size_t){
MIOpen(HIP): 	handle = stream: 0, device_id: 0
MIOpen(HIP): 	alpha = 0x7fff37062900
MIOpen(HIP): 	xDesc = {64, 128, 128, 128}, {2097152, 16384, 128, 1}, packed, 
MIOpen(HIP): 	x = 0x7cdd7f800000
MIOpen(HIP): 	wDesc = {64, 128, 3, 3}, {1152, 9, 3, 1}, packed, 
MIOpen(HIP): 	w = 0x7cdd78600000
MIOpen(HIP): 	convDesc = conv2d, miopenConvolution, miopenPaddingDefault, {1, 1}, {1, 1}, {1, 1}, 
MIOpen(HIP): 	algo = 3
MIOpen(HIP): 	beta = 0x7fff37062908
MIOpen(HIP): 	yDesc = {64, 64, 128, 128}, {1048576, 16384, 128, 1}, packed, 
MIOpen(HIP): 	y = 0x7cdd70400000
MIOpen(HIP): 	workSpace = 0x7cdd78624200
MIOpen(HIP): 	workSpaceSize = 2048
MIOpen(HIP): }
MIOpen(HIP): Command [LogCmdConvolution] ./bin/MIOpenDriver convfp16 -n 64 -c 128 -H 128 -W 128 -k 64 -y 3 -x 3 -p 1 -q 1 -u 1 -v 1 -l 1 -j 1 -m conv -g 1 -F 1 -t 1
MIOpen(HIP): Info [ConvolutionForward] algo = 3, workspace = 2048
MIOpen(HIP): Info2 [GetInvoker] Returning an invoker for problem 128x128x128x3x3x64x128x128x64xNCHWxFP16x1x1x1x1x1x1x1xFxDefault and algorithm miopenConvolutionFwdAlgoWinograd
MIOpen(HIP): Info2 [MakeGcnAsmWinoV2InvokerFactory]  N=64 C=128 H=128 W=128 K=64 R=3 S=3 pad_H=1 pad_W=1 out_H=128 out_W=128 G=1 alpha=0 beta=0 act_mode=0 d_offset=0 f_offset=0 o_offset=0 b_offset=0 d_N_stride=2097152 d_C_stride=16384 d_H_stride=128 d_G_stride=2097152 f_K_stride=1152 f_C_stride=9 f_R_stride=3 f_G_stride=73728 o_N_stride=1048576 o_K_stride=16384 o_H_stride=128 o_G_stride=1048576 n_groups=96 flags64=0xe200 sync_limit=0 sync_period=0
MIOpen(HIP): Info2 [run] kernel_name = miopenSp3AsmConvFury_v2_4_1_gfx11_1536vgprs_fp16_fp16acc_f2x3_c32_stride1, global_work_dim = { 36864, 1, 1 }, local_work_dim = { 384, 1, 1 }
MIOpen(HIP): miopenStatus_t miopenDestroyConvolutionDescriptor(miopenConvolutionDescriptor_t){
MIOpen(HIP): 	convDesc = conv2d, miopenConvolution, miopenPaddingDefault, {1, 1}, {1, 1}, {1, 1}, 
MIOpen(HIP): }
MIOpen(HIP): miopenStatus_t miopenDestroyTensorDescriptor(miopenTensorDescriptor_t){
MIOpen(HIP): 	tensorDesc = {64, 128, 3, 3}, {1152, 9, 3, 1}, packed, 
MIOpen(HIP): }
MIOpen(HIP): miopenStatus_t miopenDestroyTensorDescriptor(miopenTensorDescriptor_t){
MIOpen(HIP): 	tensorDesc = {64, 64, 128, 128}, {1048576, 16384, 128, 1}, packed, 
MIOpen(HIP): }
MIOpen(HIP): miopenStatus_t miopenDestroyTensorDescriptor(miopenTensorDescriptor_t){
MIOpen(HIP): 	tensorDesc = {64, 128, 128, 128}, {2097152, 16384, 128, 1}, packed, 
MIOpen(HIP): }
MIOpen(HIP): Info [get_device_name] Raw device name: gfx1100
MIOpen(HIP): Info [SetStream] stream: 0, device_id: 0
MIOpen(HIP): miopenStatus_t miopenCreateTensorDescriptor(miopenTensorDescriptor_t *){
MIOpen(HIP): 	tensorDesc = 0
MIOpen(HIP): }
MIOpen(HIP): miopenStatus_t miopenSetTensorDescriptorV2(miopenTensorDescriptor_t, miopenDataType_t, int, const size_t *, const size_t *){
MIOpen(HIP): 	tensorDesc = {}, {}, packed, 
MIOpen(HIP): 	dataType = 0
MIOpen(HIP): 	nbDims = 4
MIOpen(HIP): 	dim.values = { 64 128 128 128 }
MIOpen(HIP): 	stride.values = { 2097152 16384 128 1 }
MIOpen(HIP): }
MIOpen(HIP): miopenStatus_t miopenCreateTensorDescriptor(miopenTensorDescriptor_t *){
MIOpen(HIP): 	tensorDesc = 0
MIOpen(HIP): }
MIOpen(HIP): miopenStatus_t miopenSetTensorDescriptorV2(miopenTensorDescriptor_t, miopenDataType_t, int, const size_t *, const size_t *){
MIOpen(HIP): 	tensorDesc = {}, {}, packed, 
MIOpen(HIP): 	dataType = 0
MIOpen(HIP): 	nbDims = 4
MIOpen(HIP): 	dim.values = { 64 128 3 3 }
MIOpen(HIP): 	stride.values = { 1152 9 3 1 }
MIOpen(HIP): }
MIOpen(HIP): miopenStatus_t miopenCreateTensorDescriptor(miopenTensorDescriptor_t *){
MIOpen(HIP): 	tensorDesc = 0
MIOpen(HIP): }
MIOpen(HIP): miopenStatus_t miopenSetTensorDescriptorV2(miopenTensorDescriptor_t, miopenDataType_t, int, const size_t *, const size_t *){
MIOpen(HIP): 	tensorDesc = {}, {}, packed, 
MIOpen(HIP): 	dataType = 0
MIOpen(HIP): 	nbDims = 4
MIOpen(HIP): 	dim.values = { 64 64 128 128 }
MIOpen(HIP): 	stride.values = { 1048576 16384 128 1 }
MIOpen(HIP): }
MIOpen(HIP): miopenStatus_t miopenCreateConvolutionDescriptor(miopenConvolutionDescriptor_t *){
MIOpen(HIP): 	convDesc = 0
MIOpen(HIP): }
MIOpen(HIP): miopenStatus_t miopenInitConvolutionNdDescriptor(miopenConvolutionDescriptor_t, int, const int *, const int *, const int *, miopenConvolutionMode_t){
MIOpen(HIP): 	convDesc = conv2d, miopenConvolution, miopenPaddingDefault, {0, 0}, {1, 1}, {1, 1}, 
MIOpen(HIP): 	spatialDim = 2
MIOpen(HIP): 	pads = { 1 1 }
MIOpen(HIP): 	strides = { 1 1 }
MIOpen(HIP): 	dilations = { 1 1 }
MIOpen(HIP): 	c_mode = 0
MIOpen(HIP): }
MIOpen(HIP): miopenStatus_t miopenSetConvolutionGroupCount(miopenConvolutionDescriptor_t, int){
MIOpen(HIP): 	convDesc = conv2d, miopenConvolution, miopenPaddingDefault, {1, 1}, {1, 1}, {1, 1}, 
MIOpen(HIP): 	groupCount = 1
MIOpen(HIP): }
MIOpen(HIP): miopenStatus_t miopenSetConvolutionAttribute(miopenConvolutionDescriptor_t, const miopenConvolutionAttrib_t, const int){
MIOpen(HIP): 	convDesc = conv2d, miopenConvolution, miopenPaddingDefault, {1, 1}, {1, 1}, {1, 1}, 
MIOpen(HIP): 	attr = 1
MIOpen(HIP): 	value = 0
MIOpen(HIP): }
MIOpen(HIP): miopenStatus_t miopenConvolutionForward(miopenHandle_t, const void *, const miopenTensorDescriptor_t, const void *, const miopenTensorDescriptor_t, const void *, const miopenConvolutionDescriptor_t, miopenConvFwdAlgorithm_t, const void *, const miopenTensorDescriptor_t, void *, void *, size_t){
MIOpen(HIP): 	handle = stream: 0, device_id: 0
MIOpen(HIP): 	alpha = 0x7fff37062900
MIOpen(HIP): 	xDesc = {64, 128, 128, 128}, {2097152, 16384, 128, 1}, packed, 
MIOpen(HIP): 	x = 0x7cdd7f800000
MIOpen(HIP): 	wDesc = {64, 128, 3, 3}, {1152, 9, 3, 1}, packed, 
MIOpen(HIP): 	w = 0x7cdd78600000
MIOpen(HIP): 	convDesc = conv2d, miopenConvolution, miopenPaddingDefault, {1, 1}, {1, 1}, {1, 1}, 
MIOpen(HIP): 	algo = 3
MIOpen(HIP): 	beta = 0x7fff37062908
MIOpen(HIP): 	yDesc = {64, 64, 128, 128}, {1048576, 16384, 128, 1}, packed, 
MIOpen(HIP): 	y = 0x7cdd70400000
MIOpen(HIP): 	workSpace = 0x7cdd78624200
MIOpen(HIP): 	workSpaceSize = 2048
MIOpen(HIP): }
MIOpen(HIP): Command [LogCmdConvolution] ./bin/MIOpenDriver convfp16 -n 64 -c 128 -H 128 -W 128 -k 64 -y 3 -x 3 -p 1 -q 1 -u 1 -v 1 -l 1 -j 1 -m conv -g 1 -F 1 -t 1
MIOpen(HIP): Info [ConvolutionForward] algo = 3, workspace = 2048
MIOpen(HIP): Info2 [GetInvoker] Returning an invoker for problem 128x128x128x3x3x64x128x128x64xNCHWxFP16x1x1x1x1x1x1x1xFxDefault and algorithm miopenConvolutionFwdAlgoWinograd
MIOpen(HIP): Info2 [MakeGcnAsmWinoV2InvokerFactory]  N=64 C=128 H=128 W=128 K=64 R=3 S=3 pad_H=1 pad_W=1 out_H=128 out_W=128 G=1 alpha=0 beta=0 act_mode=0 d_offset=0 f_offset=0 o_offset=0 b_offset=0 d_N_stride=2097152 d_C_stride=16384 d_H_stride=128 d_G_stride=2097152 f_K_stride=1152 f_C_stride=9 f_R_stride=3 f_G_stride=73728 o_N_stride=1048576 o_K_stride=16384 o_H_stride=128 o_G_stride=1048576 n_groups=96 flags64=0xe200 sync_limit=0 sync_period=0
MIOpen(HIP): Info2 [run] kernel_name = miopenSp3AsmConvFury_v2_4_1_gfx11_1536vgprs_fp16_fp16acc_f2x3_c32_stride1, global_work_dim = { 36864, 1, 1 }, local_work_dim = { 384, 1, 1 }
MIOpen(HIP): miopenStatus_t miopenDestroyConvolutionDescriptor(miopenConvolutionDescriptor_t){
MIOpen(HIP): 	convDesc = conv2d, miopenConvolution, miopenPaddingDefault, {1, 1}, {1, 1}, {1, 1}, 
MIOpen(HIP): }
MIOpen(HIP): miopenStatus_t miopenDestroyTensorDescriptor(miopenTensorDescriptor_t){
MIOpen(HIP): 	tensorDesc = {64, 128, 3, 3}, {1152, 9, 3, 1}, packed, 
MIOpen(HIP): }
MIOpen(HIP): miopenStatus_t miopenDestroyTensorDescriptor(miopenTensorDescriptor_t){
MIOpen(HIP): 	tensorDesc = {64, 64, 128, 128}, {1048576, 16384, 128, 1}, packed, 
MIOpen(HIP): }
MIOpen(HIP): miopenStatus_t miopenDestroyTensorDescriptor(miopenTensorDescriptor_t){
MIOpen(HIP): 	tensorDesc = {64, 128, 128, 128}, {2097152, 16384, 128, 1}, packed, 
MIOpen(HIP): }
MIOpen(HIP): Info [get_device_name] Raw device name: gfx1100
MIOpen(HIP): Info [SetStream] stream: 0, device_id: 0
MIOpen(HIP): miopenStatus_t miopenCreateTensorDescriptor(miopenTensorDescriptor_t *){
MIOpen(HIP): 	tensorDesc = 0
MIOpen(HIP): }
MIOpen(HIP): miopenStatus_t miopenSetTensorDescriptorV2(miopenTensorDescriptor_t, miopenDataType_t, int, const size_t *, const size_t *){
MIOpen(HIP): 	tensorDesc = {}, {}, packed, 
MIOpen(HIP): 	dataType = 0
MIOpen(HIP): 	nbDims = 4
MIOpen(HIP): 	dim.values = { 64 128 128 128 }
MIOpen(HIP): 	stride.values = { 2097152 16384 128 1 }
MIOpen(HIP): }
MIOpen(HIP): miopenStatus_t miopenCreateTensorDescriptor(miopenTensorDescriptor_t *){
MIOpen(HIP): 	tensorDesc = 0
MIOpen(HIP): }
MIOpen(HIP): miopenStatus_t miopenSetTensorDescriptorV2(miopenTensorDescriptor_t, miopenDataType_t, int, const size_t *, const size_t *){
MIOpen(HIP): 	tensorDesc = {}, {}, packed, 
MIOpen(HIP): 	dataType = 0
MIOpen(HIP): 	nbDims = 4
MIOpen(HIP): 	dim.values = { 64 128 3 3 }
MIOpen(HIP): 	stride.values = { 1152 9 3 1 }
MIOpen(HIP): }
MIOpen(HIP): miopenStatus_t miopenCreateTensorDescriptor(miopenTensorDescriptor_t *){
MIOpen(HIP): 	tensorDesc = 0
MIOpen(HIP): }
MIOpen(HIP): miopenStatus_t miopenSetTensorDescriptorV2(miopenTensorDescriptor_t, miopenDataType_t, int, const size_t *, const size_t *){
MIOpen(HIP): 	tensorDesc = {}, {}, packed, 
MIOpen(HIP): 	dataType = 0
MIOpen(HIP): 	nbDims = 4
MIOpen(HIP): 	dim.values = { 64 64 128 128 }
MIOpen(HIP): 	stride.values = { 1048576 16384 128 1 }
MIOpen(HIP): }
MIOpen(HIP): miopenStatus_t miopenCreateConvolutionDescriptor(miopenConvolutionDescriptor_t *){
MIOpen(HIP): 	convDesc = 0
MIOpen(HIP): }
MIOpen(HIP): miopenStatus_t miopenInitConvolutionNdDescriptor(miopenConvolutionDescriptor_t, int, const int *, const int *, const int *, miopenConvolutionMode_t){
MIOpen(HIP): 	convDesc = conv2d, miopenConvolution, miopenPaddingDefault, {0, 0}, {1, 1}, {1, 1}, 
MIOpen(HIP): 	spatialDim = 2
MIOpen(HIP): 	pads = { 1 1 }
MIOpen(HIP): 	strides = { 1 1 }
MIOpen(HIP): 	dilations = { 1 1 }
MIOpen(HIP): 	c_mode = 0
MIOpen(HIP): }
MIOpen(HIP): miopenStatus_t miopenSetConvolutionGroupCount(miopenConvolutionDescriptor_t, int){
MIOpen(HIP): 	convDesc = conv2d, miopenConvolution, miopenPaddingDefault, {1, 1}, {1, 1}, {1, 1}, 
MIOpen(HIP): 	groupCount = 1
MIOpen(HIP): }
MIOpen(HIP): miopenStatus_t miopenSetConvolutionAttribute(miopenConvolutionDescriptor_t, const miopenConvolutionAttrib_t, const int){
MIOpen(HIP): 	convDesc = conv2d, miopenConvolution, miopenPaddingDefault, {1, 1}, {1, 1}, {1, 1}, 
MIOpen(HIP): 	attr = 1
MIOpen(HIP): 	value = 0
MIOpen(HIP): }
MIOpen(HIP): miopenStatus_t miopenConvolutionForward(miopenHandle_t, const void *, const miopenTensorDescriptor_t, const void *, const miopenTensorDescriptor_t, const void *, const miopenConvolutionDescriptor_t, miopenConvFwdAlgorithm_t, const void *, const miopenTensorDescriptor_t, void *, void *, size_t){
MIOpen(HIP): 	handle = stream: 0, device_id: 0
MIOpen(HIP): 	alpha = 0x7fff37062900
MIOpen(HIP): 	xDesc = {64, 128, 128, 128}, {2097152, 16384, 128, 1}, packed, 
MIOpen(HIP): 	x = 0x7cdd7f800000
MIOpen(HIP): 	wDesc = {64, 128, 3, 3}, {1152, 9, 3, 1}, packed, 
MIOpen(HIP): 	w = 0x7cdd78600000
MIOpen(HIP): 	convDesc = conv2d, miopenConvolution, miopenPaddingDefault, {1, 1}, {1, 1}, {1, 1}, 
MIOpen(HIP): 	algo = 3
MIOpen(HIP): 	beta = 0x7fff37062908
MIOpen(HIP): 	yDesc = {64, 64, 128, 128}, {1048576, 16384, 128, 1}, packed, 
MIOpen(HIP): 	y = 0x7cdd70400000
MIOpen(HIP): 	workSpace = 0x7cdd78624200
MIOpen(HIP): 	workSpaceSize = 2048
MIOpen(HIP): }
MIOpen(HIP): Command [LogCmdConvolution] ./bin/MIOpenDriver convfp16 -n 64 -c 128 -H 128 -W 128 -k 64 -y 3 -x 3 -p 1 -q 1 -u 1 -v 1 -l 1 -j 1 -m conv -g 1 -F 1 -t 1
MIOpen(HIP): Info [ConvolutionForward] algo = 3, workspace = 2048
MIOpen(HIP): Info2 [GetInvoker] Returning an invoker for problem 128x128x128x3x3x64x128x128x64xNCHWxFP16x1x1x1x1x1x1x1xFxDefault and algorithm miopenConvolutionFwdAlgoWinograd
MIOpen(HIP): Info2 [MakeGcnAsmWinoV2InvokerFactory]  N=64 C=128 H=128 W=128 K=64 R=3 S=3 pad_H=1 pad_W=1 out_H=128 out_W=128 G=1 alpha=0 beta=0 act_mode=0 d_offset=0 f_offset=0 o_offset=0 b_offset=0 d_N_stride=2097152 d_C_stride=16384 d_H_stride=128 d_G_stride=2097152 f_K_stride=1152 f_C_stride=9 f_R_stride=3 f_G_stride=73728 o_N_stride=1048576 o_K_stride=16384 o_H_stride=128 o_G_stride=1048576 n_groups=96 flags64=0xe200 sync_limit=0 sync_period=0
MIOpen(HIP): Info2 [run] kernel_name = miopenSp3AsmConvFury_v2_4_1_gfx11_1536vgprs_fp16_fp16acc_f2x3_c32_stride1, global_work_dim = { 36864, 1, 1 }, local_work_dim = { 384, 1, 1 }
MIOpen(HIP): miopenStatus_t miopenDestroyConvolutionDescriptor(miopenConvolutionDescriptor_t){
MIOpen(HIP): 	convDesc = conv2d, miopenConvolution, miopenPaddingDefault, {1, 1}, {1, 1}, {1, 1}, 
MIOpen(HIP): }
MIOpen(HIP): miopenStatus_t miopenDestroyTensorDescriptor(miopenTensorDescriptor_t){
MIOpen(HIP): 	tensorDesc = {64, 128, 3, 3}, {1152, 9, 3, 1}, packed, 
MIOpen(HIP): }
MIOpen(HIP): miopenStatus_t miopenDestroyTensorDescriptor(miopenTensorDescriptor_t){
MIOpen(HIP): 	tensorDesc = {64, 64, 128, 128}, {1048576, 16384, 128, 1}, packed, 
MIOpen(HIP): }
MIOpen(HIP): miopenStatus_t miopenDestroyTensorDescriptor(miopenTensorDescriptor_t){
MIOpen(HIP): 	tensorDesc = {64, 128, 128, 128}, {2097152, 16384, 128, 1}, packed, 
MIOpen(HIP): }
MIOpen(HIP): Info [get_device_name] Raw device name: gfx1100
MIOpen(HIP): Info [SetStream] stream: 0, device_id: 0
MIOpen(HIP): miopenStatus_t miopenCreateTensorDescriptor(miopenTensorDescriptor_t *){
MIOpen(HIP): 	tensorDesc = 0
MIOpen(HIP): }
MIOpen(HIP): miopenStatus_t miopenSetTensorDescriptorV2(miopenTensorDescriptor_t, miopenDataType_t, int, const size_t *, const size_t *){
MIOpen(HIP): 	tensorDesc = {}, {}, packed, 
MIOpen(HIP): 	dataType = 0
MIOpen(HIP): 	nbDims = 4
MIOpen(HIP): 	dim.values = { 64 128 128 128 }
MIOpen(HIP): 	stride.values = { 2097152 16384 128 1 }
MIOpen(HIP): }
MIOpen(HIP): miopenStatus_t miopenCreateTensorDescriptor(miopenTensorDescriptor_t *){
MIOpen(HIP): 	tensorDesc = 0
MIOpen(HIP): }
MIOpen(HIP): miopenStatus_t miopenSetTensorDescriptorV2(miopenTensorDescriptor_t, miopenDataType_t, int, const size_t *, const size_t *){
MIOpen(HIP): 	tensorDesc = {}, {}, packed, 
MIOpen(HIP): 	dataType = 0
MIOpen(HIP): 	nbDims = 4
MIOpen(HIP): 	dim.values = { 64 128 3 3 }
MIOpen(HIP): 	stride.values = { 1152 9 3 1 }
MIOpen(HIP): }
MIOpen(HIP): miopenStatus_t miopenCreateTensorDescriptor(miopenTensorDescriptor_t *){
MIOpen(HIP): 	tensorDesc = 0
MIOpen(HIP): }
MIOpen(HIP): miopenStatus_t miopenSetTensorDescriptorV2(miopenTensorDescriptor_t, miopenDataType_t, int, const size_t *, const size_t *){
MIOpen(HIP): 	tensorDesc = {}, {}, packed, 
MIOpen(HIP): 	dataType = 0
MIOpen(HIP): 	nbDims = 4
MIOpen(HIP): 	dim.values = { 64 64 128 128 }
MIOpen(HIP): 	stride.values = { 1048576 16384 128 1 }
MIOpen(HIP): }
MIOpen(HIP): miopenStatus_t miopenCreateConvolutionDescriptor(miopenConvolutionDescriptor_t *){
MIOpen(HIP): 	convDesc = 0
MIOpen(HIP): }
MIOpen(HIP): miopenStatus_t miopenInitConvolutionNdDescriptor(miopenConvolutionDescriptor_t, int, const int *, const int *, const int *, miopenConvolutionMode_t){
MIOpen(HIP): 	convDesc = conv2d, miopenConvolution, miopenPaddingDefault, {0, 0}, {1, 1}, {1, 1}, 
MIOpen(HIP): 	spatialDim = 2
MIOpen(HIP): 	pads = { 1 1 }
MIOpen(HIP): 	strides = { 1 1 }
MIOpen(HIP): 	dilations = { 1 1 }
MIOpen(HIP): 	c_mode = 0
MIOpen(HIP): }
MIOpen(HIP): miopenStatus_t miopenSetConvolutionGroupCount(miopenConvolutionDescriptor_t, int){
MIOpen(HIP): 	convDesc = conv2d, miopenConvolution, miopenPaddingDefault, {1, 1}, {1, 1}, {1, 1}, 
MIOpen(HIP): 	groupCount = 1
MIOpen(HIP): }
MIOpen(HIP): miopenStatus_t miopenSetConvolutionAttribute(miopenConvolutionDescriptor_t, const miopenConvolutionAttrib_t, const int){
MIOpen(HIP): 	convDesc = conv2d, miopenConvolution, miopenPaddingDefault, {1, 1}, {1, 1}, {1, 1}, 
MIOpen(HIP): 	attr = 1
MIOpen(HIP): 	value = 0
MIOpen(HIP): }
MIOpen(HIP): miopenStatus_t miopenConvolutionForward(miopenHandle_t, const void *, const miopenTensorDescriptor_t, const void *, const miopenTensorDescriptor_t, const void *, const miopenConvolutionDescriptor_t, miopenConvFwdAlgorithm_t, const void *, const miopenTensorDescriptor_t, void *, void *, size_t){
MIOpen(HIP): 	handle = stream: 0, device_id: 0
MIOpen(HIP): 	alpha = 0x7fff37062900
MIOpen(HIP): 	xDesc = {64, 128, 128, 128}, {2097152, 16384, 128, 1}, packed, 
MIOpen(HIP): 	x = 0x7cdd7f800000
MIOpen(HIP): 	wDesc = {64, 128, 3, 3}, {1152, 9, 3, 1}, packed, 
MIOpen(HIP): 	w = 0x7cdd78600000
MIOpen(HIP): 	convDesc = conv2d, miopenConvolution, miopenPaddingDefault, {1, 1}, {1, 1}, {1, 1}, 
MIOpen(HIP): 	algo = 3
MIOpen(HIP): 	beta = 0x7fff37062908
MIOpen(HIP): 	yDesc = {64, 64, 128, 128}, {1048576, 16384, 128, 1}, packed, 
MIOpen(HIP): 	y = 0x7cdd70400000
MIOpen(HIP): 	workSpace = 0x7cdd78624200
MIOpen(HIP): 	workSpaceSize = 2048
MIOpen(HIP): }
MIOpen(HIP): Command [LogCmdConvolution] ./bin/MIOpenDriver convfp16 -n 64 -c 128 -H 128 -W 128 -k 64 -y 3 -x 3 -p 1 -q 1 -u 1 -v 1 -l 1 -j 1 -m conv -g 1 -F 1 -t 1
MIOpen(HIP): Info [ConvolutionForward] algo = 3, workspace = 2048
MIOpen(HIP): Info2 [GetInvoker] Returning an invoker for problem 128x128x128x3x3x64x128x128x64xNCHWxFP16x1x1x1x1x1x1x1xFxDefault and algorithm miopenConvolutionFwdAlgoWinograd
MIOpen(HIP): Info2 [MakeGcnAsmWinoV2InvokerFactory]  N=64 C=128 H=128 W=128 K=64 R=3 S=3 pad_H=1 pad_W=1 out_H=128 out_W=128 G=1 alpha=0 beta=0 act_mode=0 d_offset=0 f_offset=0 o_offset=0 b_offset=0 d_N_stride=2097152 d_C_stride=16384 d_H_stride=128 d_G_stride=2097152 f_K_stride=1152 f_C_stride=9 f_R_stride=3 f_G_stride=73728 o_N_stride=1048576 o_K_stride=16384 o_H_stride=128 o_G_stride=1048576 n_groups=96 flags64=0xe200 sync_limit=0 sync_period=0
MIOpen(HIP): Info2 [run] kernel_name = miopenSp3AsmConvFury_v2_4_1_gfx11_1536vgprs_fp16_fp16acc_f2x3_c32_stride1, global_work_dim = { 36864, 1, 1 }, local_work_dim = { 384, 1, 1 }
MIOpen(HIP): miopenStatus_t miopenDestroyConvolutionDescriptor(miopenConvolutionDescriptor_t){
MIOpen(HIP): 	convDesc = conv2d, miopenConvolution, miopenPaddingDefault, {1, 1}, {1, 1}, {1, 1}, 
MIOpen(HIP): }
MIOpen(HIP): miopenStatus_t miopenDestroyTensorDescriptor(miopenTensorDescriptor_t){
MIOpen(HIP): 	tensorDesc = {64, 128, 3, 3}, {1152, 9, 3, 1}, packed, 
MIOpen(HIP): }
MIOpen(HIP): miopenStatus_t miopenDestroyTensorDescriptor(miopenTensorDescriptor_t){
MIOpen(HIP): 	tensorDesc = {64, 64, 128, 128}, {1048576, 16384, 128, 1}, packed, 
MIOpen(HIP): }
MIOpen(HIP): miopenStatus_t miopenDestroyTensorDescriptor(miopenTensorDescriptor_t){
MIOpen(HIP): 	tensorDesc = {64, 128, 128, 128}, {2097152, 16384, 128, 1}, packed, 
MIOpen(HIP): }
MIOpen(HIP): Info [get_device_name] Raw device name: gfx1100
MIOpen(HIP): Info [SetStream] stream: 0, device_id: 0
MIOpen(HIP): miopenStatus_t miopenCreateTensorDescriptor(miopenTensorDescriptor_t *){
MIOpen(HIP): 	tensorDesc = 0
MIOpen(HIP): }
MIOpen(HIP): miopenStatus_t miopenSetTensorDescriptorV2(miopenTensorDescriptor_t, miopenDataType_t, int, const size_t *, const size_t *){
MIOpen(HIP): 	tensorDesc = {}, {}, packed, 
MIOpen(HIP): 	dataType = 0
MIOpen(HIP): 	nbDims = 4
MIOpen(HIP): 	dim.values = { 64 128 128 128 }
MIOpen(HIP): 	stride.values = { 2097152 16384 128 1 }
MIOpen(HIP): }
MIOpen(HIP): miopenStatus_t miopenCreateTensorDescriptor(miopenTensorDescriptor_t *){
MIOpen(HIP): 	tensorDesc = 0
MIOpen(HIP): }
MIOpen(HIP): miopenStatus_t miopenSetTensorDescriptorV2(miopenTensorDescriptor_t, miopenDataType_t, int, const size_t *, const size_t *){
MIOpen(HIP): 	tensorDesc = {}, {}, packed, 
MIOpen(HIP): 	dataType = 0
MIOpen(HIP): 	nbDims = 4
MIOpen(HIP): 	dim.values = { 64 128 3 3 }
MIOpen(HIP): 	stride.values = { 1152 9 3 1 }
MIOpen(HIP): }
MIOpen(HIP): miopenStatus_t miopenCreateTensorDescriptor(miopenTensorDescriptor_t *){
MIOpen(HIP): 	tensorDesc = 0
MIOpen(HIP): }
MIOpen(HIP): miopenStatus_t miopenSetTensorDescriptorV2(miopenTensorDescriptor_t, miopenDataType_t, int, const size_t *, const size_t *){
MIOpen(HIP): 	tensorDesc = {}, {}, packed, 
MIOpen(HIP): 	dataType = 0
MIOpen(HIP): 	nbDims = 4
MIOpen(HIP): 	dim.values = { 64 64 128 128 }
MIOpen(HIP): 	stride.values = { 1048576 16384 128 1 }
MIOpen(HIP): }
MIOpen(HIP): miopenStatus_t miopenCreateConvolutionDescriptor(miopenConvolutionDescriptor_t *){
MIOpen(HIP): 	convDesc = 0
MIOpen(HIP): }
MIOpen(HIP): miopenStatus_t miopenInitConvolutionNdDescriptor(miopenConvolutionDescriptor_t, int, const int *, const int *, const int *, miopenConvolutionMode_t){
MIOpen(HIP): 	convDesc = conv2d, miopenConvolution, miopenPaddingDefault, {0, 0}, {1, 1}, {1, 1}, 
MIOpen(HIP): 	spatialDim = 2
MIOpen(HIP): 	pads = { 1 1 }
MIOpen(HIP): 	strides = { 1 1 }
MIOpen(HIP): 	dilations = { 1 1 }
MIOpen(HIP): 	c_mode = 0
MIOpen(HIP): }
MIOpen(HIP): miopenStatus_t miopenSetConvolutionGroupCount(miopenConvolutionDescriptor_t, int){
MIOpen(HIP): 	convDesc = conv2d, miopenConvolution, miopenPaddingDefault, {1, 1}, {1, 1}, {1, 1}, 
MIOpen(HIP): 	groupCount = 1
MIOpen(HIP): }
MIOpen(HIP): miopenStatus_t miopenSetConvolutionAttribute(miopenConvolutionDescriptor_t, const miopenConvolutionAttrib_t, const int){
MIOpen(HIP): 	convDesc = conv2d, miopenConvolution, miopenPaddingDefault, {1, 1}, {1, 1}, {1, 1}, 
MIOpen(HIP): 	attr = 1
MIOpen(HIP): 	value = 0
MIOpen(HIP): }
MIOpen(HIP): miopenStatus_t miopenConvolutionForward(miopenHandle_t, const void *, const miopenTensorDescriptor_t, const void *, const miopenTensorDescriptor_t, const void *, const miopenConvolutionDescriptor_t, miopenConvFwdAlgorithm_t, const void *, const miopenTensorDescriptor_t, void *, void *, size_t){
MIOpen(HIP): 	handle = stream: 0, device_id: 0
MIOpen(HIP): 	alpha = 0x7fff37062900
MIOpen(HIP): 	xDesc = {64, 128, 128, 128}, {2097152, 16384, 128, 1}, packed, 
MIOpen(HIP): 	x = 0x7cdd7f800000
MIOpen(HIP): 	wDesc = {64, 128, 3, 3}, {1152, 9, 3, 1}, packed, 
MIOpen(HIP): 	w = 0x7cdd78600000
MIOpen(HIP): 	convDesc = conv2d, miopenConvolution, miopenPaddingDefault, {1, 1}, {1, 1}, {1, 1}, 
MIOpen(HIP): 	algo = 3
MIOpen(HIP): 	beta = 0x7fff37062908
MIOpen(HIP): 	yDesc = {64, 64, 128, 128}, {1048576, 16384, 128, 1}, packed, 
MIOpen(HIP): 	y = 0x7cdd70400000
MIOpen(HIP): 	workSpace = 0x7cdd78624200
MIOpen(HIP): 	workSpaceSize = 2048
MIOpen(HIP): }
MIOpen(HIP): Command [LogCmdConvolution] ./bin/MIOpenDriver convfp16 -n 64 -c 128 -H 128 -W 128 -k 64 -y 3 -x 3 -p 1 -q 1 -u 1 -v 1 -l 1 -j 1 -m conv -g 1 -F 1 -t 1
MIOpen(HIP): Info [ConvolutionForward] algo = 3, workspace = 2048
MIOpen(HIP): Info2 [GetInvoker] Returning an invoker for problem 128x128x128x3x3x64x128x128x64xNCHWxFP16x1x1x1x1x1x1x1xFxDefault and algorithm miopenConvolutionFwdAlgoWinograd
MIOpen(HIP): Info2 [MakeGcnAsmWinoV2InvokerFactory]  N=64 C=128 H=128 W=128 K=64 R=3 S=3 pad_H=1 pad_W=1 out_H=128 out_W=128 G=1 alpha=0 beta=0 act_mode=0 d_offset=0 f_offset=0 o_offset=0 b_offset=0 d_N_stride=2097152 d_C_stride=16384 d_H_stride=128 d_G_stride=2097152 f_K_stride=1152 f_C_stride=9 f_R_stride=3 f_G_stride=73728 o_N_stride=1048576 o_K_stride=16384 o_H_stride=128 o_G_stride=1048576 n_groups=96 flags64=0xe200 sync_limit=0 sync_period=0
MIOpen(HIP): Info2 [run] kernel_name = miopenSp3AsmConvFury_v2_4_1_gfx11_1536vgprs_fp16_fp16acc_f2x3_c32_stride1, global_work_dim = { 36864, 1, 1 }, local_work_dim = { 384, 1, 1 }
MIOpen(HIP): miopenStatus_t miopenDestroyConvolutionDescriptor(miopenConvolutionDescriptor_t){
MIOpen(HIP): 	convDesc = conv2d, miopenConvolution, miopenPaddingDefault, {1, 1}, {1, 1}, {1, 1}, 
MIOpen(HIP): }
MIOpen(HIP): miopenStatus_t miopenDestroyTensorDescriptor(miopenTensorDescriptor_t){
MIOpen(HIP): 	tensorDesc = {64, 128, 3, 3}, {1152, 9, 3, 1}, packed, 
MIOpen(HIP): }
MIOpen(HIP): miopenStatus_t miopenDestroyTensorDescriptor(miopenTensorDescriptor_t){
MIOpen(HIP): 	tensorDesc = {64, 64, 128, 128}, {1048576, 16384, 128, 1}, packed, 
MIOpen(HIP): }
MIOpen(HIP): miopenStatus_t miopenDestroyTensorDescriptor(miopenTensorDescriptor_t){
MIOpen(HIP): 	tensorDesc = {64, 128, 128, 128}, {2097152, 16384, 128, 1}, packed, 
MIOpen(HIP): }
MIOpen(HIP): Info [get_device_name] Raw device name: gfx1100
MIOpen(HIP): Info [SetStream] stream: 0, device_id: 0
MIOpen(HIP): miopenStatus_t miopenCreateTensorDescriptor(miopenTensorDescriptor_t *){
MIOpen(HIP): 	tensorDesc = 0
MIOpen(HIP): }
MIOpen(HIP): miopenStatus_t miopenSetTensorDescriptorV2(miopenTensorDescriptor_t, miopenDataType_t, int, const size_t *, const size_t *){
MIOpen(HIP): 	tensorDesc = {}, {}, packed, 
MIOpen(HIP): 	dataType = 0
MIOpen(HIP): 	nbDims = 4
MIOpen(HIP): 	dim.values = { 64 128 128 128 }
MIOpen(HIP): 	stride.values = { 2097152 16384 128 1 }
MIOpen(HIP): }
MIOpen(HIP): miopenStatus_t miopenCreateTensorDescriptor(miopenTensorDescriptor_t *){
MIOpen(HIP): 	tensorDesc = 0
MIOpen(HIP): }
MIOpen(HIP): miopenStatus_t miopenSetTensorDescriptorV2(miopenTensorDescriptor_t, miopenDataType_t, int, const size_t *, const size_t *){
MIOpen(HIP): 	tensorDesc = {}, {}, packed, 
MIOpen(HIP): 	dataType = 0
MIOpen(HIP): 	nbDims = 4
MIOpen(HIP): 	dim.values = { 64 128 3 3 }
MIOpen(HIP): 	stride.values = { 1152 9 3 1 }
MIOpen(HIP): }
MIOpen(HIP): miopenStatus_t miopenCreateTensorDescriptor(miopenTensorDescriptor_t *){
MIOpen(HIP): 	tensorDesc = 0
MIOpen(HIP): }
MIOpen(HIP): miopenStatus_t miopenSetTensorDescriptorV2(miopenTensorDescriptor_t, miopenDataType_t, int, const size_t *, const size_t *){
MIOpen(HIP): 	tensorDesc = {}, {}, packed, 
MIOpen(HIP): 	dataType = 0
MIOpen(HIP): 	nbDims = 4
MIOpen(HIP): 	dim.values = { 64 64 128 128 }
MIOpen(HIP): 	stride.values = { 1048576 16384 128 1 }
MIOpen(HIP): }
MIOpen(HIP): miopenStatus_t miopenCreateConvolutionDescriptor(miopenConvolutionDescriptor_t *){
MIOpen(HIP): 	convDesc = 0
MIOpen(HIP): }
MIOpen(HIP): miopenStatus_t miopenInitConvolutionNdDescriptor(miopenConvolutionDescriptor_t, int, const int *, const int *, const int *, miopenConvolutionMode_t){
MIOpen(HIP): 	convDesc = conv2d, miopenConvolution, miopenPaddingDefault, {0, 0}, {1, 1}, {1, 1}, 
MIOpen(HIP): 	spatialDim = 2
MIOpen(HIP): 	pads = { 1 1 }
MIOpen(HIP): 	strides = { 1 1 }
MIOpen(HIP): 	dilations = { 1 1 }
MIOpen(HIP): 	c_mode = 0
MIOpen(HIP): }
MIOpen(HIP): miopenStatus_t miopenSetConvolutionGroupCount(miopenConvolutionDescriptor_t, int){
MIOpen(HIP): 	convDesc = conv2d, miopenConvolution, miopenPaddingDefault, {1, 1}, {1, 1}, {1, 1}, 
MIOpen(HIP): 	groupCount = 1
MIOpen(HIP): }
MIOpen(HIP): miopenStatus_t miopenSetConvolutionAttribute(miopenConvolutionDescriptor_t, const miopenConvolutionAttrib_t, const int){
MIOpen(HIP): 	convDesc = conv2d, miopenConvolution, miopenPaddingDefault, {1, 1}, {1, 1}, {1, 1}, 
MIOpen(HIP): 	attr = 1
MIOpen(HIP): 	value = 0
MIOpen(HIP): }
MIOpen(HIP): miopenStatus_t miopenConvolutionForward(miopenHandle_t, const void *, const miopenTensorDescriptor_t, const void *, const miopenTensorDescriptor_t, const void *, const miopenConvolutionDescriptor_t, miopenConvFwdAlgorithm_t, const void *, const miopenTensorDescriptor_t, void *, void *, size_t){
MIOpen(HIP): 	handle = stream: 0, device_id: 0
MIOpen(HIP): 	alpha = 0x7fff37062900
MIOpen(HIP): 	xDesc = {64, 128, 128, 128}, {2097152, 16384, 128, 1}, packed, 
MIOpen(HIP): 	x = 0x7cdd7f800000
MIOpen(HIP): 	wDesc = {64, 128, 3, 3}, {1152, 9, 3, 1}, packed, 
MIOpen(HIP): 	w = 0x7cdd78600000
MIOpen(HIP): 	convDesc = conv2d, miopenConvolution, miopenPaddingDefault, {1, 1}, {1, 1}, {1, 1}, 
MIOpen(HIP): 	algo = 3
MIOpen(HIP): 	beta = 0x7fff37062908
MIOpen(HIP): 	yDesc = {64, 64, 128, 128}, {1048576, 16384, 128, 1}, packed, 
MIOpen(HIP): 	y = 0x7cdd70400000
MIOpen(HIP): 	workSpace = 0x7cdd78624200
MIOpen(HIP): 	workSpaceSize = 2048
MIOpen(HIP): }
MIOpen(HIP): Command [LogCmdConvolution] ./bin/MIOpenDriver convfp16 -n 64 -c 128 -H 128 -W 128 -k 64 -y 3 -x 3 -p 1 -q 1 -u 1 -v 1 -l 1 -j 1 -m conv -g 1 -F 1 -t 1
MIOpen(HIP): Info [ConvolutionForward] algo = 3, workspace = 2048
MIOpen(HIP): Info2 [GetInvoker] Returning an invoker for problem 128x128x128x3x3x64x128x128x64xNCHWxFP16x1x1x1x1x1x1x1xFxDefault and algorithm miopenConvolutionFwdAlgoWinograd
MIOpen(HIP): Info2 [MakeGcnAsmWinoV2InvokerFactory]  N=64 C=128 H=128 W=128 K=64 R=3 S=3 pad_H=1 pad_W=1 out_H=128 out_W=128 G=1 alpha=0 beta=0 act_mode=0 d_offset=0 f_offset=0 o_offset=0 b_offset=0 d_N_stride=2097152 d_C_stride=16384 d_H_stride=128 d_G_stride=2097152 f_K_stride=1152 f_C_stride=9 f_R_stride=3 f_G_stride=73728 o_N_stride=1048576 o_K_stride=16384 o_H_stride=128 o_G_stride=1048576 n_groups=96 flags64=0xe200 sync_limit=0 sync_period=0
MIOpen(HIP): Info2 [run] kernel_name = miopenSp3AsmConvFury_v2_4_1_gfx11_1536vgprs_fp16_fp16acc_f2x3_c32_stride1, global_work_dim = { 36864, 1, 1 }, local_work_dim = { 384, 1, 1 }
MIOpen(HIP): miopenStatus_t miopenDestroyConvolutionDescriptor(miopenConvolutionDescriptor_t){
MIOpen(HIP): 	convDesc = conv2d, miopenConvolution, miopenPaddingDefault, {1, 1}, {1, 1}, {1, 1}, 
MIOpen(HIP): }
MIOpen(HIP): miopenStatus_t miopenDestroyTensorDescriptor(miopenTensorDescriptor_t){
MIOpen(HIP): 	tensorDesc = {64, 128, 3, 3}, {1152, 9, 3, 1}, packed, 
MIOpen(HIP): }
MIOpen(HIP): miopenStatus_t miopenDestroyTensorDescriptor(miopenTensorDescriptor_t){
MIOpen(HIP): 	tensorDesc = {64, 64, 128, 128}, {1048576, 16384, 128, 1}, packed, 
MIOpen(HIP): }
MIOpen(HIP): miopenStatus_t miopenDestroyTensorDescriptor(miopenTensorDescriptor_t){
MIOpen(HIP): 	tensorDesc = {64, 128, 128, 128}, {2097152, 16384, 128, 1}, packed, 
MIOpen(HIP): }
MIOpen(HIP): Info [get_device_name] Raw device name: gfx1100
MIOpen(HIP): Info [SetStream] stream: 0, device_id: 0
MIOpen(HIP): miopenStatus_t miopenCreateTensorDescriptor(miopenTensorDescriptor_t *){
MIOpen(HIP): 	tensorDesc = 0
MIOpen(HIP): }
MIOpen(HIP): miopenStatus_t miopenSetTensorDescriptorV2(miopenTensorDescriptor_t, miopenDataType_t, int, const size_t *, const size_t *){
MIOpen(HIP): 	tensorDesc = {}, {}, packed, 
MIOpen(HIP): 	dataType = 0
MIOpen(HIP): 	nbDims = 4
MIOpen(HIP): 	dim.values = { 64 128 128 128 }
MIOpen(HIP): 	stride.values = { 2097152 16384 128 1 }
MIOpen(HIP): }
MIOpen(HIP): miopenStatus_t miopenCreateTensorDescriptor(miopenTensorDescriptor_t *){
MIOpen(HIP): 	tensorDesc = 0
MIOpen(HIP): }
MIOpen(HIP): miopenStatus_t miopenSetTensorDescriptorV2(miopenTensorDescriptor_t, miopenDataType_t, int, const size_t *, const size_t *){
MIOpen(HIP): 	tensorDesc = {}, {}, packed, 
MIOpen(HIP): 	dataType = 0
MIOpen(HIP): 	nbDims = 4
MIOpen(HIP): 	dim.values = { 64 128 3 3 }
MIOpen(HIP): 	stride.values = { 1152 9 3 1 }
MIOpen(HIP): }
MIOpen(HIP): miopenStatus_t miopenCreateTensorDescriptor(miopenTensorDescriptor_t *){
MIOpen(HIP): 	tensorDesc = 0
MIOpen(HIP): }
MIOpen(HIP): miopenStatus_t miopenSetTensorDescriptorV2(miopenTensorDescriptor_t, miopenDataType_t, int, const size_t *, const size_t *){
MIOpen(HIP): 	tensorDesc = {}, {}, packed, 
MIOpen(HIP): 	dataType = 0
MIOpen(HIP): 	nbDims = 4
MIOpen(HIP): 	dim.values = { 64 64 128 128 }
MIOpen(HIP): 	stride.values = { 1048576 16384 128 1 }
MIOpen(HIP): }
MIOpen(HIP): miopenStatus_t miopenCreateConvolutionDescriptor(miopenConvolutionDescriptor_t *){
MIOpen(HIP): 	convDesc = 0
MIOpen(HIP): }
MIOpen(HIP): miopenStatus_t miopenInitConvolutionNdDescriptor(miopenConvolutionDescriptor_t, int, const int *, const int *, const int *, miopenConvolutionMode_t){
MIOpen(HIP): 	convDesc = conv2d, miopenConvolution, miopenPaddingDefault, {0, 0}, {1, 1}, {1, 1}, 
MIOpen(HIP): 	spatialDim = 2
MIOpen(HIP): 	pads = { 1 1 }
MIOpen(HIP): 	strides = { 1 1 }
MIOpen(HIP): 	dilations = { 1 1 }
MIOpen(HIP): 	c_mode = 0
MIOpen(HIP): }
MIOpen(HIP): miopenStatus_t miopenSetConvolutionGroupCount(miopenConvolutionDescriptor_t, int){
MIOpen(HIP): 	convDesc = conv2d, miopenConvolution, miopenPaddingDefault, {1, 1}, {1, 1}, {1, 1}, 
MIOpen(HIP): 	groupCount = 1
MIOpen(HIP): }
MIOpen(HIP): miopenStatus_t miopenSetConvolutionAttribute(miopenConvolutionDescriptor_t, const miopenConvolutionAttrib_t, const int){
MIOpen(HIP): 	convDesc = conv2d, miopenConvolution, miopenPaddingDefault, {1, 1}, {1, 1}, {1, 1}, 
MIOpen(HIP): 	attr = 1
MIOpen(HIP): 	value = 0
MIOpen(HIP): }
MIOpen(HIP): miopenStatus_t miopenConvolutionForward(miopenHandle_t, const void *, const miopenTensorDescriptor_t, const void *, const miopenTensorDescriptor_t, const void *, const miopenConvolutionDescriptor_t, miopenConvFwdAlgorithm_t, const void *, const miopenTensorDescriptor_t, void *, void *, size_t){
MIOpen(HIP): 	handle = stream: 0, device_id: 0
MIOpen(HIP): 	alpha = 0x7fff37062900
MIOpen(HIP): 	xDesc = {64, 128, 128, 128}, {2097152, 16384, 128, 1}, packed, 
MIOpen(HIP): 	x = 0x7cdd7f800000
MIOpen(HIP): 	wDesc = {64, 128, 3, 3}, {1152, 9, 3, 1}, packed, 
MIOpen(HIP): 	w = 0x7cdd78600000
MIOpen(HIP): 	convDesc = conv2d, miopenConvolution, miopenPaddingDefault, {1, 1}, {1, 1}, {1, 1}, 
MIOpen(HIP): 	algo = 3
MIOpen(HIP): 	beta = 0x7fff37062908
MIOpen(HIP): 	yDesc = {64, 64, 128, 128}, {1048576, 16384, 128, 1}, packed, 
MIOpen(HIP): 	y = 0x7cdd70400000
MIOpen(HIP): 	workSpace = 0x7cdd78624200
MIOpen(HIP): 	workSpaceSize = 2048
MIOpen(HIP): }
MIOpen(HIP): Command [LogCmdConvolution] ./bin/MIOpenDriver convfp16 -n 64 -c 128 -H 128 -W 128 -k 64 -y 3 -x 3 -p 1 -q 1 -u 1 -v 1 -l 1 -j 1 -m conv -g 1 -F 1 -t 1
MIOpen(HIP): Info [ConvolutionForward] algo = 3, workspace = 2048
MIOpen(HIP): Info2 [GetInvoker] Returning an invoker for problem 128x128x128x3x3x64x128x128x64xNCHWxFP16x1x1x1x1x1x1x1xFxDefault and algorithm miopenConvolutionFwdAlgoWinograd
MIOpen(HIP): Info2 [MakeGcnAsmWinoV2InvokerFactory]  N=64 C=128 H=128 W=128 K=64 R=3 S=3 pad_H=1 pad_W=1 out_H=128 out_W=128 G=1 alpha=0 beta=0 act_mode=0 d_offset=0 f_offset=0 o_offset=0 b_offset=0 d_N_stride=2097152 d_C_stride=16384 d_H_stride=128 d_G_stride=2097152 f_K_stride=1152 f_C_stride=9 f_R_stride=3 f_G_stride=73728 o_N_stride=1048576 o_K_stride=16384 o_H_stride=128 o_G_stride=1048576 n_groups=96 flags64=0xe200 sync_limit=0 sync_period=0
MIOpen(HIP): Info2 [run] kernel_name = miopenSp3AsmConvFury_v2_4_1_gfx11_1536vgprs_fp16_fp16acc_f2x3_c32_stride1, global_work_dim = { 36864, 1, 1 }, local_work_dim = { 384, 1, 1 }
MIOpen(HIP): miopenStatus_t miopenDestroyConvolutionDescriptor(miopenConvolutionDescriptor_t){
MIOpen(HIP): 	convDesc = conv2d, miopenConvolution, miopenPaddingDefault, {1, 1}, {1, 1}, {1, 1}, 
MIOpen(HIP): }
MIOpen(HIP): miopenStatus_t miopenDestroyTensorDescriptor(miopenTensorDescriptor_t){
MIOpen(HIP): 	tensorDesc = {64, 128, 3, 3}, {1152, 9, 3, 1}, packed, 
MIOpen(HIP): }
MIOpen(HIP): miopenStatus_t miopenDestroyTensorDescriptor(miopenTensorDescriptor_t){
MIOpen(HIP): 	tensorDesc = {64, 64, 128, 128}, {1048576, 16384, 128, 1}, packed, 
MIOpen(HIP): }
MIOpen(HIP): miopenStatus_t miopenDestroyTensorDescriptor(miopenTensorDescriptor_t){
MIOpen(HIP): 	tensorDesc = {64, 128, 128, 128}, {2097152, 16384, 128, 1}, packed, 
MIOpen(HIP): }
MIOpen(HIP): Info [get_device_name] Raw device name: gfx1100
MIOpen(HIP): Info [SetStream] stream: 0, device_id: 0
MIOpen(HIP): miopenStatus_t miopenCreateTensorDescriptor(miopenTensorDescriptor_t *){
MIOpen(HIP): 	tensorDesc = 0
MIOpen(HIP): }
MIOpen(HIP): miopenStatus_t miopenSetTensorDescriptorV2(miopenTensorDescriptor_t, miopenDataType_t, int, const size_t *, const size_t *){
MIOpen(HIP): 	tensorDesc = {}, {}, packed, 
MIOpen(HIP): 	dataType = 0
MIOpen(HIP): 	nbDims = 4
MIOpen(HIP): 	dim.values = { 64 128 128 128 }
MIOpen(HIP): 	stride.values = { 2097152 16384 128 1 }
MIOpen(HIP): }
MIOpen(HIP): miopenStatus_t miopenCreateTensorDescriptor(miopenTensorDescriptor_t *){
MIOpen(HIP): 	tensorDesc = 0
MIOpen(HIP): }
MIOpen(HIP): miopenStatus_t miopenSetTensorDescriptorV2(miopenTensorDescriptor_t, miopenDataType_t, int, const size_t *, const size_t *){
MIOpen(HIP): 	tensorDesc = {}, {}, packed, 
MIOpen(HIP): 	dataType = 0
MIOpen(HIP): 	nbDims = 4
MIOpen(HIP): 	dim.values = { 64 128 3 3 }
MIOpen(HIP): 	stride.values = { 1152 9 3 1 }
MIOpen(HIP): }
MIOpen(HIP): miopenStatus_t miopenCreateTensorDescriptor(miopenTensorDescriptor_t *){
MIOpen(HIP): 	tensorDesc = 0
MIOpen(HIP): }
MIOpen(HIP): miopenStatus_t miopenSetTensorDescriptorV2(miopenTensorDescriptor_t, miopenDataType_t, int, const size_t *, const size_t *){
MIOpen(HIP): 	tensorDesc = {}, {}, packed, 
MIOpen(HIP): 	dataType = 0
MIOpen(HIP): 	nbDims = 4
MIOpen(HIP): 	dim.values = { 64 64 128 128 }
MIOpen(HIP): 	stride.values = { 1048576 16384 128 1 }
MIOpen(HIP): }
MIOpen(HIP): miopenStatus_t miopenCreateConvolutionDescriptor(miopenConvolutionDescriptor_t *){
MIOpen(HIP): 	convDesc = 0
MIOpen(HIP): }
MIOpen(HIP): miopenStatus_t miopenInitConvolutionNdDescriptor(miopenConvolutionDescriptor_t, int, const int *, const int *, const int *, miopenConvolutionMode_t){
MIOpen(HIP): 	convDesc = conv2d, miopenConvolution, miopenPaddingDefault, {0, 0}, {1, 1}, {1, 1}, 
MIOpen(HIP): 	spatialDim = 2
MIOpen(HIP): 	pads = { 1 1 }
MIOpen(HIP): 	strides = { 1 1 }
MIOpen(HIP): 	dilations = { 1 1 }
MIOpen(HIP): 	c_mode = 0
MIOpen(HIP): }
MIOpen(HIP): miopenStatus_t miopenSetConvolutionGroupCount(miopenConvolutionDescriptor_t, int){
MIOpen(HIP): 	convDesc = conv2d, miopenConvolution, miopenPaddingDefault, {1, 1}, {1, 1}, {1, 1}, 
MIOpen(HIP): 	groupCount = 1
MIOpen(HIP): }
MIOpen(HIP): miopenStatus_t miopenSetConvolutionAttribute(miopenConvolutionDescriptor_t, const miopenConvolutionAttrib_t, const int){
MIOpen(HIP): 	convDesc = conv2d, miopenConvolution, miopenPaddingDefault, {1, 1}, {1, 1}, {1, 1}, 
MIOpen(HIP): 	attr = 1
MIOpen(HIP): 	value = 0
MIOpen(HIP): }
MIOpen(HIP): miopenStatus_t miopenConvolutionForward(miopenHandle_t, const void *, const miopenTensorDescriptor_t, const void *, const miopenTensorDescriptor_t, const void *, const miopenConvolutionDescriptor_t, miopenConvFwdAlgorithm_t, const void *, const miopenTensorDescriptor_t, void *, void *, size_t){
MIOpen(HIP): 	handle = stream: 0, device_id: 0
MIOpen(HIP): 	alpha = 0x7fff37062900
MIOpen(HIP): 	xDesc = {64, 128, 128, 128}, {2097152, 16384, 128, 1}, packed, 
MIOpen(HIP): 	x = 0x7cdd7f800000
MIOpen(HIP): 	wDesc = {64, 128, 3, 3}, {1152, 9, 3, 1}, packed, 
MIOpen(HIP): 	w = 0x7cdd78600000
MIOpen(HIP): 	convDesc = conv2d, miopenConvolution, miopenPaddingDefault, {1, 1}, {1, 1}, {1, 1}, 
MIOpen(HIP): 	algo = 3
MIOpen(HIP): 	beta = 0x7fff37062908
MIOpen(HIP): 	yDesc = {64, 64, 128, 128}, {1048576, 16384, 128, 1}, packed, 
MIOpen(HIP): 	y = 0x7cdd70400000
MIOpen(HIP): 	workSpace = 0x7cdd78624200
MIOpen(HIP): 	workSpaceSize = 2048
MIOpen(HIP): }
MIOpen(HIP): Command [LogCmdConvolution] ./bin/MIOpenDriver convfp16 -n 64 -c 128 -H 128 -W 128 -k 64 -y 3 -x 3 -p 1 -q 1 -u 1 -v 1 -l 1 -j 1 -m conv -g 1 -F 1 -t 1
MIOpen(HIP): Info [ConvolutionForward] algo = 3, workspace = 2048
MIOpen(HIP): Info2 [GetInvoker] Returning an invoker for problem 128x128x128x3x3x64x128x128x64xNCHWxFP16x1x1x1x1x1x1x1xFxDefault and algorithm miopenConvolutionFwdAlgoWinograd
MIOpen(HIP): Info2 [MakeGcnAsmWinoV2InvokerFactory]  N=64 C=128 H=128 W=128 K=64 R=3 S=3 pad_H=1 pad_W=1 out_H=128 out_W=128 G=1 alpha=0 beta=0 act_mode=0 d_offset=0 f_offset=0 o_offset=0 b_offset=0 d_N_stride=2097152 d_C_stride=16384 d_H_stride=128 d_G_stride=2097152 f_K_stride=1152 f_C_stride=9 f_R_stride=3 f_G_stride=73728 o_N_stride=1048576 o_K_stride=16384 o_H_stride=128 o_G_stride=1048576 n_groups=96 flags64=0xe200 sync_limit=0 sync_period=0
MIOpen(HIP): Info2 [run] kernel_name = miopenSp3AsmConvFury_v2_4_1_gfx11_1536vgprs_fp16_fp16acc_f2x3_c32_stride1, global_work_dim = { 36864, 1, 1 }, local_work_dim = { 384, 1, 1 }
MIOpen(HIP): miopenStatus_t miopenDestroyConvolutionDescriptor(miopenConvolutionDescriptor_t){
MIOpen(HIP): 	convDesc = conv2d, miopenConvolution, miopenPaddingDefault, {1, 1}, {1, 1}, {1, 1}, 
MIOpen(HIP): }
MIOpen(HIP): miopenStatus_t miopenDestroyTensorDescriptor(miopenTensorDescriptor_t){
MIOpen(HIP): 	tensorDesc = {64, 128, 3, 3}, {1152, 9, 3, 1}, packed, 
MIOpen(HIP): }
MIOpen(HIP): miopenStatus_t miopenDestroyTensorDescriptor(miopenTensorDescriptor_t){
MIOpen(HIP): 	tensorDesc = {64, 64, 128, 128}, {1048576, 16384, 128, 1}, packed, 
MIOpen(HIP): }
MIOpen(HIP): miopenStatus_t miopenDestroyTensorDescriptor(miopenTensorDescriptor_t){
MIOpen(HIP): 	tensorDesc = {64, 128, 128, 128}, {2097152, 16384, 128, 1}, packed, 
MIOpen(HIP): }
MIOpen(HIP): Info [get_device_name] Raw device name: gfx1100
MIOpen(HIP): Info [SetStream] stream: 0, device_id: 0
MIOpen(HIP): miopenStatus_t miopenCreateTensorDescriptor(miopenTensorDescriptor_t *){
MIOpen(HIP): 	tensorDesc = 0
MIOpen(HIP): }
MIOpen(HIP): miopenStatus_t miopenSetTensorDescriptorV2(miopenTensorDescriptor_t, miopenDataType_t, int, const size_t *, const size_t *){
MIOpen(HIP): 	tensorDesc = {}, {}, packed, 
MIOpen(HIP): 	dataType = 0
MIOpen(HIP): 	nbDims = 4
MIOpen(HIP): 	dim.values = { 64 128 128 128 }
MIOpen(HIP): 	stride.values = { 2097152 16384 128 1 }
MIOpen(HIP): }
MIOpen(HIP): miopenStatus_t miopenCreateTensorDescriptor(miopenTensorDescriptor_t *){
MIOpen(HIP): 	tensorDesc = 0
MIOpen(HIP): }
MIOpen(HIP): miopenStatus_t miopenSetTensorDescriptorV2(miopenTensorDescriptor_t, miopenDataType_t, int, const size_t *, const size_t *){
MIOpen(HIP): 	tensorDesc = {}, {}, packed, 
MIOpen(HIP): 	dataType = 0
MIOpen(HIP): 	nbDims = 4
MIOpen(HIP): 	dim.values = { 64 128 3 3 }
MIOpen(HIP): 	stride.values = { 1152 9 3 1 }
MIOpen(HIP): }
MIOpen(HIP): miopenStatus_t miopenCreateTensorDescriptor(miopenTensorDescriptor_t *){
MIOpen(HIP): 	tensorDesc = 0
MIOpen(HIP): }
MIOpen(HIP): miopenStatus_t miopenSetTensorDescriptorV2(miopenTensorDescriptor_t, miopenDataType_t, int, const size_t *, const size_t *){
MIOpen(HIP): 	tensorDesc = {}, {}, packed, 
MIOpen(HIP): 	dataType = 0
MIOpen(HIP): 	nbDims = 4
MIOpen(HIP): 	dim.values = { 64 64 128 128 }
MIOpen(HIP): 	stride.values = { 1048576 16384 128 1 }
MIOpen(HIP): }
MIOpen(HIP): miopenStatus_t miopenCreateConvolutionDescriptor(miopenConvolutionDescriptor_t *){
MIOpen(HIP): 	convDesc = 0
MIOpen(HIP): }
MIOpen(HIP): miopenStatus_t miopenInitConvolutionNdDescriptor(miopenConvolutionDescriptor_t, int, const int *, const int *, const int *, miopenConvolutionMode_t){
MIOpen(HIP): 	convDesc = conv2d, miopenConvolution, miopenPaddingDefault, {0, 0}, {1, 1}, {1, 1}, 
MIOpen(HIP): 	spatialDim = 2
MIOpen(HIP): 	pads = { 1 1 }
MIOpen(HIP): 	strides = { 1 1 }
MIOpen(HIP): 	dilations = { 1 1 }
MIOpen(HIP): 	c_mode = 0
MIOpen(HIP): }
MIOpen(HIP): miopenStatus_t miopenSetConvolutionGroupCount(miopenConvolutionDescriptor_t, int){
MIOpen(HIP): 	convDesc = conv2d, miopenConvolution, miopenPaddingDefault, {1, 1}, {1, 1}, {1, 1}, 
MIOpen(HIP): 	groupCount = 1
MIOpen(HIP): }
MIOpen(HIP): miopenStatus_t miopenSetConvolutionAttribute(miopenConvolutionDescriptor_t, const miopenConvolutionAttrib_t, const int){
MIOpen(HIP): 	convDesc = conv2d, miopenConvolution, miopenPaddingDefault, {1, 1}, {1, 1}, {1, 1}, 
MIOpen(HIP): 	attr = 1
MIOpen(HIP): 	value = 0
MIOpen(HIP): }
MIOpen(HIP): miopenStatus_t miopenConvolutionForward(miopenHandle_t, const void *, const miopenTensorDescriptor_t, const void *, const miopenTensorDescriptor_t, const void *, const miopenConvolutionDescriptor_t, miopenConvFwdAlgorithm_t, const void *, const miopenTensorDescriptor_t, void *, void *, size_t){
MIOpen(HIP): 	handle = stream: 0, device_id: 0
MIOpen(HIP): 	alpha = 0x7fff37062900
MIOpen(HIP): 	xDesc = {64, 128, 128, 128}, {2097152, 16384, 128, 1}, packed, 
MIOpen(HIP): 	x = 0x7cdd7f800000
MIOpen(HIP): 	wDesc = {64, 128, 3, 3}, {1152, 9, 3, 1}, packed, 
MIOpen(HIP): 	w = 0x7cdd78600000
MIOpen(HIP): 	convDesc = conv2d, miopenConvolution, miopenPaddingDefault, {1, 1}, {1, 1}, {1, 1}, 
MIOpen(HIP): 	algo = 3
MIOpen(HIP): 	beta = 0x7fff37062908
MIOpen(HIP): 	yDesc = {64, 64, 128, 128}, {1048576, 16384, 128, 1}, packed, 
MIOpen(HIP): 	y = 0x7cdd70400000
MIOpen(HIP): 	workSpace = 0x7cdd78624200
MIOpen(HIP): 	workSpaceSize = 2048
MIOpen(HIP): }
MIOpen(HIP): Command [LogCmdConvolution] ./bin/MIOpenDriver convfp16 -n 64 -c 128 -H 128 -W 128 -k 64 -y 3 -x 3 -p 1 -q 1 -u 1 -v 1 -l 1 -j 1 -m conv -g 1 -F 1 -t 1
MIOpen(HIP): Info [ConvolutionForward] algo = 3, workspace = 2048
MIOpen(HIP): Info2 [GetInvoker] Returning an invoker for problem 128x128x128x3x3x64x128x128x64xNCHWxFP16x1x1x1x1x1x1x1xFxDefault and algorithm miopenConvolutionFwdAlgoWinograd
MIOpen(HIP): Info2 [MakeGcnAsmWinoV2InvokerFactory]  N=64 C=128 H=128 W=128 K=64 R=3 S=3 pad_H=1 pad_W=1 out_H=128 out_W=128 G=1 alpha=0 beta=0 act_mode=0 d_offset=0 f_offset=0 o_offset=0 b_offset=0 d_N_stride=2097152 d_C_stride=16384 d_H_stride=128 d_G_stride=2097152 f_K_stride=1152 f_C_stride=9 f_R_stride=3 f_G_stride=73728 o_N_stride=1048576 o_K_stride=16384 o_H_stride=128 o_G_stride=1048576 n_groups=96 flags64=0xe200 sync_limit=0 sync_period=0
MIOpen(HIP): Info2 [run] kernel_name = miopenSp3AsmConvFury_v2_4_1_gfx11_1536vgprs_fp16_fp16acc_f2x3_c32_stride1, global_work_dim = { 36864, 1, 1 }, local_work_dim = { 384, 1, 1 }
MIOpen(HIP): miopenStatus_t miopenDestroyConvolutionDescriptor(miopenConvolutionDescriptor_t){
MIOpen(HIP): 	convDesc = conv2d, miopenConvolution, miopenPaddingDefault, {1, 1}, {1, 1}, {1, 1}, 
MIOpen(HIP): }
MIOpen(HIP): miopenStatus_t miopenDestroyTensorDescriptor(miopenTensorDescriptor_t){
MIOpen(HIP): 	tensorDesc = {64, 128, 3, 3}, {1152, 9, 3, 1}, packed, 
MIOpen(HIP): }
MIOpen(HIP): miopenStatus_t miopenDestroyTensorDescriptor(miopenTensorDescriptor_t){
MIOpen(HIP): 	tensorDesc = {64, 64, 128, 128}, {1048576, 16384, 128, 1}, packed, 
MIOpen(HIP): }
MIOpen(HIP): miopenStatus_t miopenDestroyTensorDescriptor(miopenTensorDescriptor_t){
MIOpen(HIP): 	tensorDesc = {64, 128, 128, 128}, {2097152, 16384, 128, 1}, packed, 
MIOpen(HIP): }
MIOpen(HIP): Info [get_device_name] Raw device name: gfx1100
MIOpen(HIP): Info [SetStream] stream: 0, device_id: 0
MIOpen(HIP): miopenStatus_t miopenCreateTensorDescriptor(miopenTensorDescriptor_t *){
MIOpen(HIP): 	tensorDesc = 0
MIOpen(HIP): }
MIOpen(HIP): miopenStatus_t miopenSetTensorDescriptorV2(miopenTensorDescriptor_t, miopenDataType_t, int, const size_t *, const size_t *){
MIOpen(HIP): 	tensorDesc = {}, {}, packed, 
MIOpen(HIP): 	dataType = 0
MIOpen(HIP): 	nbDims = 4
MIOpen(HIP): 	dim.values = { 64 128 128 128 }
MIOpen(HIP): 	stride.values = { 2097152 16384 128 1 }
MIOpen(HIP): }
MIOpen(HIP): miopenStatus_t miopenCreateTensorDescriptor(miopenTensorDescriptor_t *){
MIOpen(HIP): 	tensorDesc = 0
MIOpen(HIP): }
MIOpen(HIP): miopenStatus_t miopenSetTensorDescriptorV2(miopenTensorDescriptor_t, miopenDataType_t, int, const size_t *, const size_t *){
MIOpen(HIP): 	tensorDesc = {}, {}, packed, 
MIOpen(HIP): 	dataType = 0
MIOpen(HIP): 	nbDims = 4
MIOpen(HIP): 	dim.values = { 64 128 3 3 }
MIOpen(HIP): 	stride.values = { 1152 9 3 1 }
MIOpen(HIP): }
MIOpen(HIP): miopenStatus_t miopenCreateTensorDescriptor(miopenTensorDescriptor_t *){
MIOpen(HIP): 	tensorDesc = 0
MIOpen(HIP): }
MIOpen(HIP): miopenStatus_t miopenSetTensorDescriptorV2(miopenTensorDescriptor_t, miopenDataType_t, int, const size_t *, const size_t *){
MIOpen(HIP): 	tensorDesc = {}, {}, packed, 
MIOpen(HIP): 	dataType = 0
MIOpen(HIP): 	nbDims = 4
MIOpen(HIP): 	dim.values = { 64 64 128 128 }
MIOpen(HIP): 	stride.values = { 1048576 16384 128 1 }
MIOpen(HIP): }
MIOpen(HIP): miopenStatus_t miopenCreateConvolutionDescriptor(miopenConvolutionDescriptor_t *){
MIOpen(HIP): 	convDesc = 0
MIOpen(HIP): }
MIOpen(HIP): miopenStatus_t miopenInitConvolutionNdDescriptor(miopenConvolutionDescriptor_t, int, const int *, const int *, const int *, miopenConvolutionMode_t){
MIOpen(HIP): 	convDesc = conv2d, miopenConvolution, miopenPaddingDefault, {0, 0}, {1, 1}, {1, 1}, 
MIOpen(HIP): 	spatialDim = 2
MIOpen(HIP): 	pads = { 1 1 }
MIOpen(HIP): 	strides = { 1 1 }
MIOpen(HIP): 	dilations = { 1 1 }
MIOpen(HIP): 	c_mode = 0
MIOpen(HIP): }
MIOpen(HIP): miopenStatus_t miopenSetConvolutionGroupCount(miopenConvolutionDescriptor_t, int){
MIOpen(HIP): 	convDesc = conv2d, miopenConvolution, miopenPaddingDefault, {1, 1}, {1, 1}, {1, 1}, 
MIOpen(HIP): 	groupCount = 1
MIOpen(HIP): }
MIOpen(HIP): miopenStatus_t miopenSetConvolutionAttribute(miopenConvolutionDescriptor_t, const miopenConvolutionAttrib_t, const int){
MIOpen(HIP): 	convDesc = conv2d, miopenConvolution, miopenPaddingDefault, {1, 1}, {1, 1}, {1, 1}, 
MIOpen(HIP): 	attr = 1
MIOpen(HIP): 	value = 0
MIOpen(HIP): }
MIOpen(HIP): miopenStatus_t miopenConvolutionForward(miopenHandle_t, const void *, const miopenTensorDescriptor_t, const void *, const miopenTensorDescriptor_t, const void *, const miopenConvolutionDescriptor_t, miopenConvFwdAlgorithm_t, const void *, const miopenTensorDescriptor_t, void *, void *, size_t){
MIOpen(HIP): 	handle = stream: 0, device_id: 0
MIOpen(HIP): 	alpha = 0x7fff37062900
MIOpen(HIP): 	xDesc = {64, 128, 128, 128}, {2097152, 16384, 128, 1}, packed, 
MIOpen(HIP): 	x = 0x7cdd7f800000
MIOpen(HIP): 	wDesc = {64, 128, 3, 3}, {1152, 9, 3, 1}, packed, 
MIOpen(HIP): 	w = 0x7cdd78600000
MIOpen(HIP): 	convDesc = conv2d, miopenConvolution, miopenPaddingDefault, {1, 1}, {1, 1}, {1, 1}, 
MIOpen(HIP): 	algo = 3
MIOpen(HIP): 	beta = 0x7fff37062908
MIOpen(HIP): 	yDesc = {64, 64, 128, 128}, {1048576, 16384, 128, 1}, packed, 
MIOpen(HIP): 	y = 0x7cdd70400000
MIOpen(HIP): 	workSpace = 0x7cdd78624200
MIOpen(HIP): 	workSpaceSize = 2048
MIOpen(HIP): }
MIOpen(HIP): Command [LogCmdConvolution] ./bin/MIOpenDriver convfp16 -n 64 -c 128 -H 128 -W 128 -k 64 -y 3 -x 3 -p 1 -q 1 -u 1 -v 1 -l 1 -j 1 -m conv -g 1 -F 1 -t 1
MIOpen(HIP): Info [ConvolutionForward] algo = 3, workspace = 2048
MIOpen(HIP): Info2 [GetInvoker] Returning an invoker for problem 128x128x128x3x3x64x128x128x64xNCHWxFP16x1x1x1x1x1x1x1xFxDefault and algorithm miopenConvolutionFwdAlgoWinograd
MIOpen(HIP): Info2 [MakeGcnAsmWinoV2InvokerFactory]  N=64 C=128 H=128 W=128 K=64 R=3 S=3 pad_H=1 pad_W=1 out_H=128 out_W=128 G=1 alpha=0 beta=0 act_mode=0 d_offset=0 f_offset=0 o_offset=0 b_offset=0 d_N_stride=2097152 d_C_stride=16384 d_H_stride=128 d_G_stride=2097152 f_K_stride=1152 f_C_stride=9 f_R_stride=3 f_G_stride=73728 o_N_stride=1048576 o_K_stride=16384 o_H_stride=128 o_G_stride=1048576 n_groups=96 flags64=0xe200 sync_limit=0 sync_period=0
MIOpen(HIP): Info2 [run] kernel_name = miopenSp3AsmConvFury_v2_4_1_gfx11_1536vgprs_fp16_fp16acc_f2x3_c32_stride1, global_work_dim = { 36864, 1, 1 }, local_work_dim = { 384, 1, 1 }
MIOpen(HIP): miopenStatus_t miopenDestroyConvolutionDescriptor(miopenConvolutionDescriptor_t){
MIOpen(HIP): 	convDesc = conv2d, miopenConvolution, miopenPaddingDefault, {1, 1}, {1, 1}, {1, 1}, 
MIOpen(HIP): }
MIOpen(HIP): miopenStatus_t miopenDestroyTensorDescriptor(miopenTensorDescriptor_t){
MIOpen(HIP): 	tensorDesc = {64, 128, 3, 3}, {1152, 9, 3, 1}, packed, 
MIOpen(HIP): }
MIOpen(HIP): miopenStatus_t miopenDestroyTensorDescriptor(miopenTensorDescriptor_t){
MIOpen(HIP): 	tensorDesc = {64, 64, 128, 128}, {1048576, 16384, 128, 1}, packed, 
MIOpen(HIP): }
MIOpen(HIP): miopenStatus_t miopenDestroyTensorDescriptor(miopenTensorDescriptor_t){
MIOpen(HIP): 	tensorDesc = {64, 128, 128, 128}, {2097152, 16384, 128, 1}, packed, 
MIOpen(HIP): }
MIOpen(HIP): Info [get_device_name] Raw device name: gfx1100
MIOpen(HIP): Info [SetStream] stream: 0, device_id: 0
MIOpen(HIP): miopenStatus_t miopenCreateTensorDescriptor(miopenTensorDescriptor_t *){
MIOpen(HIP): 	tensorDesc = 0
MIOpen(HIP): }
MIOpen(HIP): miopenStatus_t miopenSetTensorDescriptorV2(miopenTensorDescriptor_t, miopenDataType_t, int, const size_t *, const size_t *){
MIOpen(HIP): 	tensorDesc = {}, {}, packed, 
MIOpen(HIP): 	dataType = 0
MIOpen(HIP): 	nbDims = 4
MIOpen(HIP): 	dim.values = { 64 128 128 128 }
MIOpen(HIP): 	stride.values = { 2097152 16384 128 1 }
MIOpen(HIP): }
MIOpen(HIP): miopenStatus_t miopenCreateTensorDescriptor(miopenTensorDescriptor_t *){
MIOpen(HIP): 	tensorDesc = 0
MIOpen(HIP): }
MIOpen(HIP): miopenStatus_t miopenSetTensorDescriptorV2(miopenTensorDescriptor_t, miopenDataType_t, int, const size_t *, const size_t *){
MIOpen(HIP): 	tensorDesc = {}, {}, packed, 
MIOpen(HIP): 	dataType = 0
MIOpen(HIP): 	nbDims = 4
MIOpen(HIP): 	dim.values = { 64 128 3 3 }
MIOpen(HIP): 	stride.values = { 1152 9 3 1 }
MIOpen(HIP): }
MIOpen(HIP): miopenStatus_t miopenCreateTensorDescriptor(miopenTensorDescriptor_t *){
MIOpen(HIP): 	tensorDesc = 0
MIOpen(HIP): }
MIOpen(HIP): miopenStatus_t miopenSetTensorDescriptorV2(miopenTensorDescriptor_t, miopenDataType_t, int, const size_t *, const size_t *){
MIOpen(HIP): 	tensorDesc = {}, {}, packed, 
MIOpen(HIP): 	dataType = 0
MIOpen(HIP): 	nbDims = 4
MIOpen(HIP): 	dim.values = { 64 64 128 128 }
MIOpen(HIP): 	stride.values = { 1048576 16384 128 1 }
MIOpen(HIP): }
MIOpen(HIP): miopenStatus_t miopenCreateConvolutionDescriptor(miopenConvolutionDescriptor_t *){
MIOpen(HIP): 	convDesc = 0
MIOpen(HIP): }
MIOpen(HIP): miopenStatus_t miopenInitConvolutionNdDescriptor(miopenConvolutionDescriptor_t, int, const int *, const int *, const int *, miopenConvolutionMode_t){
MIOpen(HIP): 	convDesc = conv2d, miopenConvolution, miopenPaddingDefault, {0, 0}, {1, 1}, {1, 1}, 
MIOpen(HIP): 	spatialDim = 2
MIOpen(HIP): 	pads = { 1 1 }
MIOpen(HIP): 	strides = { 1 1 }
MIOpen(HIP): 	dilations = { 1 1 }
MIOpen(HIP): 	c_mode = 0
MIOpen(HIP): }
MIOpen(HIP): miopenStatus_t miopenSetConvolutionGroupCount(miopenConvolutionDescriptor_t, int){
MIOpen(HIP): 	convDesc = conv2d, miopenConvolution, miopenPaddingDefault, {1, 1}, {1, 1}, {1, 1}, 
MIOpen(HIP): 	groupCount = 1
MIOpen(HIP): }
MIOpen(HIP): miopenStatus_t miopenSetConvolutionAttribute(miopenConvolutionDescriptor_t, const miopenConvolutionAttrib_t, const int){
MIOpen(HIP): 	convDesc = conv2d, miopenConvolution, miopenPaddingDefault, {1, 1}, {1, 1}, {1, 1}, 
MIOpen(HIP): 	attr = 1
MIOpen(HIP): 	value = 0
MIOpen(HIP): }
MIOpen(HIP): miopenStatus_t miopenConvolutionForward(miopenHandle_t, const void *, const miopenTensorDescriptor_t, const void *, const miopenTensorDescriptor_t, const void *, const miopenConvolutionDescriptor_t, miopenConvFwdAlgorithm_t, const void *, const miopenTensorDescriptor_t, void *, void *, size_t){
MIOpen(HIP): 	handle = stream: 0, device_id: 0
MIOpen(HIP): 	alpha = 0x7fff37062900
MIOpen(HIP): 	xDesc = {64, 128, 128, 128}, {2097152, 16384, 128, 1}, packed, 
MIOpen(HIP): 	x = 0x7cdd7f800000
MIOpen(HIP): 	wDesc = {64, 128, 3, 3}, {1152, 9, 3, 1}, packed, 
MIOpen(HIP): 	w = 0x7cdd78600000
MIOpen(HIP): 	convDesc = conv2d, miopenConvolution, miopenPaddingDefault, {1, 1}, {1, 1}, {1, 1}, 
MIOpen(HIP): 	algo = 3
MIOpen(HIP): 	beta = 0x7fff37062908
MIOpen(HIP): 	yDesc = {64, 64, 128, 128}, {1048576, 16384, 128, 1}, packed, 
MIOpen(HIP): 	y = 0x7cdd70400000
MIOpen(HIP): 	workSpace = 0x7cdd78624200
MIOpen(HIP): 	workSpaceSize = 2048
MIOpen(HIP): }
MIOpen(HIP): Command [LogCmdConvolution] ./bin/MIOpenDriver convfp16 -n 64 -c 128 -H 128 -W 128 -k 64 -y 3 -x 3 -p 1 -q 1 -u 1 -v 1 -l 1 -j 1 -m conv -g 1 -F 1 -t 1
MIOpen(HIP): Info [ConvolutionForward] algo = 3, workspace = 2048
MIOpen(HIP): Info2 [GetInvoker] Returning an invoker for problem 128x128x128x3x3x64x128x128x64xNCHWxFP16x1x1x1x1x1x1x1xFxDefault and algorithm miopenConvolutionFwdAlgoWinograd
MIOpen(HIP): Info2 [MakeGcnAsmWinoV2InvokerFactory]  N=64 C=128 H=128 W=128 K=64 R=3 S=3 pad_H=1 pad_W=1 out_H=128 out_W=128 G=1 alpha=0 beta=0 act_mode=0 d_offset=0 f_offset=0 o_offset=0 b_offset=0 d_N_stride=2097152 d_C_stride=16384 d_H_stride=128 d_G_stride=2097152 f_K_stride=1152 f_C_stride=9 f_R_stride=3 f_G_stride=73728 o_N_stride=1048576 o_K_stride=16384 o_H_stride=128 o_G_stride=1048576 n_groups=96 flags64=0xe200 sync_limit=0 sync_period=0
MIOpen(HIP): Info2 [run] kernel_name = miopenSp3AsmConvFury_v2_4_1_gfx11_1536vgprs_fp16_fp16acc_f2x3_c32_stride1, global_work_dim = { 36864, 1, 1 }, local_work_dim = { 384, 1, 1 }
MIOpen(HIP): miopenStatus_t miopenDestroyConvolutionDescriptor(miopenConvolutionDescriptor_t){
MIOpen(HIP): 	convDesc = conv2d, miopenConvolution, miopenPaddingDefault, {1, 1}, {1, 1}, {1, 1}, 
MIOpen(HIP): }
MIOpen(HIP): miopenStatus_t miopenDestroyTensorDescriptor(miopenTensorDescriptor_t){
MIOpen(HIP): 	tensorDesc = {64, 128, 3, 3}, {1152, 9, 3, 1}, packed, 
MIOpen(HIP): }
MIOpen(HIP): miopenStatus_t miopenDestroyTensorDescriptor(miopenTensorDescriptor_t){
MIOpen(HIP): 	tensorDesc = {64, 64, 128, 128}, {1048576, 16384, 128, 1}, packed, 
MIOpen(HIP): }
MIOpen(HIP): miopenStatus_t miopenDestroyTensorDescriptor(miopenTensorDescriptor_t){
MIOpen(HIP): 	tensorDesc = {64, 128, 128, 128}, {2097152, 16384, 128, 1}, packed, 
MIOpen(HIP): }
MIOpen(HIP): Info [get_device_name] Raw device name: gfx1100
MIOpen(HIP): Info [SetStream] stream: 0, device_id: 0
MIOpen(HIP): miopenStatus_t miopenCreateTensorDescriptor(miopenTensorDescriptor_t *){
MIOpen(HIP): 	tensorDesc = 0
MIOpen(HIP): }
MIOpen(HIP): miopenStatus_t miopenSetTensorDescriptorV2(miopenTensorDescriptor_t, miopenDataType_t, int, const size_t *, const size_t *){
MIOpen(HIP): 	tensorDesc = {}, {}, packed, 
MIOpen(HIP): 	dataType = 0
MIOpen(HIP): 	nbDims = 4
MIOpen(HIP): 	dim.values = { 64 128 128 128 }
MIOpen(HIP): 	stride.values = { 2097152 16384 128 1 }
MIOpen(HIP): }
MIOpen(HIP): miopenStatus_t miopenCreateTensorDescriptor(miopenTensorDescriptor_t *){
MIOpen(HIP): 	tensorDesc = 0
MIOpen(HIP): }
MIOpen(HIP): miopenStatus_t miopenSetTensorDescriptorV2(miopenTensorDescriptor_t, miopenDataType_t, int, const size_t *, const size_t *){
MIOpen(HIP): 	tensorDesc = {}, {}, packed, 
MIOpen(HIP): 	dataType = 0
MIOpen(HIP): 	nbDims = 4
MIOpen(HIP): 	dim.values = { 64 128 3 3 }
MIOpen(HIP): 	stride.values = { 1152 9 3 1 }
MIOpen(HIP): }
MIOpen(HIP): miopenStatus_t miopenCreateTensorDescriptor(miopenTensorDescriptor_t *){
MIOpen(HIP): 	tensorDesc = 0
MIOpen(HIP): }
MIOpen(HIP): miopenStatus_t miopenSetTensorDescriptorV2(miopenTensorDescriptor_t, miopenDataType_t, int, const size_t *, const size_t *){
MIOpen(HIP): 	tensorDesc = {}, {}, packed, 
MIOpen(HIP): 	dataType = 0
MIOpen(HIP): 	nbDims = 4
MIOpen(HIP): 	dim.values = { 64 64 128 128 }
MIOpen(HIP): 	stride.values = { 1048576 16384 128 1 }
MIOpen(HIP): }
MIOpen(HIP): miopenStatus_t miopenCreateConvolutionDescriptor(miopenConvolutionDescriptor_t *){
MIOpen(HIP): 	convDesc = 0
MIOpen(HIP): }
MIOpen(HIP): miopenStatus_t miopenInitConvolutionNdDescriptor(miopenConvolutionDescriptor_t, int, const int *, const int *, const int *, miopenConvolutionMode_t){
MIOpen(HIP): 	convDesc = conv2d, miopenConvolution, miopenPaddingDefault, {0, 0}, {1, 1}, {1, 1}, 
MIOpen(HIP): 	spatialDim = 2
MIOpen(HIP): 	pads = { 1 1 }
MIOpen(HIP): 	strides = { 1 1 }
MIOpen(HIP): 	dilations = { 1 1 }
MIOpen(HIP): 	c_mode = 0
MIOpen(HIP): }
MIOpen(HIP): miopenStatus_t miopenSetConvolutionGroupCount(miopenConvolutionDescriptor_t, int){
MIOpen(HIP): 	convDesc = conv2d, miopenConvolution, miopenPaddingDefault, {1, 1}, {1, 1}, {1, 1}, 
MIOpen(HIP): 	groupCount = 1
MIOpen(HIP): }
MIOpen(HIP): miopenStatus_t miopenSetConvolutionAttribute(miopenConvolutionDescriptor_t, const miopenConvolutionAttrib_t, const int){
MIOpen(HIP): 	convDesc = conv2d, miopenConvolution, miopenPaddingDefault, {1, 1}, {1, 1}, {1, 1}, 
MIOpen(HIP): 	attr = 1
MIOpen(HIP): 	value = 0
MIOpen(HIP): }
MIOpen(HIP): miopenStatus_t miopenConvolutionForward(miopenHandle_t, const void *, const miopenTensorDescriptor_t, const void *, const miopenTensorDescriptor_t, const void *, const miopenConvolutionDescriptor_t, miopenConvFwdAlgorithm_t, const void *, const miopenTensorDescriptor_t, void *, void *, size_t){
MIOpen(HIP): 	handle = stream: 0, device_id: 0
MIOpen(HIP): 	alpha = 0x7fff37062900
MIOpen(HIP): 	xDesc = {64, 128, 128, 128}, {2097152, 16384, 128, 1}, packed, 
MIOpen(HIP): 	x = 0x7cdd7f800000
MIOpen(HIP): 	wDesc = {64, 128, 3, 3}, {1152, 9, 3, 1}, packed, 
MIOpen(HIP): 	w = 0x7cdd78600000
MIOpen(HIP): 	convDesc = conv2d, miopenConvolution, miopenPaddingDefault, {1, 1}, {1, 1}, {1, 1}, 
MIOpen(HIP): 	algo = 3
MIOpen(HIP): 	beta = 0x7fff37062908
MIOpen(HIP): 	yDesc = {64, 64, 128, 128}, {1048576, 16384, 128, 1}, packed, 
MIOpen(HIP): 	y = 0x7cdd70400000
MIOpen(HIP): 	workSpace = 0x7cdd78624200
MIOpen(HIP): 	workSpaceSize = 2048
MIOpen(HIP): }
MIOpen(HIP): Command [LogCmdConvolution] ./bin/MIOpenDriver convfp16 -n 64 -c 128 -H 128 -W 128 -k 64 -y 3 -x 3 -p 1 -q 1 -u 1 -v 1 -l 1 -j 1 -m conv -g 1 -F 1 -t 1
MIOpen(HIP): Info [ConvolutionForward] algo = 3, workspace = 2048
MIOpen(HIP): Info2 [GetInvoker] Returning an invoker for problem 128x128x128x3x3x64x128x128x64xNCHWxFP16x1x1x1x1x1x1x1xFxDefault and algorithm miopenConvolutionFwdAlgoWinograd
MIOpen(HIP): Info2 [MakeGcnAsmWinoV2InvokerFactory]  N=64 C=128 H=128 W=128 K=64 R=3 S=3 pad_H=1 pad_W=1 out_H=128 out_W=128 G=1 alpha=0 beta=0 act_mode=0 d_offset=0 f_offset=0 o_offset=0 b_offset=0 d_N_stride=2097152 d_C_stride=16384 d_H_stride=128 d_G_stride=2097152 f_K_stride=1152 f_C_stride=9 f_R_stride=3 f_G_stride=73728 o_N_stride=1048576 o_K_stride=16384 o_H_stride=128 o_G_stride=1048576 n_groups=96 flags64=0xe200 sync_limit=0 sync_period=0
MIOpen(HIP): Info2 [run] kernel_name = miopenSp3AsmConvFury_v2_4_1_gfx11_1536vgprs_fp16_fp16acc_f2x3_c32_stride1, global_work_dim = { 36864, 1, 1 }, local_work_dim = { 384, 1, 1 }
MIOpen(HIP): miopenStatus_t miopenDestroyConvolutionDescriptor(miopenConvolutionDescriptor_t){
MIOpen(HIP): 	convDesc = conv2d, miopenConvolution, miopenPaddingDefault, {1, 1}, {1, 1}, {1, 1}, 
MIOpen(HIP): }
MIOpen(HIP): miopenStatus_t miopenDestroyTensorDescriptor(miopenTensorDescriptor_t){
MIOpen(HIP): 	tensorDesc = {64, 128, 3, 3}, {1152, 9, 3, 1}, packed, 
MIOpen(HIP): }
MIOpen(HIP): miopenStatus_t miopenDestroyTensorDescriptor(miopenTensorDescriptor_t){
MIOpen(HIP): 	tensorDesc = {64, 64, 128, 128}, {1048576, 16384, 128, 1}, packed, 
MIOpen(HIP): }
MIOpen(HIP): miopenStatus_t miopenDestroyTensorDescriptor(miopenTensorDescriptor_t){
MIOpen(HIP): 	tensorDesc = {64, 128, 128, 128}, {2097152, 16384, 128, 1}, packed, 
MIOpen(HIP): }
MIOpen(HIP): Info [get_device_name] Raw device name: gfx1100
MIOpen(HIP): Info [SetStream] stream: 0, device_id: 0
MIOpen(HIP): miopenStatus_t miopenCreateTensorDescriptor(miopenTensorDescriptor_t *){
MIOpen(HIP): 	tensorDesc = 0
MIOpen(HIP): }
MIOpen(HIP): miopenStatus_t miopenSetTensorDescriptorV2(miopenTensorDescriptor_t, miopenDataType_t, int, const size_t *, const size_t *){
MIOpen(HIP): 	tensorDesc = {}, {}, packed, 
MIOpen(HIP): 	dataType = 0
MIOpen(HIP): 	nbDims = 4
MIOpen(HIP): 	dim.values = { 64 128 128 128 }
MIOpen(HIP): 	stride.values = { 2097152 16384 128 1 }
MIOpen(HIP): }
MIOpen(HIP): miopenStatus_t miopenCreateTensorDescriptor(miopenTensorDescriptor_t *){
MIOpen(HIP): 	tensorDesc = 0
MIOpen(HIP): }
MIOpen(HIP): miopenStatus_t miopenSetTensorDescriptorV2(miopenTensorDescriptor_t, miopenDataType_t, int, const size_t *, const size_t *){
MIOpen(HIP): 	tensorDesc = {}, {}, packed, 
MIOpen(HIP): 	dataType = 0
MIOpen(HIP): 	nbDims = 4
MIOpen(HIP): 	dim.values = { 64 128 3 3 }
MIOpen(HIP): 	stride.values = { 1152 9 3 1 }
MIOpen(HIP): }
MIOpen(HIP): miopenStatus_t miopenCreateTensorDescriptor(miopenTensorDescriptor_t *){
MIOpen(HIP): 	tensorDesc = 0
MIOpen(HIP): }
MIOpen(HIP): miopenStatus_t miopenSetTensorDescriptorV2(miopenTensorDescriptor_t, miopenDataType_t, int, const size_t *, const size_t *){
MIOpen(HIP): 	tensorDesc = {}, {}, packed, 
MIOpen(HIP): 	dataType = 0
MIOpen(HIP): 	nbDims = 4
MIOpen(HIP): 	dim.values = { 64 64 128 128 }
MIOpen(HIP): 	stride.values = { 1048576 16384 128 1 }
MIOpen(HIP): }
MIOpen(HIP): miopenStatus_t miopenCreateConvolutionDescriptor(miopenConvolutionDescriptor_t *){
MIOpen(HIP): 	convDesc = 0
MIOpen(HIP): }
MIOpen(HIP): miopenStatus_t miopenInitConvolutionNdDescriptor(miopenConvolutionDescriptor_t, int, const int *, const int *, const int *, miopenConvolutionMode_t){
MIOpen(HIP): 	convDesc = conv2d, miopenConvolution, miopenPaddingDefault, {0, 0}, {1, 1}, {1, 1}, 
MIOpen(HIP): 	spatialDim = 2
MIOpen(HIP): 	pads = { 1 1 }
MIOpen(HIP): 	strides = { 1 1 }
MIOpen(HIP): 	dilations = { 1 1 }
MIOpen(HIP): 	c_mode = 0
MIOpen(HIP): }
MIOpen(HIP): miopenStatus_t miopenSetConvolutionGroupCount(miopenConvolutionDescriptor_t, int){
MIOpen(HIP): 	convDesc = conv2d, miopenConvolution, miopenPaddingDefault, {1, 1}, {1, 1}, {1, 1}, 
MIOpen(HIP): 	groupCount = 1
MIOpen(HIP): }
MIOpen(HIP): miopenStatus_t miopenSetConvolutionAttribute(miopenConvolutionDescriptor_t, const miopenConvolutionAttrib_t, const int){
MIOpen(HIP): 	convDesc = conv2d, miopenConvolution, miopenPaddingDefault, {1, 1}, {1, 1}, {1, 1}, 
MIOpen(HIP): 	attr = 1
MIOpen(HIP): 	value = 0
MIOpen(HIP): }
MIOpen(HIP): miopenStatus_t miopenConvolutionForward(miopenHandle_t, const void *, const miopenTensorDescriptor_t, const void *, const miopenTensorDescriptor_t, const void *, const miopenConvolutionDescriptor_t, miopenConvFwdAlgorithm_t, const void *, const miopenTensorDescriptor_t, void *, void *, size_t){
MIOpen(HIP): 	handle = stream: 0, device_id: 0
MIOpen(HIP): 	alpha = 0x7fff37062900
MIOpen(HIP): 	xDesc = {64, 128, 128, 128}, {2097152, 16384, 128, 1}, packed, 
MIOpen(HIP): 	x = 0x7cdd7f800000
MIOpen(HIP): 	wDesc = {64, 128, 3, 3}, {1152, 9, 3, 1}, packed, 
MIOpen(HIP): 	w = 0x7cdd78600000
MIOpen(HIP): 	convDesc = conv2d, miopenConvolution, miopenPaddingDefault, {1, 1}, {1, 1}, {1, 1}, 
MIOpen(HIP): 	algo = 3
MIOpen(HIP): 	beta = 0x7fff37062908
MIOpen(HIP): 	yDesc = {64, 64, 128, 128}, {1048576, 16384, 128, 1}, packed, 
MIOpen(HIP): 	y = 0x7cdd70400000
MIOpen(HIP): 	workSpace = 0x7cdd78624200
MIOpen(HIP): 	workSpaceSize = 2048
MIOpen(HIP): }
MIOpen(HIP): Command [LogCmdConvolution] ./bin/MIOpenDriver convfp16 -n 64 -c 128 -H 128 -W 128 -k 64 -y 3 -x 3 -p 1 -q 1 -u 1 -v 1 -l 1 -j 1 -m conv -g 1 -F 1 -t 1
MIOpen(HIP): Info [ConvolutionForward] algo = 3, workspace = 2048
MIOpen(HIP): Info2 [GetInvoker] Returning an invoker for problem 128x128x128x3x3x64x128x128x64xNCHWxFP16x1x1x1x1x1x1x1xFxDefault and algorithm miopenConvolutionFwdAlgoWinograd
MIOpen(HIP): Info2 [MakeGcnAsmWinoV2InvokerFactory]  N=64 C=128 H=128 W=128 K=64 R=3 S=3 pad_H=1 pad_W=1 out_H=128 out_W=128 G=1 alpha=0 beta=0 act_mode=0 d_offset=0 f_offset=0 o_offset=0 b_offset=0 d_N_stride=2097152 d_C_stride=16384 d_H_stride=128 d_G_stride=2097152 f_K_stride=1152 f_C_stride=9 f_R_stride=3 f_G_stride=73728 o_N_stride=1048576 o_K_stride=16384 o_H_stride=128 o_G_stride=1048576 n_groups=96 flags64=0xe200 sync_limit=0 sync_period=0
MIOpen(HIP): Info2 [run] kernel_name = miopenSp3AsmConvFury_v2_4_1_gfx11_1536vgprs_fp16_fp16acc_f2x3_c32_stride1, global_work_dim = { 36864, 1, 1 }, local_work_dim = { 384, 1, 1 }
MIOpen(HIP): miopenStatus_t miopenDestroyConvolutionDescriptor(miopenConvolutionDescriptor_t){
MIOpen(HIP): 	convDesc = conv2d, miopenConvolution, miopenPaddingDefault, {1, 1}, {1, 1}, {1, 1}, 
MIOpen(HIP): }
MIOpen(HIP): miopenStatus_t miopenDestroyTensorDescriptor(miopenTensorDescriptor_t){
MIOpen(HIP): 	tensorDesc = {64, 128, 3, 3}, {1152, 9, 3, 1}, packed, 
MIOpen(HIP): }
MIOpen(HIP): miopenStatus_t miopenDestroyTensorDescriptor(miopenTensorDescriptor_t){
MIOpen(HIP): 	tensorDesc = {64, 64, 128, 128}, {1048576, 16384, 128, 1}, packed, 
MIOpen(HIP): }
MIOpen(HIP): miopenStatus_t miopenDestroyTensorDescriptor(miopenTensorDescriptor_t){
MIOpen(HIP): 	tensorDesc = {64, 128, 128, 128}, {2097152, 16384, 128, 1}, packed, 
MIOpen(HIP): }
MIOpen(HIP): Info [get_device_name] Raw device name: gfx1100
MIOpen(HIP): Info [SetStream] stream: 0, device_id: 0
MIOpen(HIP): miopenStatus_t miopenCreateTensorDescriptor(miopenTensorDescriptor_t *){
MIOpen(HIP): 	tensorDesc = 0
MIOpen(HIP): }
MIOpen(HIP): miopenStatus_t miopenSetTensorDescriptorV2(miopenTensorDescriptor_t, miopenDataType_t, int, const size_t *, const size_t *){
MIOpen(HIP): 	tensorDesc = {}, {}, packed, 
MIOpen(HIP): 	dataType = 0
MIOpen(HIP): 	nbDims = 4
MIOpen(HIP): 	dim.values = { 64 128 128 128 }
MIOpen(HIP): 	stride.values = { 2097152 16384 128 1 }
MIOpen(HIP): }
MIOpen(HIP): miopenStatus_t miopenCreateTensorDescriptor(miopenTensorDescriptor_t *){
MIOpen(HIP): 	tensorDesc = 0
MIOpen(HIP): }
MIOpen(HIP): miopenStatus_t miopenSetTensorDescriptorV2(miopenTensorDescriptor_t, miopenDataType_t, int, const size_t *, const size_t *){
MIOpen(HIP): 	tensorDesc = {}, {}, packed, 
MIOpen(HIP): 	dataType = 0
MIOpen(HIP): 	nbDims = 4
MIOpen(HIP): 	dim.values = { 64 128 3 3 }
MIOpen(HIP): 	stride.values = { 1152 9 3 1 }
MIOpen(HIP): }
MIOpen(HIP): miopenStatus_t miopenCreateTensorDescriptor(miopenTensorDescriptor_t *){
MIOpen(HIP): 	tensorDesc = 0
MIOpen(HIP): }
MIOpen(HIP): miopenStatus_t miopenSetTensorDescriptorV2(miopenTensorDescriptor_t, miopenDataType_t, int, const size_t *, const size_t *){
MIOpen(HIP): 	tensorDesc = {}, {}, packed, 
MIOpen(HIP): 	dataType = 0
MIOpen(HIP): 	nbDims = 4
MIOpen(HIP): 	dim.values = { 64 64 128 128 }
MIOpen(HIP): 	stride.values = { 1048576 16384 128 1 }
MIOpen(HIP): }
MIOpen(HIP): miopenStatus_t miopenCreateConvolutionDescriptor(miopenConvolutionDescriptor_t *){
MIOpen(HIP): 	convDesc = 0
MIOpen(HIP): }
MIOpen(HIP): miopenStatus_t miopenInitConvolutionNdDescriptor(miopenConvolutionDescriptor_t, int, const int *, const int *, const int *, miopenConvolutionMode_t){
MIOpen(HIP): 	convDesc = conv2d, miopenConvolution, miopenPaddingDefault, {0, 0}, {1, 1}, {1, 1}, 
MIOpen(HIP): 	spatialDim = 2
MIOpen(HIP): 	pads = { 1 1 }
MIOpen(HIP): 	strides = { 1 1 }
MIOpen(HIP): 	dilations = { 1 1 }
MIOpen(HIP): 	c_mode = 0
MIOpen(HIP): }
MIOpen(HIP): miopenStatus_t miopenSetConvolutionGroupCount(miopenConvolutionDescriptor_t, int){
MIOpen(HIP): 	convDesc = conv2d, miopenConvolution, miopenPaddingDefault, {1, 1}, {1, 1}, {1, 1}, 
MIOpen(HIP): 	groupCount = 1
MIOpen(HIP): }
MIOpen(HIP): miopenStatus_t miopenSetConvolutionAttribute(miopenConvolutionDescriptor_t, const miopenConvolutionAttrib_t, const int){
MIOpen(HIP): 	convDesc = conv2d, miopenConvolution, miopenPaddingDefault, {1, 1}, {1, 1}, {1, 1}, 
MIOpen(HIP): 	attr = 1
MIOpen(HIP): 	value = 0
MIOpen(HIP): }
MIOpen(HIP): miopenStatus_t miopenConvolutionForward(miopenHandle_t, const void *, const miopenTensorDescriptor_t, const void *, const miopenTensorDescriptor_t, const void *, const miopenConvolutionDescriptor_t, miopenConvFwdAlgorithm_t, const void *, const miopenTensorDescriptor_t, void *, void *, size_t){
MIOpen(HIP): 	handle = stream: 0, device_id: 0
MIOpen(HIP): 	alpha = 0x7fff37062900
MIOpen(HIP): 	xDesc = {64, 128, 128, 128}, {2097152, 16384, 128, 1}, packed, 
MIOpen(HIP): 	x = 0x7cdd7f800000
MIOpen(HIP): 	wDesc = {64, 128, 3, 3}, {1152, 9, 3, 1}, packed, 
MIOpen(HIP): 	w = 0x7cdd78600000
MIOpen(HIP): 	convDesc = conv2d, miopenConvolution, miopenPaddingDefault, {1, 1}, {1, 1}, {1, 1}, 
MIOpen(HIP): 	algo = 3
MIOpen(HIP): 	beta = 0x7fff37062908
MIOpen(HIP): 	yDesc = {64, 64, 128, 128}, {1048576, 16384, 128, 1}, packed, 
MIOpen(HIP): 	y = 0x7cdd70400000
MIOpen(HIP): 	workSpace = 0x7cdd78624200
MIOpen(HIP): 	workSpaceSize = 2048
MIOpen(HIP): }
MIOpen(HIP): Command [LogCmdConvolution] ./bin/MIOpenDriver convfp16 -n 64 -c 128 -H 128 -W 128 -k 64 -y 3 -x 3 -p 1 -q 1 -u 1 -v 1 -l 1 -j 1 -m conv -g 1 -F 1 -t 1
MIOpen(HIP): Info [ConvolutionForward] algo = 3, workspace = 2048
MIOpen(HIP): Info2 [GetInvoker] Returning an invoker for problem 128x128x128x3x3x64x128x128x64xNCHWxFP16x1x1x1x1x1x1x1xFxDefault and algorithm miopenConvolutionFwdAlgoWinograd
MIOpen(HIP): Info2 [MakeGcnAsmWinoV2InvokerFactory]  N=64 C=128 H=128 W=128 K=64 R=3 S=3 pad_H=1 pad_W=1 out_H=128 out_W=128 G=1 alpha=0 beta=0 act_mode=0 d_offset=0 f_offset=0 o_offset=0 b_offset=0 d_N_stride=2097152 d_C_stride=16384 d_H_stride=128 d_G_stride=2097152 f_K_stride=1152 f_C_stride=9 f_R_stride=3 f_G_stride=73728 o_N_stride=1048576 o_K_stride=16384 o_H_stride=128 o_G_stride=1048576 n_groups=96 flags64=0xe200 sync_limit=0 sync_period=0
MIOpen(HIP): Info2 [run] kernel_name = miopenSp3AsmConvFury_v2_4_1_gfx11_1536vgprs_fp16_fp16acc_f2x3_c32_stride1, global_work_dim = { 36864, 1, 1 }, local_work_dim = { 384, 1, 1 }
MIOpen(HIP): miopenStatus_t miopenDestroyConvolutionDescriptor(miopenConvolutionDescriptor_t){
MIOpen(HIP): 	convDesc = conv2d, miopenConvolution, miopenPaddingDefault, {1, 1}, {1, 1}, {1, 1}, 
MIOpen(HIP): }
MIOpen(HIP): miopenStatus_t miopenDestroyTensorDescriptor(miopenTensorDescriptor_t){
MIOpen(HIP): 	tensorDesc = {64, 128, 3, 3}, {1152, 9, 3, 1}, packed, 
MIOpen(HIP): }
MIOpen(HIP): miopenStatus_t miopenDestroyTensorDescriptor(miopenTensorDescriptor_t){
MIOpen(HIP): 	tensorDesc = {64, 64, 128, 128}, {1048576, 16384, 128, 1}, packed, 
MIOpen(HIP): }
MIOpen(HIP): miopenStatus_t miopenDestroyTensorDescriptor(miopenTensorDescriptor_t){
MIOpen(HIP): 	tensorDesc = {64, 128, 128, 128}, {2097152, 16384, 128, 1}, packed, 
MIOpen(HIP): }
MIOpen(HIP): Info [get_device_name] Raw device name: gfx1100
MIOpen(HIP): Info [SetStream] stream: 0, device_id: 0
MIOpen(HIP): miopenStatus_t miopenCreateTensorDescriptor(miopenTensorDescriptor_t *){
MIOpen(HIP): 	tensorDesc = 0
MIOpen(HIP): }
MIOpen(HIP): miopenStatus_t miopenSetTensorDescriptorV2(miopenTensorDescriptor_t, miopenDataType_t, int, const size_t *, const size_t *){
MIOpen(HIP): 	tensorDesc = {}, {}, packed, 
MIOpen(HIP): 	dataType = 0
MIOpen(HIP): 	nbDims = 4
MIOpen(HIP): 	dim.values = { 64 128 128 128 }
MIOpen(HIP): 	stride.values = { 2097152 16384 128 1 }
MIOpen(HIP): }
MIOpen(HIP): miopenStatus_t miopenCreateTensorDescriptor(miopenTensorDescriptor_t *){
MIOpen(HIP): 	tensorDesc = 0
MIOpen(HIP): }
MIOpen(HIP): miopenStatus_t miopenSetTensorDescriptorV2(miopenTensorDescriptor_t, miopenDataType_t, int, const size_t *, const size_t *){
MIOpen(HIP): 	tensorDesc = {}, {}, packed, 
MIOpen(HIP): 	dataType = 0
MIOpen(HIP): 	nbDims = 4
MIOpen(HIP): 	dim.values = { 64 128 3 3 }
MIOpen(HIP): 	stride.values = { 1152 9 3 1 }
MIOpen(HIP): }
MIOpen(HIP): miopenStatus_t miopenCreateTensorDescriptor(miopenTensorDescriptor_t *){
MIOpen(HIP): 	tensorDesc = 0
MIOpen(HIP): }
MIOpen(HIP): miopenStatus_t miopenSetTensorDescriptorV2(miopenTensorDescriptor_t, miopenDataType_t, int, const size_t *, const size_t *){
MIOpen(HIP): 	tensorDesc = {}, {}, packed, 
MIOpen(HIP): 	dataType = 0
MIOpen(HIP): 	nbDims = 4
MIOpen(HIP): 	dim.values = { 64 64 128 128 }
MIOpen(HIP): 	stride.values = { 1048576 16384 128 1 }
MIOpen(HIP): }
MIOpen(HIP): miopenStatus_t miopenCreateConvolutionDescriptor(miopenConvolutionDescriptor_t *){
MIOpen(HIP): 	convDesc = 0
MIOpen(HIP): }
MIOpen(HIP): miopenStatus_t miopenInitConvolutionNdDescriptor(miopenConvolutionDescriptor_t, int, const int *, const int *, const int *, miopenConvolutionMode_t){
MIOpen(HIP): 	convDesc = conv2d, miopenConvolution, miopenPaddingDefault, {0, 0}, {1, 1}, {1, 1}, 
MIOpen(HIP): 	spatialDim = 2
MIOpen(HIP): 	pads = { 1 1 }
MIOpen(HIP): 	strides = { 1 1 }
MIOpen(HIP): 	dilations = { 1 1 }
MIOpen(HIP): 	c_mode = 0
MIOpen(HIP): }
MIOpen(HIP): miopenStatus_t miopenSetConvolutionGroupCount(miopenConvolutionDescriptor_t, int){
MIOpen(HIP): 	convDesc = conv2d, miopenConvolution, miopenPaddingDefault, {1, 1}, {1, 1}, {1, 1}, 
MIOpen(HIP): 	groupCount = 1
MIOpen(HIP): }
MIOpen(HIP): miopenStatus_t miopenSetConvolutionAttribute(miopenConvolutionDescriptor_t, const miopenConvolutionAttrib_t, const int){
MIOpen(HIP): 	convDesc = conv2d, miopenConvolution, miopenPaddingDefault, {1, 1}, {1, 1}, {1, 1}, 
MIOpen(HIP): 	attr = 1
MIOpen(HIP): 	value = 0
MIOpen(HIP): }
MIOpen(HIP): miopenStatus_t miopenConvolutionForward(miopenHandle_t, const void *, const miopenTensorDescriptor_t, const void *, const miopenTensorDescriptor_t, const void *, const miopenConvolutionDescriptor_t, miopenConvFwdAlgorithm_t, const void *, const miopenTensorDescriptor_t, void *, void *, size_t){
MIOpen(HIP): 	handle = stream: 0, device_id: 0
MIOpen(HIP): 	alpha = 0x7fff37062900
MIOpen(HIP): 	xDesc = {64, 128, 128, 128}, {2097152, 16384, 128, 1}, packed, 
MIOpen(HIP): 	x = 0x7cdd7f800000
MIOpen(HIP): 	wDesc = {64, 128, 3, 3}, {1152, 9, 3, 1}, packed, 
MIOpen(HIP): 	w = 0x7cdd78600000
MIOpen(HIP): 	convDesc = conv2d, miopenConvolution, miopenPaddingDefault, {1, 1}, {1, 1}, {1, 1}, 
MIOpen(HIP): 	algo = 3
MIOpen(HIP): 	beta = 0x7fff37062908
MIOpen(HIP): 	yDesc = {64, 64, 128, 128}, {1048576, 16384, 128, 1}, packed, 
MIOpen(HIP): 	y = 0x7cdd70400000
MIOpen(HIP): 	workSpace = 0x7cdd78624200
MIOpen(HIP): 	workSpaceSize = 2048
MIOpen(HIP): }
MIOpen(HIP): Command [LogCmdConvolution] ./bin/MIOpenDriver convfp16 -n 64 -c 128 -H 128 -W 128 -k 64 -y 3 -x 3 -p 1 -q 1 -u 1 -v 1 -l 1 -j 1 -m conv -g 1 -F 1 -t 1
MIOpen(HIP): Info [ConvolutionForward] algo = 3, workspace = 2048
MIOpen(HIP): Info2 [GetInvoker] Returning an invoker for problem 128x128x128x3x3x64x128x128x64xNCHWxFP16x1x1x1x1x1x1x1xFxDefault and algorithm miopenConvolutionFwdAlgoWinograd
MIOpen(HIP): Info2 [MakeGcnAsmWinoV2InvokerFactory]  N=64 C=128 H=128 W=128 K=64 R=3 S=3 pad_H=1 pad_W=1 out_H=128 out_W=128 G=1 alpha=0 beta=0 act_mode=0 d_offset=0 f_offset=0 o_offset=0 b_offset=0 d_N_stride=2097152 d_C_stride=16384 d_H_stride=128 d_G_stride=2097152 f_K_stride=1152 f_C_stride=9 f_R_stride=3 f_G_stride=73728 o_N_stride=1048576 o_K_stride=16384 o_H_stride=128 o_G_stride=1048576 n_groups=96 flags64=0xe200 sync_limit=0 sync_period=0
MIOpen(HIP): Info2 [run] kernel_name = miopenSp3AsmConvFury_v2_4_1_gfx11_1536vgprs_fp16_fp16acc_f2x3_c32_stride1, global_work_dim = { 36864, 1, 1 }, local_work_dim = { 384, 1, 1 }
MIOpen(HIP): miopenStatus_t miopenDestroyConvolutionDescriptor(miopenConvolutionDescriptor_t){
MIOpen(HIP): 	convDesc = conv2d, miopenConvolution, miopenPaddingDefault, {1, 1}, {1, 1}, {1, 1}, 
MIOpen(HIP): }
MIOpen(HIP): miopenStatus_t miopenDestroyTensorDescriptor(miopenTensorDescriptor_t){
MIOpen(HIP): 	tensorDesc = {64, 128, 3, 3}, {1152, 9, 3, 1}, packed, 
MIOpen(HIP): }
MIOpen(HIP): miopenStatus_t miopenDestroyTensorDescriptor(miopenTensorDescriptor_t){
MIOpen(HIP): 	tensorDesc = {64, 64, 128, 128}, {1048576, 16384, 128, 1}, packed, 
MIOpen(HIP): }
MIOpen(HIP): miopenStatus_t miopenDestroyTensorDescriptor(miopenTensorDescriptor_t){
MIOpen(HIP): 	tensorDesc = {64, 128, 128, 128}, {2097152, 16384, 128, 1}, packed, 
MIOpen(HIP): }
MIOpen(HIP): Info [get_device_name] Raw device name: gfx1100
MIOpen(HIP): Info [SetStream] stream: 0, device_id: 0
MIOpen(HIP): miopenStatus_t miopenCreateTensorDescriptor(miopenTensorDescriptor_t *){
MIOpen(HIP): 	tensorDesc = 0
MIOpen(HIP): }
MIOpen(HIP): miopenStatus_t miopenSetTensorDescriptorV2(miopenTensorDescriptor_t, miopenDataType_t, int, const size_t *, const size_t *){
MIOpen(HIP): 	tensorDesc = {}, {}, packed, 
MIOpen(HIP): 	dataType = 0
MIOpen(HIP): 	nbDims = 4
MIOpen(HIP): 	dim.values = { 64 128 128 128 }
MIOpen(HIP): 	stride.values = { 2097152 16384 128 1 }
MIOpen(HIP): }
MIOpen(HIP): miopenStatus_t miopenCreateTensorDescriptor(miopenTensorDescriptor_t *){
MIOpen(HIP): 	tensorDesc = 0
MIOpen(HIP): }
MIOpen(HIP): miopenStatus_t miopenSetTensorDescriptorV2(miopenTensorDescriptor_t, miopenDataType_t, int, const size_t *, const size_t *){
MIOpen(HIP): 	tensorDesc = {}, {}, packed, 
MIOpen(HIP): 	dataType = 0
MIOpen(HIP): 	nbDims = 4
MIOpen(HIP): 	dim.values = { 64 128 3 3 }
MIOpen(HIP): 	stride.values = { 1152 9 3 1 }
MIOpen(HIP): }
MIOpen(HIP): miopenStatus_t miopenCreateTensorDescriptor(miopenTensorDescriptor_t *){
MIOpen(HIP): 	tensorDesc = 0
MIOpen(HIP): }
MIOpen(HIP): miopenStatus_t miopenSetTensorDescriptorV2(miopenTensorDescriptor_t, miopenDataType_t, int, const size_t *, const size_t *){
MIOpen(HIP): 	tensorDesc = {}, {}, packed, 
MIOpen(HIP): 	dataType = 0
MIOpen(HIP): 	nbDims = 4
MIOpen(HIP): 	dim.values = { 64 64 128 128 }
MIOpen(HIP): 	stride.values = { 1048576 16384 128 1 }
MIOpen(HIP): }
MIOpen(HIP): miopenStatus_t miopenCreateConvolutionDescriptor(miopenConvolutionDescriptor_t *){
MIOpen(HIP): 	convDesc = 0
MIOpen(HIP): }
MIOpen(HIP): miopenStatus_t miopenInitConvolutionNdDescriptor(miopenConvolutionDescriptor_t, int, const int *, const int *, const int *, miopenConvolutionMode_t){
MIOpen(HIP): 	convDesc = conv2d, miopenConvolution, miopenPaddingDefault, {0, 0}, {1, 1}, {1, 1}, 
MIOpen(HIP): 	spatialDim = 2
MIOpen(HIP): 	pads = { 1 1 }
MIOpen(HIP): 	strides = { 1 1 }
MIOpen(HIP): 	dilations = { 1 1 }
MIOpen(HIP): 	c_mode = 0
MIOpen(HIP): }
MIOpen(HIP): miopenStatus_t miopenSetConvolutionGroupCount(miopenConvolutionDescriptor_t, int){
MIOpen(HIP): 	convDesc = conv2d, miopenConvolution, miopenPaddingDefault, {1, 1}, {1, 1}, {1, 1}, 
MIOpen(HIP): 	groupCount = 1
MIOpen(HIP): }
MIOpen(HIP): miopenStatus_t miopenSetConvolutionAttribute(miopenConvolutionDescriptor_t, const miopenConvolutionAttrib_t, const int){
MIOpen(HIP): 	convDesc = conv2d, miopenConvolution, miopenPaddingDefault, {1, 1}, {1, 1}, {1, 1}, 
MIOpen(HIP): 	attr = 1
MIOpen(HIP): 	value = 0
MIOpen(HIP): }
MIOpen(HIP): miopenStatus_t miopenConvolutionForward(miopenHandle_t, const void *, const miopenTensorDescriptor_t, const void *, const miopenTensorDescriptor_t, const void *, const miopenConvolutionDescriptor_t, miopenConvFwdAlgorithm_t, const void *, const miopenTensorDescriptor_t, void *, void *, size_t){
MIOpen(HIP): 	handle = stream: 0, device_id: 0
MIOpen(HIP): 	alpha = 0x7fff37062900
MIOpen(HIP): 	xDesc = {64, 128, 128, 128}, {2097152, 16384, 128, 1}, packed, 
MIOpen(HIP): 	x = 0x7cdd7f800000
MIOpen(HIP): 	wDesc = {64, 128, 3, 3}, {1152, 9, 3, 1}, packed, 
MIOpen(HIP): 	w = 0x7cdd78600000
MIOpen(HIP): 	convDesc = conv2d, miopenConvolution, miopenPaddingDefault, {1, 1}, {1, 1}, {1, 1}, 
MIOpen(HIP): 	algo = 3
MIOpen(HIP): 	beta = 0x7fff37062908
MIOpen(HIP): 	yDesc = {64, 64, 128, 128}, {1048576, 16384, 128, 1}, packed, 
MIOpen(HIP): 	y = 0x7cdd70400000
MIOpen(HIP): 	workSpace = 0x7cdd78624200
MIOpen(HIP): 	workSpaceSize = 2048
MIOpen(HIP): }
MIOpen(HIP): Command [LogCmdConvolution] ./bin/MIOpenDriver convfp16 -n 64 -c 128 -H 128 -W 128 -k 64 -y 3 -x 3 -p 1 -q 1 -u 1 -v 1 -l 1 -j 1 -m conv -g 1 -F 1 -t 1
MIOpen(HIP): Info [ConvolutionForward] algo = 3, workspace = 2048
MIOpen(HIP): Info2 [GetInvoker] Returning an invoker for problem 128x128x128x3x3x64x128x128x64xNCHWxFP16x1x1x1x1x1x1x1xFxDefault and algorithm miopenConvolutionFwdAlgoWinograd
MIOpen(HIP): Info2 [MakeGcnAsmWinoV2InvokerFactory]  N=64 C=128 H=128 W=128 K=64 R=3 S=3 pad_H=1 pad_W=1 out_H=128 out_W=128 G=1 alpha=0 beta=0 act_mode=0 d_offset=0 f_offset=0 o_offset=0 b_offset=0 d_N_stride=2097152 d_C_stride=16384 d_H_stride=128 d_G_stride=2097152 f_K_stride=1152 f_C_stride=9 f_R_stride=3 f_G_stride=73728 o_N_stride=1048576 o_K_stride=16384 o_H_stride=128 o_G_stride=1048576 n_groups=96 flags64=0xe200 sync_limit=0 sync_period=0
MIOpen(HIP): Info2 [run] kernel_name = miopenSp3AsmConvFury_v2_4_1_gfx11_1536vgprs_fp16_fp16acc_f2x3_c32_stride1, global_work_dim = { 36864, 1, 1 }, local_work_dim = { 384, 1, 1 }
MIOpen(HIP): miopenStatus_t miopenDestroyConvolutionDescriptor(miopenConvolutionDescriptor_t){
MIOpen(HIP): 	convDesc = conv2d, miopenConvolution, miopenPaddingDefault, {1, 1}, {1, 1}, {1, 1}, 
MIOpen(HIP): }
MIOpen(HIP): miopenStatus_t miopenDestroyTensorDescriptor(miopenTensorDescriptor_t){
MIOpen(HIP): 	tensorDesc = {64, 128, 3, 3}, {1152, 9, 3, 1}, packed, 
MIOpen(HIP): }
MIOpen(HIP): miopenStatus_t miopenDestroyTensorDescriptor(miopenTensorDescriptor_t){
MIOpen(HIP): 	tensorDesc = {64, 64, 128, 128}, {1048576, 16384, 128, 1}, packed, 
MIOpen(HIP): }
MIOpen(HIP): miopenStatus_t miopenDestroyTensorDescriptor(miopenTensorDescriptor_t){
MIOpen(HIP): 	tensorDesc = {64, 128, 128, 128}, {2097152, 16384, 128, 1}, packed, 
MIOpen(HIP): }
MIOpen(HIP): Info [get_device_name] Raw device name: gfx1100
MIOpen(HIP): Info [SetStream] stream: 0, device_id: 0
MIOpen(HIP): miopenStatus_t miopenCreateTensorDescriptor(miopenTensorDescriptor_t *){
MIOpen(HIP): 	tensorDesc = 0
MIOpen(HIP): }
MIOpen(HIP): miopenStatus_t miopenSetTensorDescriptorV2(miopenTensorDescriptor_t, miopenDataType_t, int, const size_t *, const size_t *){
MIOpen(HIP): 	tensorDesc = {}, {}, packed, 
MIOpen(HIP): 	dataType = 0
MIOpen(HIP): 	nbDims = 4
MIOpen(HIP): 	dim.values = { 64 128 128 128 }
MIOpen(HIP): 	stride.values = { 2097152 16384 128 1 }
MIOpen(HIP): }
MIOpen(HIP): miopenStatus_t miopenCreateTensorDescriptor(miopenTensorDescriptor_t *){
MIOpen(HIP): 	tensorDesc = 0
MIOpen(HIP): }
MIOpen(HIP): miopenStatus_t miopenSetTensorDescriptorV2(miopenTensorDescriptor_t, miopenDataType_t, int, const size_t *, const size_t *){
MIOpen(HIP): 	tensorDesc = {}, {}, packed, 
MIOpen(HIP): 	dataType = 0
MIOpen(HIP): 	nbDims = 4
MIOpen(HIP): 	dim.values = { 64 128 3 3 }
MIOpen(HIP): 	stride.values = { 1152 9 3 1 }
MIOpen(HIP): }
MIOpen(HIP): miopenStatus_t miopenCreateTensorDescriptor(miopenTensorDescriptor_t *){
MIOpen(HIP): 	tensorDesc = 0
MIOpen(HIP): }
MIOpen(HIP): miopenStatus_t miopenSetTensorDescriptorV2(miopenTensorDescriptor_t, miopenDataType_t, int, const size_t *, const size_t *){
MIOpen(HIP): 	tensorDesc = {}, {}, packed, 
MIOpen(HIP): 	dataType = 0
MIOpen(HIP): 	nbDims = 4
MIOpen(HIP): 	dim.values = { 64 64 128 128 }
MIOpen(HIP): 	stride.values = { 1048576 16384 128 1 }
MIOpen(HIP): }
MIOpen(HIP): miopenStatus_t miopenCreateConvolutionDescriptor(miopenConvolutionDescriptor_t *){
MIOpen(HIP): 	convDesc = 0
MIOpen(HIP): }
MIOpen(HIP): miopenStatus_t miopenInitConvolutionNdDescriptor(miopenConvolutionDescriptor_t, int, const int *, const int *, const int *, miopenConvolutionMode_t){
MIOpen(HIP): 	convDesc = conv2d, miopenConvolution, miopenPaddingDefault, {0, 0}, {1, 1}, {1, 1}, 
MIOpen(HIP): 	spatialDim = 2
MIOpen(HIP): 	pads = { 1 1 }
MIOpen(HIP): 	strides = { 1 1 }
MIOpen(HIP): 	dilations = { 1 1 }
MIOpen(HIP): 	c_mode = 0
MIOpen(HIP): }
MIOpen(HIP): miopenStatus_t miopenSetConvolutionGroupCount(miopenConvolutionDescriptor_t, int){
MIOpen(HIP): 	convDesc = conv2d, miopenConvolution, miopenPaddingDefault, {1, 1}, {1, 1}, {1, 1}, 
MIOpen(HIP): 	groupCount = 1
MIOpen(HIP): }
MIOpen(HIP): miopenStatus_t miopenSetConvolutionAttribute(miopenConvolutionDescriptor_t, const miopenConvolutionAttrib_t, const int){
MIOpen(HIP): 	convDesc = conv2d, miopenConvolution, miopenPaddingDefault, {1, 1}, {1, 1}, {1, 1}, 
MIOpen(HIP): 	attr = 1
MIOpen(HIP): 	value = 0
MIOpen(HIP): }
MIOpen(HIP): miopenStatus_t miopenConvolutionForward(miopenHandle_t, const void *, const miopenTensorDescriptor_t, const void *, const miopenTensorDescriptor_t, const void *, const miopenConvolutionDescriptor_t, miopenConvFwdAlgorithm_t, const void *, const miopenTensorDescriptor_t, void *, void *, size_t){
MIOpen(HIP): 	handle = stream: 0, device_id: 0
MIOpen(HIP): 	alpha = 0x7fff37062900
MIOpen(HIP): 	xDesc = {64, 128, 128, 128}, {2097152, 16384, 128, 1}, packed, 
MIOpen(HIP): 	x = 0x7cdd7f800000
MIOpen(HIP): 	wDesc = {64, 128, 3, 3}, {1152, 9, 3, 1}, packed, 
MIOpen(HIP): 	w = 0x7cdd78600000
MIOpen(HIP): 	convDesc = conv2d, miopenConvolution, miopenPaddingDefault, {1, 1}, {1, 1}, {1, 1}, 
MIOpen(HIP): 	algo = 3
MIOpen(HIP): 	beta = 0x7fff37062908
MIOpen(HIP): 	yDesc = {64, 64, 128, 128}, {1048576, 16384, 128, 1}, packed, 
MIOpen(HIP): 	y = 0x7cdd70400000
MIOpen(HIP): 	workSpace = 0x7cdd78624200
MIOpen(HIP): 	workSpaceSize = 2048
MIOpen(HIP): }
MIOpen(HIP): Command [LogCmdConvolution] ./bin/MIOpenDriver convfp16 -n 64 -c 128 -H 128 -W 128 -k 64 -y 3 -x 3 -p 1 -q 1 -u 1 -v 1 -l 1 -j 1 -m conv -g 1 -F 1 -t 1
MIOpen(HIP): Info [ConvolutionForward] algo = 3, workspace = 2048
MIOpen(HIP): Info2 [GetInvoker] Returning an invoker for problem 128x128x128x3x3x64x128x128x64xNCHWxFP16x1x1x1x1x1x1x1xFxDefault and algorithm miopenConvolutionFwdAlgoWinograd
MIOpen(HIP): Info2 [MakeGcnAsmWinoV2InvokerFactory]  N=64 C=128 H=128 W=128 K=64 R=3 S=3 pad_H=1 pad_W=1 out_H=128 out_W=128 G=1 alpha=0 beta=0 act_mode=0 d_offset=0 f_offset=0 o_offset=0 b_offset=0 d_N_stride=2097152 d_C_stride=16384 d_H_stride=128 d_G_stride=2097152 f_K_stride=1152 f_C_stride=9 f_R_stride=3 f_G_stride=73728 o_N_stride=1048576 o_K_stride=16384 o_H_stride=128 o_G_stride=1048576 n_groups=96 flags64=0xe200 sync_limit=0 sync_period=0
MIOpen(HIP): Info2 [run] kernel_name = miopenSp3AsmConvFury_v2_4_1_gfx11_1536vgprs_fp16_fp16acc_f2x3_c32_stride1, global_work_dim = { 36864, 1, 1 }, local_work_dim = { 384, 1, 1 }
MIOpen(HIP): miopenStatus_t miopenDestroyConvolutionDescriptor(miopenConvolutionDescriptor_t){
MIOpen(HIP): 	convDesc = conv2d, miopenConvolution, miopenPaddingDefault, {1, 1}, {1, 1}, {1, 1}, 
MIOpen(HIP): }
MIOpen(HIP): miopenStatus_t miopenDestroyTensorDescriptor(miopenTensorDescriptor_t){
MIOpen(HIP): 	tensorDesc = {64, 128, 3, 3}, {1152, 9, 3, 1}, packed, 
MIOpen(HIP): }
MIOpen(HIP): miopenStatus_t miopenDestroyTensorDescriptor(miopenTensorDescriptor_t){
MIOpen(HIP): 	tensorDesc = {64, 64, 128, 128}, {1048576, 16384, 128, 1}, packed, 
MIOpen(HIP): }
MIOpen(HIP): miopenStatus_t miopenDestroyTensorDescriptor(miopenTensorDescriptor_t){
MIOpen(HIP): 	tensorDesc = {64, 128, 128, 128}, {2097152, 16384, 128, 1}, packed, 
MIOpen(HIP): }
MIOpen(HIP): Info [get_device_name] Raw device name: gfx1100
MIOpen(HIP): Info [SetStream] stream: 0, device_id: 0
MIOpen(HIP): miopenStatus_t miopenCreateTensorDescriptor(miopenTensorDescriptor_t *){
MIOpen(HIP): 	tensorDesc = 0
MIOpen(HIP): }
MIOpen(HIP): miopenStatus_t miopenSetTensorDescriptorV2(miopenTensorDescriptor_t, miopenDataType_t, int, const size_t *, const size_t *){
MIOpen(HIP): 	tensorDesc = {}, {}, packed, 
MIOpen(HIP): 	dataType = 0
MIOpen(HIP): 	nbDims = 4
MIOpen(HIP): 	dim.values = { 64 128 128 128 }
MIOpen(HIP): 	stride.values = { 2097152 16384 128 1 }
MIOpen(HIP): }
MIOpen(HIP): miopenStatus_t miopenCreateTensorDescriptor(miopenTensorDescriptor_t *){
MIOpen(HIP): 	tensorDesc = 0
MIOpen(HIP): }
MIOpen(HIP): miopenStatus_t miopenSetTensorDescriptorV2(miopenTensorDescriptor_t, miopenDataType_t, int, const size_t *, const size_t *){
MIOpen(HIP): 	tensorDesc = {}, {}, packed, 
MIOpen(HIP): 	dataType = 0
MIOpen(HIP): 	nbDims = 4
MIOpen(HIP): 	dim.values = { 64 128 3 3 }
MIOpen(HIP): 	stride.values = { 1152 9 3 1 }
MIOpen(HIP): }
MIOpen(HIP): miopenStatus_t miopenCreateTensorDescriptor(miopenTensorDescriptor_t *){
MIOpen(HIP): 	tensorDesc = 0
MIOpen(HIP): }
MIOpen(HIP): miopenStatus_t miopenSetTensorDescriptorV2(miopenTensorDescriptor_t, miopenDataType_t, int, const size_t *, const size_t *){
MIOpen(HIP): 	tensorDesc = {}, {}, packed, 
MIOpen(HIP): 	dataType = 0
MIOpen(HIP): 	nbDims = 4
MIOpen(HIP): 	dim.values = { 64 64 128 128 }
MIOpen(HIP): 	stride.values = { 1048576 16384 128 1 }
MIOpen(HIP): }
MIOpen(HIP): miopenStatus_t miopenCreateConvolutionDescriptor(miopenConvolutionDescriptor_t *){
MIOpen(HIP): 	convDesc = 0
MIOpen(HIP): }
MIOpen(HIP): miopenStatus_t miopenInitConvolutionNdDescriptor(miopenConvolutionDescriptor_t, int, const int *, const int *, const int *, miopenConvolutionMode_t){
MIOpen(HIP): 	convDesc = conv2d, miopenConvolution, miopenPaddingDefault, {0, 0}, {1, 1}, {1, 1}, 
MIOpen(HIP): 	spatialDim = 2
MIOpen(HIP): 	pads = { 1 1 }
MIOpen(HIP): 	strides = { 1 1 }
MIOpen(HIP): 	dilations = { 1 1 }
MIOpen(HIP): 	c_mode = 0
MIOpen(HIP): }
MIOpen(HIP): miopenStatus_t miopenSetConvolutionGroupCount(miopenConvolutionDescriptor_t, int){
MIOpen(HIP): 	convDesc = conv2d, miopenConvolution, miopenPaddingDefault, {1, 1}, {1, 1}, {1, 1}, 
MIOpen(HIP): 	groupCount = 1
MIOpen(HIP): }
MIOpen(HIP): miopenStatus_t miopenSetConvolutionAttribute(miopenConvolutionDescriptor_t, const miopenConvolutionAttrib_t, const int){
MIOpen(HIP): 	convDesc = conv2d, miopenConvolution, miopenPaddingDefault, {1, 1}, {1, 1}, {1, 1}, 
MIOpen(HIP): 	attr = 1
MIOpen(HIP): 	value = 0
MIOpen(HIP): }
MIOpen(HIP): miopenStatus_t miopenConvolutionForward(miopenHandle_t, const void *, const miopenTensorDescriptor_t, const void *, const miopenTensorDescriptor_t, const void *, const miopenConvolutionDescriptor_t, miopenConvFwdAlgorithm_t, const void *, const miopenTensorDescriptor_t, void *, void *, size_t){
MIOpen(HIP): 	handle = stream: 0, device_id: 0
MIOpen(HIP): 	alpha = 0x7fff37062900
MIOpen(HIP): 	xDesc = {64, 128, 128, 128}, {2097152, 16384, 128, 1}, packed, 
MIOpen(HIP): 	x = 0x7cdd7f800000
MIOpen(HIP): 	wDesc = {64, 128, 3, 3}, {1152, 9, 3, 1}, packed, 
MIOpen(HIP): 	w = 0x7cdd78600000
MIOpen(HIP): 	convDesc = conv2d, miopenConvolution, miopenPaddingDefault, {1, 1}, {1, 1}, {1, 1}, 
MIOpen(HIP): 	algo = 3
MIOpen(HIP): 	beta = 0x7fff37062908
MIOpen(HIP): 	yDesc = {64, 64, 128, 128}, {1048576, 16384, 128, 1}, packed, 
MIOpen(HIP): 	y = 0x7cdd70400000
MIOpen(HIP): 	workSpace = 0x7cdd78624200
MIOpen(HIP): 	workSpaceSize = 2048
MIOpen(HIP): }
MIOpen(HIP): Command [LogCmdConvolution] ./bin/MIOpenDriver convfp16 -n 64 -c 128 -H 128 -W 128 -k 64 -y 3 -x 3 -p 1 -q 1 -u 1 -v 1 -l 1 -j 1 -m conv -g 1 -F 1 -t 1
MIOpen(HIP): Info [ConvolutionForward] algo = 3, workspace = 2048
MIOpen(HIP): Info2 [GetInvoker] Returning an invoker for problem 128x128x128x3x3x64x128x128x64xNCHWxFP16x1x1x1x1x1x1x1xFxDefault and algorithm miopenConvolutionFwdAlgoWinograd
MIOpen(HIP): Info2 [MakeGcnAsmWinoV2InvokerFactory]  N=64 C=128 H=128 W=128 K=64 R=3 S=3 pad_H=1 pad_W=1 out_H=128 out_W=128 G=1 alpha=0 beta=0 act_mode=0 d_offset=0 f_offset=0 o_offset=0 b_offset=0 d_N_stride=2097152 d_C_stride=16384 d_H_stride=128 d_G_stride=2097152 f_K_stride=1152 f_C_stride=9 f_R_stride=3 f_G_stride=73728 o_N_stride=1048576 o_K_stride=16384 o_H_stride=128 o_G_stride=1048576 n_groups=96 flags64=0xe200 sync_limit=0 sync_period=0
MIOpen(HIP): Info2 [run] kernel_name = miopenSp3AsmConvFury_v2_4_1_gfx11_1536vgprs_fp16_fp16acc_f2x3_c32_stride1, global_work_dim = { 36864, 1, 1 }, local_work_dim = { 384, 1, 1 }
MIOpen(HIP): miopenStatus_t miopenDestroyConvolutionDescriptor(miopenConvolutionDescriptor_t){
MIOpen(HIP): 	convDesc = conv2d, miopenConvolution, miopenPaddingDefault, {1, 1}, {1, 1}, {1, 1}, 
MIOpen(HIP): }
MIOpen(HIP): miopenStatus_t miopenDestroyTensorDescriptor(miopenTensorDescriptor_t){
MIOpen(HIP): 	tensorDesc = {64, 128, 3, 3}, {1152, 9, 3, 1}, packed, 
MIOpen(HIP): }
MIOpen(HIP): miopenStatus_t miopenDestroyTensorDescriptor(miopenTensorDescriptor_t){
MIOpen(HIP): 	tensorDesc = {64, 64, 128, 128}, {1048576, 16384, 128, 1}, packed, 
MIOpen(HIP): }
MIOpen(HIP): miopenStatus_t miopenDestroyTensorDescriptor(miopenTensorDescriptor_t){
MIOpen(HIP): 	tensorDesc = {64, 128, 128, 128}, {2097152, 16384, 128, 1}, packed, 
MIOpen(HIP): }
MIOpen(HIP): Info [get_device_name] Raw device name: gfx1100
MIOpen(HIP): Info [SetStream] stream: 0, device_id: 0
MIOpen(HIP): miopenStatus_t miopenCreateTensorDescriptor(miopenTensorDescriptor_t *){
MIOpen(HIP): 	tensorDesc = 0
MIOpen(HIP): }
MIOpen(HIP): miopenStatus_t miopenSetTensorDescriptorV2(miopenTensorDescriptor_t, miopenDataType_t, int, const size_t *, const size_t *){
MIOpen(HIP): 	tensorDesc = {}, {}, packed, 
MIOpen(HIP): 	dataType = 0
MIOpen(HIP): 	nbDims = 4
MIOpen(HIP): 	dim.values = { 64 128 128 128 }
MIOpen(HIP): 	stride.values = { 2097152 16384 128 1 }
MIOpen(HIP): }
MIOpen(HIP): miopenStatus_t miopenCreateTensorDescriptor(miopenTensorDescriptor_t *){
MIOpen(HIP): 	tensorDesc = 0
MIOpen(HIP): }
MIOpen(HIP): miopenStatus_t miopenSetTensorDescriptorV2(miopenTensorDescriptor_t, miopenDataType_t, int, const size_t *, const size_t *){
MIOpen(HIP): 	tensorDesc = {}, {}, packed, 
MIOpen(HIP): 	dataType = 0
MIOpen(HIP): 	nbDims = 4
MIOpen(HIP): 	dim.values = { 64 128 3 3 }
MIOpen(HIP): 	stride.values = { 1152 9 3 1 }
MIOpen(HIP): }
MIOpen(HIP): miopenStatus_t miopenCreateTensorDescriptor(miopenTensorDescriptor_t *){
MIOpen(HIP): 	tensorDesc = 0
MIOpen(HIP): }
MIOpen(HIP): miopenStatus_t miopenSetTensorDescriptorV2(miopenTensorDescriptor_t, miopenDataType_t, int, const size_t *, const size_t *){
MIOpen(HIP): 	tensorDesc = {}, {}, packed, 
MIOpen(HIP): 	dataType = 0
MIOpen(HIP): 	nbDims = 4
MIOpen(HIP): 	dim.values = { 64 64 128 128 }
MIOpen(HIP): 	stride.values = { 1048576 16384 128 1 }
MIOpen(HIP): }
MIOpen(HIP): miopenStatus_t miopenCreateConvolutionDescriptor(miopenConvolutionDescriptor_t *){
MIOpen(HIP): 	convDesc = 0
MIOpen(HIP): }
MIOpen(HIP): miopenStatus_t miopenInitConvolutionNdDescriptor(miopenConvolutionDescriptor_t, int, const int *, const int *, const int *, miopenConvolutionMode_t){
MIOpen(HIP): 	convDesc = conv2d, miopenConvolution, miopenPaddingDefault, {0, 0}, {1, 1}, {1, 1}, 
MIOpen(HIP): 	spatialDim = 2
MIOpen(HIP): 	pads = { 1 1 }
MIOpen(HIP): 	strides = { 1 1 }
MIOpen(HIP): 	dilations = { 1 1 }
MIOpen(HIP): 	c_mode = 0
MIOpen(HIP): }
MIOpen(HIP): miopenStatus_t miopenSetConvolutionGroupCount(miopenConvolutionDescriptor_t, int){
MIOpen(HIP): 	convDesc = conv2d, miopenConvolution, miopenPaddingDefault, {1, 1}, {1, 1}, {1, 1}, 
MIOpen(HIP): 	groupCount = 1
MIOpen(HIP): }
MIOpen(HIP): miopenStatus_t miopenSetConvolutionAttribute(miopenConvolutionDescriptor_t, const miopenConvolutionAttrib_t, const int){
MIOpen(HIP): 	convDesc = conv2d, miopenConvolution, miopenPaddingDefault, {1, 1}, {1, 1}, {1, 1}, 
MIOpen(HIP): 	attr = 1
MIOpen(HIP): 	value = 0
MIOpen(HIP): }
MIOpen(HIP): miopenStatus_t miopenConvolutionForward(miopenHandle_t, const void *, const miopenTensorDescriptor_t, const void *, const miopenTensorDescriptor_t, const void *, const miopenConvolutionDescriptor_t, miopenConvFwdAlgorithm_t, const void *, const miopenTensorDescriptor_t, void *, void *, size_t){
MIOpen(HIP): 	handle = stream: 0, device_id: 0
MIOpen(HIP): 	alpha = 0x7fff37062900
MIOpen(HIP): 	xDesc = {64, 128, 128, 128}, {2097152, 16384, 128, 1}, packed, 
MIOpen(HIP): 	x = 0x7cdd7f800000
MIOpen(HIP): 	wDesc = {64, 128, 3, 3}, {1152, 9, 3, 1}, packed, 
MIOpen(HIP): 	w = 0x7cdd78600000
MIOpen(HIP): 	convDesc = conv2d, miopenConvolution, miopenPaddingDefault, {1, 1}, {1, 1}, {1, 1}, 
MIOpen(HIP): 	algo = 3
MIOpen(HIP): 	beta = 0x7fff37062908
MIOpen(HIP): 	yDesc = {64, 64, 128, 128}, {1048576, 16384, 128, 1}, packed, 
MIOpen(HIP): 	y = 0x7cdd70400000
MIOpen(HIP): 	workSpace = 0x7cdd78624200
MIOpen(HIP): 	workSpaceSize = 2048
MIOpen(HIP): }
MIOpen(HIP): Command [LogCmdConvolution] ./bin/MIOpenDriver convfp16 -n 64 -c 128 -H 128 -W 128 -k 64 -y 3 -x 3 -p 1 -q 1 -u 1 -v 1 -l 1 -j 1 -m conv -g 1 -F 1 -t 1
MIOpen(HIP): Info [ConvolutionForward] algo = 3, workspace = 2048
MIOpen(HIP): Info2 [GetInvoker] Returning an invoker for problem 128x128x128x3x3x64x128x128x64xNCHWxFP16x1x1x1x1x1x1x1xFxDefault and algorithm miopenConvolutionFwdAlgoWinograd
MIOpen(HIP): Info2 [MakeGcnAsmWinoV2InvokerFactory]  N=64 C=128 H=128 W=128 K=64 R=3 S=3 pad_H=1 pad_W=1 out_H=128 out_W=128 G=1 alpha=0 beta=0 act_mode=0 d_offset=0 f_offset=0 o_offset=0 b_offset=0 d_N_stride=2097152 d_C_stride=16384 d_H_stride=128 d_G_stride=2097152 f_K_stride=1152 f_C_stride=9 f_R_stride=3 f_G_stride=73728 o_N_stride=1048576 o_K_stride=16384 o_H_stride=128 o_G_stride=1048576 n_groups=96 flags64=0xe200 sync_limit=0 sync_period=0
MIOpen(HIP): Info2 [run] kernel_name = miopenSp3AsmConvFury_v2_4_1_gfx11_1536vgprs_fp16_fp16acc_f2x3_c32_stride1, global_work_dim = { 36864, 1, 1 }, local_work_dim = { 384, 1, 1 }
MIOpen(HIP): miopenStatus_t miopenDestroyConvolutionDescriptor(miopenConvolutionDescriptor_t){
MIOpen(HIP): 	convDesc = conv2d, miopenConvolution, miopenPaddingDefault, {1, 1}, {1, 1}, {1, 1}, 
MIOpen(HIP): }
MIOpen(HIP): miopenStatus_t miopenDestroyTensorDescriptor(miopenTensorDescriptor_t){
MIOpen(HIP): 	tensorDesc = {64, 128, 3, 3}, {1152, 9, 3, 1}, packed, 
MIOpen(HIP): }
MIOpen(HIP): miopenStatus_t miopenDestroyTensorDescriptor(miopenTensorDescriptor_t){
MIOpen(HIP): 	tensorDesc = {64, 64, 128, 128}, {1048576, 16384, 128, 1}, packed, 
MIOpen(HIP): }
MIOpen(HIP): miopenStatus_t miopenDestroyTensorDescriptor(miopenTensorDescriptor_t){
MIOpen(HIP): 	tensorDesc = {64, 128, 128, 128}, {2097152, 16384, 128, 1}, packed, 
MIOpen(HIP): }
MIOpen(HIP): Info [get_device_name] Raw device name: gfx1100
MIOpen(HIP): Info [SetStream] stream: 0, device_id: 0
MIOpen(HIP): miopenStatus_t miopenCreateTensorDescriptor(miopenTensorDescriptor_t *){
MIOpen(HIP): 	tensorDesc = 0
MIOpen(HIP): }
MIOpen(HIP): miopenStatus_t miopenSetTensorDescriptorV2(miopenTensorDescriptor_t, miopenDataType_t, int, const size_t *, const size_t *){
MIOpen(HIP): 	tensorDesc = {}, {}, packed, 
MIOpen(HIP): 	dataType = 0
MIOpen(HIP): 	nbDims = 4
MIOpen(HIP): 	dim.values = { 64 128 128 128 }
MIOpen(HIP): 	stride.values = { 2097152 16384 128 1 }
MIOpen(HIP): }
MIOpen(HIP): miopenStatus_t miopenCreateTensorDescriptor(miopenTensorDescriptor_t *){
MIOpen(HIP): 	tensorDesc = 0
MIOpen(HIP): }
MIOpen(HIP): miopenStatus_t miopenSetTensorDescriptorV2(miopenTensorDescriptor_t, miopenDataType_t, int, const size_t *, const size_t *){
MIOpen(HIP): 	tensorDesc = {}, {}, packed, 
MIOpen(HIP): 	dataType = 0
MIOpen(HIP): 	nbDims = 4
MIOpen(HIP): 	dim.values = { 64 128 3 3 }
MIOpen(HIP): 	stride.values = { 1152 9 3 1 }
MIOpen(HIP): }
MIOpen(HIP): miopenStatus_t miopenCreateTensorDescriptor(miopenTensorDescriptor_t *){
MIOpen(HIP): 	tensorDesc = 0
MIOpen(HIP): }
MIOpen(HIP): miopenStatus_t miopenSetTensorDescriptorV2(miopenTensorDescriptor_t, miopenDataType_t, int, const size_t *, const size_t *){
MIOpen(HIP): 	tensorDesc = {}, {}, packed, 
MIOpen(HIP): 	dataType = 0
MIOpen(HIP): 	nbDims = 4
MIOpen(HIP): 	dim.values = { 64 64 128 128 }
MIOpen(HIP): 	stride.values = { 1048576 16384 128 1 }
MIOpen(HIP): }
MIOpen(HIP): miopenStatus_t miopenCreateConvolutionDescriptor(miopenConvolutionDescriptor_t *){
MIOpen(HIP): 	convDesc = 0
MIOpen(HIP): }
MIOpen(HIP): miopenStatus_t miopenInitConvolutionNdDescriptor(miopenConvolutionDescriptor_t, int, const int *, const int *, const int *, miopenConvolutionMode_t){
MIOpen(HIP): 	convDesc = conv2d, miopenConvolution, miopenPaddingDefault, {0, 0}, {1, 1}, {1, 1}, 
MIOpen(HIP): 	spatialDim = 2
MIOpen(HIP): 	pads = { 1 1 }
MIOpen(HIP): 	strides = { 1 1 }
MIOpen(HIP): 	dilations = { 1 1 }
MIOpen(HIP): 	c_mode = 0
MIOpen(HIP): }
MIOpen(HIP): miopenStatus_t miopenSetConvolutionGroupCount(miopenConvolutionDescriptor_t, int){
MIOpen(HIP): 	convDesc = conv2d, miopenConvolution, miopenPaddingDefault, {1, 1}, {1, 1}, {1, 1}, 
MIOpen(HIP): 	groupCount = 1
MIOpen(HIP): }
MIOpen(HIP): miopenStatus_t miopenSetConvolutionAttribute(miopenConvolutionDescriptor_t, const miopenConvolutionAttrib_t, const int){
MIOpen(HIP): 	convDesc = conv2d, miopenConvolution, miopenPaddingDefault, {1, 1}, {1, 1}, {1, 1}, 
MIOpen(HIP): 	attr = 1
MIOpen(HIP): 	value = 0
MIOpen(HIP): }
MIOpen(HIP): miopenStatus_t miopenConvolutionForward(miopenHandle_t, const void *, const miopenTensorDescriptor_t, const void *, const miopenTensorDescriptor_t, const void *, const miopenConvolutionDescriptor_t, miopenConvFwdAlgorithm_t, const void *, const miopenTensorDescriptor_t, void *, void *, size_t){
MIOpen(HIP): 	handle = stream: 0, device_id: 0
MIOpen(HIP): 	alpha = 0x7fff37062900
MIOpen(HIP): 	xDesc = {64, 128, 128, 128}, {2097152, 16384, 128, 1}, packed, 
MIOpen(HIP): 	x = 0x7cdd7f800000
MIOpen(HIP): 	wDesc = {64, 128, 3, 3}, {1152, 9, 3, 1}, packed, 
MIOpen(HIP): 	w = 0x7cdd78600000
MIOpen(HIP): 	convDesc = conv2d, miopenConvolution, miopenPaddingDefault, {1, 1}, {1, 1}, {1, 1}, 
MIOpen(HIP): 	algo = 3
MIOpen(HIP): 	beta = 0x7fff37062908
MIOpen(HIP): 	yDesc = {64, 64, 128, 128}, {1048576, 16384, 128, 1}, packed, 
MIOpen(HIP): 	y = 0x7cdd70400000
MIOpen(HIP): 	workSpace = 0x7cdd78624200
MIOpen(HIP): 	workSpaceSize = 2048
MIOpen(HIP): }
MIOpen(HIP): Command [LogCmdConvolution] ./bin/MIOpenDriver convfp16 -n 64 -c 128 -H 128 -W 128 -k 64 -y 3 -x 3 -p 1 -q 1 -u 1 -v 1 -l 1 -j 1 -m conv -g 1 -F 1 -t 1
MIOpen(HIP): Info [ConvolutionForward] algo = 3, workspace = 2048
MIOpen(HIP): Info2 [GetInvoker] Returning an invoker for problem 128x128x128x3x3x64x128x128x64xNCHWxFP16x1x1x1x1x1x1x1xFxDefault and algorithm miopenConvolutionFwdAlgoWinograd
MIOpen(HIP): Info2 [MakeGcnAsmWinoV2InvokerFactory]  N=64 C=128 H=128 W=128 K=64 R=3 S=3 pad_H=1 pad_W=1 out_H=128 out_W=128 G=1 alpha=0 beta=0 act_mode=0 d_offset=0 f_offset=0 o_offset=0 b_offset=0 d_N_stride=2097152 d_C_stride=16384 d_H_stride=128 d_G_stride=2097152 f_K_stride=1152 f_C_stride=9 f_R_stride=3 f_G_stride=73728 o_N_stride=1048576 o_K_stride=16384 o_H_stride=128 o_G_stride=1048576 n_groups=96 flags64=0xe200 sync_limit=0 sync_period=0
MIOpen(HIP): Info2 [run] kernel_name = miopenSp3AsmConvFury_v2_4_1_gfx11_1536vgprs_fp16_fp16acc_f2x3_c32_stride1, global_work_dim = { 36864, 1, 1 }, local_work_dim = { 384, 1, 1 }
MIOpen(HIP): miopenStatus_t miopenDestroyConvolutionDescriptor(miopenConvolutionDescriptor_t){
MIOpen(HIP): 	convDesc = conv2d, miopenConvolution, miopenPaddingDefault, {1, 1}, {1, 1}, {1, 1}, 
MIOpen(HIP): }
MIOpen(HIP): miopenStatus_t miopenDestroyTensorDescriptor(miopenTensorDescriptor_t){
MIOpen(HIP): 	tensorDesc = {64, 128, 3, 3}, {1152, 9, 3, 1}, packed, 
MIOpen(HIP): }
MIOpen(HIP): miopenStatus_t miopenDestroyTensorDescriptor(miopenTensorDescriptor_t){
MIOpen(HIP): 	tensorDesc = {64, 64, 128, 128}, {1048576, 16384, 128, 1}, packed, 
MIOpen(HIP): }
MIOpen(HIP): miopenStatus_t miopenDestroyTensorDescriptor(miopenTensorDescriptor_t){
MIOpen(HIP): 	tensorDesc = {64, 128, 128, 128}, {2097152, 16384, 128, 1}, packed, 
MIOpen(HIP): }
MIOpen(HIP): Info [get_device_name] Raw device name: gfx1100
MIOpen(HIP): Info [SetStream] stream: 0, device_id: 0
MIOpen(HIP): miopenStatus_t miopenCreateTensorDescriptor(miopenTensorDescriptor_t *){
MIOpen(HIP): 	tensorDesc = 0
MIOpen(HIP): }
MIOpen(HIP): miopenStatus_t miopenSetTensorDescriptorV2(miopenTensorDescriptor_t, miopenDataType_t, int, const size_t *, const size_t *){
MIOpen(HIP): 	tensorDesc = {}, {}, packed, 
MIOpen(HIP): 	dataType = 0
MIOpen(HIP): 	nbDims = 4
MIOpen(HIP): 	dim.values = { 64 128 128 128 }
MIOpen(HIP): 	stride.values = { 2097152 16384 128 1 }
MIOpen(HIP): }
MIOpen(HIP): miopenStatus_t miopenCreateTensorDescriptor(miopenTensorDescriptor_t *){
MIOpen(HIP): 	tensorDesc = 0
MIOpen(HIP): }
MIOpen(HIP): miopenStatus_t miopenSetTensorDescriptorV2(miopenTensorDescriptor_t, miopenDataType_t, int, const size_t *, const size_t *){
MIOpen(HIP): 	tensorDesc = {}, {}, packed, 
MIOpen(HIP): 	dataType = 0
MIOpen(HIP): 	nbDims = 4
MIOpen(HIP): 	dim.values = { 64 128 3 3 }
MIOpen(HIP): 	stride.values = { 1152 9 3 1 }
MIOpen(HIP): }
MIOpen(HIP): miopenStatus_t miopenCreateTensorDescriptor(miopenTensorDescriptor_t *){
MIOpen(HIP): 	tensorDesc = 0
MIOpen(HIP): }
MIOpen(HIP): miopenStatus_t miopenSetTensorDescriptorV2(miopenTensorDescriptor_t, miopenDataType_t, int, const size_t *, const size_t *){
MIOpen(HIP): 	tensorDesc = {}, {}, packed, 
MIOpen(HIP): 	dataType = 0
MIOpen(HIP): 	nbDims = 4
MIOpen(HIP): 	dim.values = { 64 64 128 128 }
MIOpen(HIP): 	stride.values = { 1048576 16384 128 1 }
MIOpen(HIP): }
MIOpen(HIP): miopenStatus_t miopenCreateConvolutionDescriptor(miopenConvolutionDescriptor_t *){
MIOpen(HIP): 	convDesc = 0
MIOpen(HIP): }
MIOpen(HIP): miopenStatus_t miopenInitConvolutionNdDescriptor(miopenConvolutionDescriptor_t, int, const int *, const int *, const int *, miopenConvolutionMode_t){
MIOpen(HIP): 	convDesc = conv2d, miopenConvolution, miopenPaddingDefault, {0, 0}, {1, 1}, {1, 1}, 
MIOpen(HIP): 	spatialDim = 2
MIOpen(HIP): 	pads = { 1 1 }
MIOpen(HIP): 	strides = { 1 1 }
MIOpen(HIP): 	dilations = { 1 1 }
MIOpen(HIP): 	c_mode = 0
MIOpen(HIP): }
MIOpen(HIP): miopenStatus_t miopenSetConvolutionGroupCount(miopenConvolutionDescriptor_t, int){
MIOpen(HIP): 	convDesc = conv2d, miopenConvolution, miopenPaddingDefault, {1, 1}, {1, 1}, {1, 1}, 
MIOpen(HIP): 	groupCount = 1
MIOpen(HIP): }
MIOpen(HIP): miopenStatus_t miopenSetConvolutionAttribute(miopenConvolutionDescriptor_t, const miopenConvolutionAttrib_t, const int){
MIOpen(HIP): 	convDesc = conv2d, miopenConvolution, miopenPaddingDefault, {1, 1}, {1, 1}, {1, 1}, 
MIOpen(HIP): 	attr = 1
MIOpen(HIP): 	value = 0
MIOpen(HIP): }
MIOpen(HIP): miopenStatus_t miopenConvolutionForward(miopenHandle_t, const void *, const miopenTensorDescriptor_t, const void *, const miopenTensorDescriptor_t, const void *, const miopenConvolutionDescriptor_t, miopenConvFwdAlgorithm_t, const void *, const miopenTensorDescriptor_t, void *, void *, size_t){
MIOpen(HIP): 	handle = stream: 0, device_id: 0
MIOpen(HIP): 	alpha = 0x7fff37062900
MIOpen(HIP): 	xDesc = {64, 128, 128, 128}, {2097152, 16384, 128, 1}, packed, 
MIOpen(HIP): 	x = 0x7cdd7f800000
MIOpen(HIP): 	wDesc = {64, 128, 3, 3}, {1152, 9, 3, 1}, packed, 
MIOpen(HIP): 	w = 0x7cdd78600000
MIOpen(HIP): 	convDesc = conv2d, miopenConvolution, miopenPaddingDefault, {1, 1}, {1, 1}, {1, 1}, 
MIOpen(HIP): 	algo = 3
MIOpen(HIP): 	beta = 0x7fff37062908
MIOpen(HIP): 	yDesc = {64, 64, 128, 128}, {1048576, 16384, 128, 1}, packed, 
MIOpen(HIP): 	y = 0x7cdd70400000
MIOpen(HIP): 	workSpace = 0x7cdd78624200
MIOpen(HIP): 	workSpaceSize = 2048
MIOpen(HIP): }
MIOpen(HIP): Command [LogCmdConvolution] ./bin/MIOpenDriver convfp16 -n 64 -c 128 -H 128 -W 128 -k 64 -y 3 -x 3 -p 1 -q 1 -u 1 -v 1 -l 1 -j 1 -m conv -g 1 -F 1 -t 1
MIOpen(HIP): Info [ConvolutionForward] algo = 3, workspace = 2048
MIOpen(HIP): Info2 [GetInvoker] Returning an invoker for problem 128x128x128x3x3x64x128x128x64xNCHWxFP16x1x1x1x1x1x1x1xFxDefault and algorithm miopenConvolutionFwdAlgoWinograd
MIOpen(HIP): Info2 [MakeGcnAsmWinoV2InvokerFactory]  N=64 C=128 H=128 W=128 K=64 R=3 S=3 pad_H=1 pad_W=1 out_H=128 out_W=128 G=1 alpha=0 beta=0 act_mode=0 d_offset=0 f_offset=0 o_offset=0 b_offset=0 d_N_stride=2097152 d_C_stride=16384 d_H_stride=128 d_G_stride=2097152 f_K_stride=1152 f_C_stride=9 f_R_stride=3 f_G_stride=73728 o_N_stride=1048576 o_K_stride=16384 o_H_stride=128 o_G_stride=1048576 n_groups=96 flags64=0xe200 sync_limit=0 sync_period=0
MIOpen(HIP): Info2 [run] kernel_name = miopenSp3AsmConvFury_v2_4_1_gfx11_1536vgprs_fp16_fp16acc_f2x3_c32_stride1, global_work_dim = { 36864, 1, 1 }, local_work_dim = { 384, 1, 1 }
MIOpen(HIP): miopenStatus_t miopenDestroyConvolutionDescriptor(miopenConvolutionDescriptor_t){
MIOpen(HIP): 	convDesc = conv2d, miopenConvolution, miopenPaddingDefault, {1, 1}, {1, 1}, {1, 1}, 
MIOpen(HIP): }
MIOpen(HIP): miopenStatus_t miopenDestroyTensorDescriptor(miopenTensorDescriptor_t){
MIOpen(HIP): 	tensorDesc = {64, 128, 3, 3}, {1152, 9, 3, 1}, packed, 
MIOpen(HIP): }
MIOpen(HIP): miopenStatus_t miopenDestroyTensorDescriptor(miopenTensorDescriptor_t){
MIOpen(HIP): 	tensorDesc = {64, 64, 128, 128}, {1048576, 16384, 128, 1}, packed, 
MIOpen(HIP): }
MIOpen(HIP): miopenStatus_t miopenDestroyTensorDescriptor(miopenTensorDescriptor_t){
MIOpen(HIP): 	tensorDesc = {64, 128, 128, 128}, {2097152, 16384, 128, 1}, packed, 
MIOpen(HIP): }
MIOpen(HIP): Info [get_device_name] Raw device name: gfx1100
MIOpen(HIP): Info [SetStream] stream: 0, device_id: 0
MIOpen(HIP): miopenStatus_t miopenCreateTensorDescriptor(miopenTensorDescriptor_t *){
MIOpen(HIP): 	tensorDesc = 0
MIOpen(HIP): }
MIOpen(HIP): miopenStatus_t miopenSetTensorDescriptorV2(miopenTensorDescriptor_t, miopenDataType_t, int, const size_t *, const size_t *){
MIOpen(HIP): 	tensorDesc = {}, {}, packed, 
MIOpen(HIP): 	dataType = 0
MIOpen(HIP): 	nbDims = 4
MIOpen(HIP): 	dim.values = { 64 128 128 128 }
MIOpen(HIP): 	stride.values = { 2097152 16384 128 1 }
MIOpen(HIP): }
MIOpen(HIP): miopenStatus_t miopenCreateTensorDescriptor(miopenTensorDescriptor_t *){
MIOpen(HIP): 	tensorDesc = 0
MIOpen(HIP): }
MIOpen(HIP): miopenStatus_t miopenSetTensorDescriptorV2(miopenTensorDescriptor_t, miopenDataType_t, int, const size_t *, const size_t *){
MIOpen(HIP): 	tensorDesc = {}, {}, packed, 
MIOpen(HIP): 	dataType = 0
MIOpen(HIP): 	nbDims = 4
MIOpen(HIP): 	dim.values = { 64 128 3 3 }
MIOpen(HIP): 	stride.values = { 1152 9 3 1 }
MIOpen(HIP): }
MIOpen(HIP): miopenStatus_t miopenCreateTensorDescriptor(miopenTensorDescriptor_t *){
MIOpen(HIP): 	tensorDesc = 0
MIOpen(HIP): }
MIOpen(HIP): miopenStatus_t miopenSetTensorDescriptorV2(miopenTensorDescriptor_t, miopenDataType_t, int, const size_t *, const size_t *){
MIOpen(HIP): 	tensorDesc = {}, {}, packed, 
MIOpen(HIP): 	dataType = 0
MIOpen(HIP): 	nbDims = 4
MIOpen(HIP): 	dim.values = { 64 64 128 128 }
MIOpen(HIP): 	stride.values = { 1048576 16384 128 1 }
MIOpen(HIP): }
MIOpen(HIP): miopenStatus_t miopenCreateConvolutionDescriptor(miopenConvolutionDescriptor_t *){
MIOpen(HIP): 	convDesc = 0
MIOpen(HIP): }
MIOpen(HIP): miopenStatus_t miopenInitConvolutionNdDescriptor(miopenConvolutionDescriptor_t, int, const int *, const int *, const int *, miopenConvolutionMode_t){
MIOpen(HIP): 	convDesc = conv2d, miopenConvolution, miopenPaddingDefault, {0, 0}, {1, 1}, {1, 1}, 
MIOpen(HIP): 	spatialDim = 2
MIOpen(HIP): 	pads = { 1 1 }
MIOpen(HIP): 	strides = { 1 1 }
MIOpen(HIP): 	dilations = { 1 1 }
MIOpen(HIP): 	c_mode = 0
MIOpen(HIP): }
MIOpen(HIP): miopenStatus_t miopenSetConvolutionGroupCount(miopenConvolutionDescriptor_t, int){
MIOpen(HIP): 	convDesc = conv2d, miopenConvolution, miopenPaddingDefault, {1, 1}, {1, 1}, {1, 1}, 
MIOpen(HIP): 	groupCount = 1
MIOpen(HIP): }
MIOpen(HIP): miopenStatus_t miopenSetConvolutionAttribute(miopenConvolutionDescriptor_t, const miopenConvolutionAttrib_t, const int){
MIOpen(HIP): 	convDesc = conv2d, miopenConvolution, miopenPaddingDefault, {1, 1}, {1, 1}, {1, 1}, 
MIOpen(HIP): 	attr = 1
MIOpen(HIP): 	value = 0
MIOpen(HIP): }
MIOpen(HIP): miopenStatus_t miopenConvolutionForward(miopenHandle_t, const void *, const miopenTensorDescriptor_t, const void *, const miopenTensorDescriptor_t, const void *, const miopenConvolutionDescriptor_t, miopenConvFwdAlgorithm_t, const void *, const miopenTensorDescriptor_t, void *, void *, size_t){
MIOpen(HIP): 	handle = stream: 0, device_id: 0
MIOpen(HIP): 	alpha = 0x7fff37062900
MIOpen(HIP): 	xDesc = {64, 128, 128, 128}, {2097152, 16384, 128, 1}, packed, 
MIOpen(HIP): 	x = 0x7cdd7f800000
MIOpen(HIP): 	wDesc = {64, 128, 3, 3}, {1152, 9, 3, 1}, packed, 
MIOpen(HIP): 	w = 0x7cdd78600000
MIOpen(HIP): 	convDesc = conv2d, miopenConvolution, miopenPaddingDefault, {1, 1}, {1, 1}, {1, 1}, 
MIOpen(HIP): 	algo = 3
MIOpen(HIP): 	beta = 0x7fff37062908
MIOpen(HIP): 	yDesc = {64, 64, 128, 128}, {1048576, 16384, 128, 1}, packed, 
MIOpen(HIP): 	y = 0x7cdd70400000
MIOpen(HIP): 	workSpace = 0x7cdd78624200
MIOpen(HIP): 	workSpaceSize = 2048
MIOpen(HIP): }
MIOpen(HIP): Command [LogCmdConvolution] ./bin/MIOpenDriver convfp16 -n 64 -c 128 -H 128 -W 128 -k 64 -y 3 -x 3 -p 1 -q 1 -u 1 -v 1 -l 1 -j 1 -m conv -g 1 -F 1 -t 1
MIOpen(HIP): Info [ConvolutionForward] algo = 3, workspace = 2048
MIOpen(HIP): Info2 [GetInvoker] Returning an invoker for problem 128x128x128x3x3x64x128x128x64xNCHWxFP16x1x1x1x1x1x1x1xFxDefault and algorithm miopenConvolutionFwdAlgoWinograd
MIOpen(HIP): Info2 [MakeGcnAsmWinoV2InvokerFactory]  N=64 C=128 H=128 W=128 K=64 R=3 S=3 pad_H=1 pad_W=1 out_H=128 out_W=128 G=1 alpha=0 beta=0 act_mode=0 d_offset=0 f_offset=0 o_offset=0 b_offset=0 d_N_stride=2097152 d_C_stride=16384 d_H_stride=128 d_G_stride=2097152 f_K_stride=1152 f_C_stride=9 f_R_stride=3 f_G_stride=73728 o_N_stride=1048576 o_K_stride=16384 o_H_stride=128 o_G_stride=1048576 n_groups=96 flags64=0xe200 sync_limit=0 sync_period=0
MIOpen(HIP): Info2 [run] kernel_name = miopenSp3AsmConvFury_v2_4_1_gfx11_1536vgprs_fp16_fp16acc_f2x3_c32_stride1, global_work_dim = { 36864, 1, 1 }, local_work_dim = { 384, 1, 1 }
MIOpen(HIP): miopenStatus_t miopenDestroyConvolutionDescriptor(miopenConvolutionDescriptor_t){
MIOpen(HIP): 	convDesc = conv2d, miopenConvolution, miopenPaddingDefault, {1, 1}, {1, 1}, {1, 1}, 
MIOpen(HIP): }
MIOpen(HIP): miopenStatus_t miopenDestroyTensorDescriptor(miopenTensorDescriptor_t){
MIOpen(HIP): 	tensorDesc = {64, 128, 3, 3}, {1152, 9, 3, 1}, packed, 
MIOpen(HIP): }
MIOpen(HIP): miopenStatus_t miopenDestroyTensorDescriptor(miopenTensorDescriptor_t){
MIOpen(HIP): 	tensorDesc = {64, 64, 128, 128}, {1048576, 16384, 128, 1}, packed, 
MIOpen(HIP): }
MIOpen(HIP): miopenStatus_t miopenDestroyTensorDescriptor(miopenTensorDescriptor_t){
MIOpen(HIP): 	tensorDesc = {64, 128, 128, 128}, {2097152, 16384, 128, 1}, packed, 
MIOpen(HIP): }
MIOpen(HIP): Info [get_device_name] Raw device name: gfx1100
MIOpen(HIP): Info [SetStream] stream: 0, device_id: 0
MIOpen(HIP): miopenStatus_t miopenCreateTensorDescriptor(miopenTensorDescriptor_t *){
MIOpen(HIP): 	tensorDesc = 0
MIOpen(HIP): }
MIOpen(HIP): miopenStatus_t miopenSetTensorDescriptorV2(miopenTensorDescriptor_t, miopenDataType_t, int, const size_t *, const size_t *){
MIOpen(HIP): 	tensorDesc = {}, {}, packed, 
MIOpen(HIP): 	dataType = 0
MIOpen(HIP): 	nbDims = 4
MIOpen(HIP): 	dim.values = { 64 128 128 128 }
MIOpen(HIP): 	stride.values = { 2097152 16384 128 1 }
MIOpen(HIP): }
MIOpen(HIP): miopenStatus_t miopenCreateTensorDescriptor(miopenTensorDescriptor_t *){
MIOpen(HIP): 	tensorDesc = 0
MIOpen(HIP): }
MIOpen(HIP): miopenStatus_t miopenSetTensorDescriptorV2(miopenTensorDescriptor_t, miopenDataType_t, int, const size_t *, const size_t *){
MIOpen(HIP): 	tensorDesc = {}, {}, packed, 
MIOpen(HIP): 	dataType = 0
MIOpen(HIP): 	nbDims = 4
MIOpen(HIP): 	dim.values = { 64 128 3 3 }
MIOpen(HIP): 	stride.values = { 1152 9 3 1 }
MIOpen(HIP): }
MIOpen(HIP): miopenStatus_t miopenCreateTensorDescriptor(miopenTensorDescriptor_t *){
MIOpen(HIP): 	tensorDesc = 0
MIOpen(HIP): }
MIOpen(HIP): miopenStatus_t miopenSetTensorDescriptorV2(miopenTensorDescriptor_t, miopenDataType_t, int, const size_t *, const size_t *){
MIOpen(HIP): 	tensorDesc = {}, {}, packed, 
MIOpen(HIP): 	dataType = 0
MIOpen(HIP): 	nbDims = 4
MIOpen(HIP): 	dim.values = { 64 64 128 128 }
MIOpen(HIP): 	stride.values = { 1048576 16384 128 1 }
MIOpen(HIP): }
MIOpen(HIP): miopenStatus_t miopenCreateConvolutionDescriptor(miopenConvolutionDescriptor_t *){
MIOpen(HIP): 	convDesc = 0
MIOpen(HIP): }
MIOpen(HIP): miopenStatus_t miopenInitConvolutionNdDescriptor(miopenConvolutionDescriptor_t, int, const int *, const int *, const int *, miopenConvolutionMode_t){
MIOpen(HIP): 	convDesc = conv2d, miopenConvolution, miopenPaddingDefault, {0, 0}, {1, 1}, {1, 1}, 
MIOpen(HIP): 	spatialDim = 2
MIOpen(HIP): 	pads = { 1 1 }
MIOpen(HIP): 	strides = { 1 1 }
MIOpen(HIP): 	dilations = { 1 1 }
MIOpen(HIP): 	c_mode = 0
MIOpen(HIP): }
MIOpen(HIP): miopenStatus_t miopenSetConvolutionGroupCount(miopenConvolutionDescriptor_t, int){
MIOpen(HIP): 	convDesc = conv2d, miopenConvolution, miopenPaddingDefault, {1, 1}, {1, 1}, {1, 1}, 
MIOpen(HIP): 	groupCount = 1
MIOpen(HIP): }
MIOpen(HIP): miopenStatus_t miopenSetConvolutionAttribute(miopenConvolutionDescriptor_t, const miopenConvolutionAttrib_t, const int){
MIOpen(HIP): 	convDesc = conv2d, miopenConvolution, miopenPaddingDefault, {1, 1}, {1, 1}, {1, 1}, 
MIOpen(HIP): 	attr = 1
MIOpen(HIP): 	value = 0
MIOpen(HIP): }
MIOpen(HIP): miopenStatus_t miopenConvolutionForward(miopenHandle_t, const void *, const miopenTensorDescriptor_t, const void *, const miopenTensorDescriptor_t, const void *, const miopenConvolutionDescriptor_t, miopenConvFwdAlgorithm_t, const void *, const miopenTensorDescriptor_t, void *, void *, size_t){
MIOpen(HIP): 	handle = stream: 0, device_id: 0
MIOpen(HIP): 	alpha = 0x7fff37062900
MIOpen(HIP): 	xDesc = {64, 128, 128, 128}, {2097152, 16384, 128, 1}, packed, 
MIOpen(HIP): 	x = 0x7cdd7f800000
MIOpen(HIP): 	wDesc = {64, 128, 3, 3}, {1152, 9, 3, 1}, packed, 
MIOpen(HIP): 	w = 0x7cdd78600000
MIOpen(HIP): 	convDesc = conv2d, miopenConvolution, miopenPaddingDefault, {1, 1}, {1, 1}, {1, 1}, 
MIOpen(HIP): 	algo = 3
MIOpen(HIP): 	beta = 0x7fff37062908
MIOpen(HIP): 	yDesc = {64, 64, 128, 128}, {1048576, 16384, 128, 1}, packed, 
MIOpen(HIP): 	y = 0x7cdd70400000
MIOpen(HIP): 	workSpace = 0x7cdd78624200
MIOpen(HIP): 	workSpaceSize = 2048
MIOpen(HIP): }
MIOpen(HIP): Command [LogCmdConvolution] ./bin/MIOpenDriver convfp16 -n 64 -c 128 -H 128 -W 128 -k 64 -y 3 -x 3 -p 1 -q 1 -u 1 -v 1 -l 1 -j 1 -m conv -g 1 -F 1 -t 1
MIOpen(HIP): Info [ConvolutionForward] algo = 3, workspace = 2048
MIOpen(HIP): Info2 [GetInvoker] Returning an invoker for problem 128x128x128x3x3x64x128x128x64xNCHWxFP16x1x1x1x1x1x1x1xFxDefault and algorithm miopenConvolutionFwdAlgoWinograd
MIOpen(HIP): Info2 [MakeGcnAsmWinoV2InvokerFactory]  N=64 C=128 H=128 W=128 K=64 R=3 S=3 pad_H=1 pad_W=1 out_H=128 out_W=128 G=1 alpha=0 beta=0 act_mode=0 d_offset=0 f_offset=0 o_offset=0 b_offset=0 d_N_stride=2097152 d_C_stride=16384 d_H_stride=128 d_G_stride=2097152 f_K_stride=1152 f_C_stride=9 f_R_stride=3 f_G_stride=73728 o_N_stride=1048576 o_K_stride=16384 o_H_stride=128 o_G_stride=1048576 n_groups=96 flags64=0xe200 sync_limit=0 sync_period=0
MIOpen(HIP): Info2 [run] kernel_name = miopenSp3AsmConvFury_v2_4_1_gfx11_1536vgprs_fp16_fp16acc_f2x3_c32_stride1, global_work_dim = { 36864, 1, 1 }, local_work_dim = { 384, 1, 1 }
MIOpen(HIP): miopenStatus_t miopenDestroyConvolutionDescriptor(miopenConvolutionDescriptor_t){
MIOpen(HIP): 	convDesc = conv2d, miopenConvolution, miopenPaddingDefault, {1, 1}, {1, 1}, {1, 1}, 
MIOpen(HIP): }
MIOpen(HIP): miopenStatus_t miopenDestroyTensorDescriptor(miopenTensorDescriptor_t){
MIOpen(HIP): 	tensorDesc = {64, 128, 3, 3}, {1152, 9, 3, 1}, packed, 
MIOpen(HIP): }
MIOpen(HIP): miopenStatus_t miopenDestroyTensorDescriptor(miopenTensorDescriptor_t){
MIOpen(HIP): 	tensorDesc = {64, 64, 128, 128}, {1048576, 16384, 128, 1}, packed, 
MIOpen(HIP): }
MIOpen(HIP): miopenStatus_t miopenDestroyTensorDescriptor(miopenTensorDescriptor_t){
MIOpen(HIP): 	tensorDesc = {64, 128, 128, 128}, {2097152, 16384, 128, 1}, packed, 
MIOpen(HIP): }
MIOpen(HIP): Info [get_device_name] Raw device name: gfx1100
MIOpen(HIP): Info [SetStream] stream: 0, device_id: 0
MIOpen(HIP): miopenStatus_t miopenCreateTensorDescriptor(miopenTensorDescriptor_t *){
MIOpen(HIP): 	tensorDesc = 0
MIOpen(HIP): }
MIOpen(HIP): miopenStatus_t miopenSetTensorDescriptorV2(miopenTensorDescriptor_t, miopenDataType_t, int, const size_t *, const size_t *){
MIOpen(HIP): 	tensorDesc = {}, {}, packed, 
MIOpen(HIP): 	dataType = 0
MIOpen(HIP): 	nbDims = 4
MIOpen(HIP): 	dim.values = { 64 128 128 128 }
MIOpen(HIP): 	stride.values = { 2097152 16384 128 1 }
MIOpen(HIP): }
MIOpen(HIP): miopenStatus_t miopenCreateTensorDescriptor(miopenTensorDescriptor_t *){
MIOpen(HIP): 	tensorDesc = 0
MIOpen(HIP): }
MIOpen(HIP): miopenStatus_t miopenSetTensorDescriptorV2(miopenTensorDescriptor_t, miopenDataType_t, int, const size_t *, const size_t *){
MIOpen(HIP): 	tensorDesc = {}, {}, packed, 
MIOpen(HIP): 	dataType = 0
MIOpen(HIP): 	nbDims = 4
MIOpen(HIP): 	dim.values = { 64 128 3 3 }
MIOpen(HIP): 	stride.values = { 1152 9 3 1 }
MIOpen(HIP): }
MIOpen(HIP): miopenStatus_t miopenCreateTensorDescriptor(miopenTensorDescriptor_t *){
MIOpen(HIP): 	tensorDesc = 0
MIOpen(HIP): }
MIOpen(HIP): miopenStatus_t miopenSetTensorDescriptorV2(miopenTensorDescriptor_t, miopenDataType_t, int, const size_t *, const size_t *){
MIOpen(HIP): 	tensorDesc = {}, {}, packed, 
MIOpen(HIP): 	dataType = 0
MIOpen(HIP): 	nbDims = 4
MIOpen(HIP): 	dim.values = { 64 64 128 128 }
MIOpen(HIP): 	stride.values = { 1048576 16384 128 1 }
MIOpen(HIP): }
MIOpen(HIP): miopenStatus_t miopenCreateConvolutionDescriptor(miopenConvolutionDescriptor_t *){
MIOpen(HIP): 	convDesc = 0
MIOpen(HIP): }
MIOpen(HIP): miopenStatus_t miopenInitConvolutionNdDescriptor(miopenConvolutionDescriptor_t, int, const int *, const int *, const int *, miopenConvolutionMode_t){
MIOpen(HIP): 	convDesc = conv2d, miopenConvolution, miopenPaddingDefault, {0, 0}, {1, 1}, {1, 1}, 
MIOpen(HIP): 	spatialDim = 2
MIOpen(HIP): 	pads = { 1 1 }
MIOpen(HIP): 	strides = { 1 1 }
MIOpen(HIP): 	dilations = { 1 1 }
MIOpen(HIP): 	c_mode = 0
MIOpen(HIP): }
MIOpen(HIP): miopenStatus_t miopenSetConvolutionGroupCount(miopenConvolutionDescriptor_t, int){
MIOpen(HIP): 	convDesc = conv2d, miopenConvolution, miopenPaddingDefault, {1, 1}, {1, 1}, {1, 1}, 
MIOpen(HIP): 	groupCount = 1
MIOpen(HIP): }
MIOpen(HIP): miopenStatus_t miopenSetConvolutionAttribute(miopenConvolutionDescriptor_t, const miopenConvolutionAttrib_t, const int){
MIOpen(HIP): 	convDesc = conv2d, miopenConvolution, miopenPaddingDefault, {1, 1}, {1, 1}, {1, 1}, 
MIOpen(HIP): 	attr = 1
MIOpen(HIP): 	value = 0
MIOpen(HIP): }
MIOpen(HIP): miopenStatus_t miopenConvolutionForward(miopenHandle_t, const void *, const miopenTensorDescriptor_t, const void *, const miopenTensorDescriptor_t, const void *, const miopenConvolutionDescriptor_t, miopenConvFwdAlgorithm_t, const void *, const miopenTensorDescriptor_t, void *, void *, size_t){
MIOpen(HIP): 	handle = stream: 0, device_id: 0
MIOpen(HIP): 	alpha = 0x7fff37062900
MIOpen(HIP): 	xDesc = {64, 128, 128, 128}, {2097152, 16384, 128, 1}, packed, 
MIOpen(HIP): 	x = 0x7cdd7f800000
MIOpen(HIP): 	wDesc = {64, 128, 3, 3}, {1152, 9, 3, 1}, packed, 
MIOpen(HIP): 	w = 0x7cdd78600000
MIOpen(HIP): 	convDesc = conv2d, miopenConvolution, miopenPaddingDefault, {1, 1}, {1, 1}, {1, 1}, 
MIOpen(HIP): 	algo = 3
MIOpen(HIP): 	beta = 0x7fff37062908
MIOpen(HIP): 	yDesc = {64, 64, 128, 128}, {1048576, 16384, 128, 1}, packed, 
MIOpen(HIP): 	y = 0x7cdd70400000
MIOpen(HIP): 	workSpace = 0x7cdd78624200
MIOpen(HIP): 	workSpaceSize = 2048
MIOpen(HIP): }
MIOpen(HIP): Command [LogCmdConvolution] ./bin/MIOpenDriver convfp16 -n 64 -c 128 -H 128 -W 128 -k 64 -y 3 -x 3 -p 1 -q 1 -u 1 -v 1 -l 1 -j 1 -m conv -g 1 -F 1 -t 1
MIOpen(HIP): Info [ConvolutionForward] algo = 3, workspace = 2048
MIOpen(HIP): Info2 [GetInvoker] Returning an invoker for problem 128x128x128x3x3x64x128x128x64xNCHWxFP16x1x1x1x1x1x1x1xFxDefault and algorithm miopenConvolutionFwdAlgoWinograd
MIOpen(HIP): Info2 [MakeGcnAsmWinoV2InvokerFactory]  N=64 C=128 H=128 W=128 K=64 R=3 S=3 pad_H=1 pad_W=1 out_H=128 out_W=128 G=1 alpha=0 beta=0 act_mode=0 d_offset=0 f_offset=0 o_offset=0 b_offset=0 d_N_stride=2097152 d_C_stride=16384 d_H_stride=128 d_G_stride=2097152 f_K_stride=1152 f_C_stride=9 f_R_stride=3 f_G_stride=73728 o_N_stride=1048576 o_K_stride=16384 o_H_stride=128 o_G_stride=1048576 n_groups=96 flags64=0xe200 sync_limit=0 sync_period=0
MIOpen(HIP): Info2 [run] kernel_name = miopenSp3AsmConvFury_v2_4_1_gfx11_1536vgprs_fp16_fp16acc_f2x3_c32_stride1, global_work_dim = { 36864, 1, 1 }, local_work_dim = { 384, 1, 1 }
MIOpen(HIP): miopenStatus_t miopenDestroyConvolutionDescriptor(miopenConvolutionDescriptor_t){
MIOpen(HIP): 	convDesc = conv2d, miopenConvolution, miopenPaddingDefault, {1, 1}, {1, 1}, {1, 1}, 
MIOpen(HIP): }
MIOpen(HIP): miopenStatus_t miopenDestroyTensorDescriptor(miopenTensorDescriptor_t){
MIOpen(HIP): 	tensorDesc = {64, 128, 3, 3}, {1152, 9, 3, 1}, packed, 
MIOpen(HIP): }
MIOpen(HIP): miopenStatus_t miopenDestroyTensorDescriptor(miopenTensorDescriptor_t){
MIOpen(HIP): 	tensorDesc = {64, 64, 128, 128}, {1048576, 16384, 128, 1}, packed, 
MIOpen(HIP): }
MIOpen(HIP): miopenStatus_t miopenDestroyTensorDescriptor(miopenTensorDescriptor_t){
MIOpen(HIP): 	tensorDesc = {64, 128, 128, 128}, {2097152, 16384, 128, 1}, packed, 
MIOpen(HIP): }
MIOpen(HIP): Info [get_device_name] Raw device name: gfx1100
MIOpen(HIP): Info [SetStream] stream: 0, device_id: 0
MIOpen(HIP): miopenStatus_t miopenCreateTensorDescriptor(miopenTensorDescriptor_t *){
MIOpen(HIP): 	tensorDesc = 0
MIOpen(HIP): }
MIOpen(HIP): miopenStatus_t miopenSetTensorDescriptorV2(miopenTensorDescriptor_t, miopenDataType_t, int, const size_t *, const size_t *){
MIOpen(HIP): 	tensorDesc = {}, {}, packed, 
MIOpen(HIP): 	dataType = 0
MIOpen(HIP): 	nbDims = 4
MIOpen(HIP): 	dim.values = { 64 128 128 128 }
MIOpen(HIP): 	stride.values = { 2097152 16384 128 1 }
MIOpen(HIP): }
MIOpen(HIP): miopenStatus_t miopenCreateTensorDescriptor(miopenTensorDescriptor_t *){
MIOpen(HIP): 	tensorDesc = 0
MIOpen(HIP): }
MIOpen(HIP): miopenStatus_t miopenSetTensorDescriptorV2(miopenTensorDescriptor_t, miopenDataType_t, int, const size_t *, const size_t *){
MIOpen(HIP): 	tensorDesc = {}, {}, packed, 
MIOpen(HIP): 	dataType = 0
MIOpen(HIP): 	nbDims = 4
MIOpen(HIP): 	dim.values = { 64 128 3 3 }
MIOpen(HIP): 	stride.values = { 1152 9 3 1 }
MIOpen(HIP): }
MIOpen(HIP): miopenStatus_t miopenCreateTensorDescriptor(miopenTensorDescriptor_t *){
MIOpen(HIP): 	tensorDesc = 0
MIOpen(HIP): }
MIOpen(HIP): miopenStatus_t miopenSetTensorDescriptorV2(miopenTensorDescriptor_t, miopenDataType_t, int, const size_t *, const size_t *){
MIOpen(HIP): 	tensorDesc = {}, {}, packed, 
MIOpen(HIP): 	dataType = 0
MIOpen(HIP): 	nbDims = 4
MIOpen(HIP): 	dim.values = { 64 64 128 128 }
MIOpen(HIP): 	stride.values = { 1048576 16384 128 1 }
MIOpen(HIP): }
MIOpen(HIP): miopenStatus_t miopenCreateConvolutionDescriptor(miopenConvolutionDescriptor_t *){
MIOpen(HIP): 	convDesc = 0
MIOpen(HIP): }
MIOpen(HIP): miopenStatus_t miopenInitConvolutionNdDescriptor(miopenConvolutionDescriptor_t, int, const int *, const int *, const int *, miopenConvolutionMode_t){
MIOpen(HIP): 	convDesc = conv2d, miopenConvolution, miopenPaddingDefault, {0, 0}, {1, 1}, {1, 1}, 
MIOpen(HIP): 	spatialDim = 2
MIOpen(HIP): 	pads = { 1 1 }
MIOpen(HIP): 	strides = { 1 1 }
MIOpen(HIP): 	dilations = { 1 1 }
MIOpen(HIP): 	c_mode = 0
MIOpen(HIP): }
MIOpen(HIP): miopenStatus_t miopenSetConvolutionGroupCount(miopenConvolutionDescriptor_t, int){
MIOpen(HIP): 	convDesc = conv2d, miopenConvolution, miopenPaddingDefault, {1, 1}, {1, 1}, {1, 1}, 
MIOpen(HIP): 	groupCount = 1
MIOpen(HIP): }
MIOpen(HIP): miopenStatus_t miopenSetConvolutionAttribute(miopenConvolutionDescriptor_t, const miopenConvolutionAttrib_t, const int){
MIOpen(HIP): 	convDesc = conv2d, miopenConvolution, miopenPaddingDefault, {1, 1}, {1, 1}, {1, 1}, 
MIOpen(HIP): 	attr = 1
MIOpen(HIP): 	value = 0
MIOpen(HIP): }
MIOpen(HIP): miopenStatus_t miopenConvolutionForward(miopenHandle_t, const void *, const miopenTensorDescriptor_t, const void *, const miopenTensorDescriptor_t, const void *, const miopenConvolutionDescriptor_t, miopenConvFwdAlgorithm_t, const void *, const miopenTensorDescriptor_t, void *, void *, size_t){
MIOpen(HIP): 	handle = stream: 0, device_id: 0
MIOpen(HIP): 	alpha = 0x7fff37062900
MIOpen(HIP): 	xDesc = {64, 128, 128, 128}, {2097152, 16384, 128, 1}, packed, 
MIOpen(HIP): 	x = 0x7cdd7f800000
MIOpen(HIP): 	wDesc = {64, 128, 3, 3}, {1152, 9, 3, 1}, packed, 
MIOpen(HIP): 	w = 0x7cdd78600000
MIOpen(HIP): 	convDesc = conv2d, miopenConvolution, miopenPaddingDefault, {1, 1}, {1, 1}, {1, 1}, 
MIOpen(HIP): 	algo = 3
MIOpen(HIP): 	beta = 0x7fff37062908
MIOpen(HIP): 	yDesc = {64, 64, 128, 128}, {1048576, 16384, 128, 1}, packed, 
MIOpen(HIP): 	y = 0x7cdd70400000
MIOpen(HIP): 	workSpace = 0x7cdd78624200
MIOpen(HIP): 	workSpaceSize = 2048
MIOpen(HIP): }
MIOpen(HIP): Command [LogCmdConvolution] ./bin/MIOpenDriver convfp16 -n 64 -c 128 -H 128 -W 128 -k 64 -y 3 -x 3 -p 1 -q 1 -u 1 -v 1 -l 1 -j 1 -m conv -g 1 -F 1 -t 1
MIOpen(HIP): Info [ConvolutionForward] algo = 3, workspace = 2048
MIOpen(HIP): Info2 [GetInvoker] Returning an invoker for problem 128x128x128x3x3x64x128x128x64xNCHWxFP16x1x1x1x1x1x1x1xFxDefault and algorithm miopenConvolutionFwdAlgoWinograd
MIOpen(HIP): Info2 [MakeGcnAsmWinoV2InvokerFactory]  N=64 C=128 H=128 W=128 K=64 R=3 S=3 pad_H=1 pad_W=1 out_H=128 out_W=128 G=1 alpha=0 beta=0 act_mode=0 d_offset=0 f_offset=0 o_offset=0 b_offset=0 d_N_stride=2097152 d_C_stride=16384 d_H_stride=128 d_G_stride=2097152 f_K_stride=1152 f_C_stride=9 f_R_stride=3 f_G_stride=73728 o_N_stride=1048576 o_K_stride=16384 o_H_stride=128 o_G_stride=1048576 n_groups=96 flags64=0xe200 sync_limit=0 sync_period=0
MIOpen(HIP): Info2 [run] kernel_name = miopenSp3AsmConvFury_v2_4_1_gfx11_1536vgprs_fp16_fp16acc_f2x3_c32_stride1, global_work_dim = { 36864, 1, 1 }, local_work_dim = { 384, 1, 1 }
MIOpen(HIP): miopenStatus_t miopenDestroyConvolutionDescriptor(miopenConvolutionDescriptor_t){
MIOpen(HIP): 	convDesc = conv2d, miopenConvolution, miopenPaddingDefault, {1, 1}, {1, 1}, {1, 1}, 
MIOpen(HIP): }
MIOpen(HIP): miopenStatus_t miopenDestroyTensorDescriptor(miopenTensorDescriptor_t){
MIOpen(HIP): 	tensorDesc = {64, 128, 3, 3}, {1152, 9, 3, 1}, packed, 
MIOpen(HIP): }
MIOpen(HIP): miopenStatus_t miopenDestroyTensorDescriptor(miopenTensorDescriptor_t){
MIOpen(HIP): 	tensorDesc = {64, 64, 128, 128}, {1048576, 16384, 128, 1}, packed, 
MIOpen(HIP): }
MIOpen(HIP): miopenStatus_t miopenDestroyTensorDescriptor(miopenTensorDescriptor_t){
MIOpen(HIP): 	tensorDesc = {64, 128, 128, 128}, {2097152, 16384, 128, 1}, packed, 
MIOpen(HIP): }
MIOpen(HIP): Info [get_device_name] Raw device name: gfx1100
MIOpen(HIP): Info [SetStream] stream: 0, device_id: 0
MIOpen(HIP): miopenStatus_t miopenCreateTensorDescriptor(miopenTensorDescriptor_t *){
MIOpen(HIP): 	tensorDesc = 0
MIOpen(HIP): }
MIOpen(HIP): miopenStatus_t miopenSetTensorDescriptorV2(miopenTensorDescriptor_t, miopenDataType_t, int, const size_t *, const size_t *){
MIOpen(HIP): 	tensorDesc = {}, {}, packed, 
MIOpen(HIP): 	dataType = 0
MIOpen(HIP): 	nbDims = 4
MIOpen(HIP): 	dim.values = { 64 128 128 128 }
MIOpen(HIP): 	stride.values = { 2097152 16384 128 1 }
MIOpen(HIP): }
MIOpen(HIP): miopenStatus_t miopenCreateTensorDescriptor(miopenTensorDescriptor_t *){
MIOpen(HIP): 	tensorDesc = 0
MIOpen(HIP): }
MIOpen(HIP): miopenStatus_t miopenSetTensorDescriptorV2(miopenTensorDescriptor_t, miopenDataType_t, int, const size_t *, const size_t *){
MIOpen(HIP): 	tensorDesc = {}, {}, packed, 
MIOpen(HIP): 	dataType = 0
MIOpen(HIP): 	nbDims = 4
MIOpen(HIP): 	dim.values = { 64 128 3 3 }
MIOpen(HIP): 	stride.values = { 1152 9 3 1 }
MIOpen(HIP): }
MIOpen(HIP): miopenStatus_t miopenCreateTensorDescriptor(miopenTensorDescriptor_t *){
MIOpen(HIP): 	tensorDesc = 0
MIOpen(HIP): }
MIOpen(HIP): miopenStatus_t miopenSetTensorDescriptorV2(miopenTensorDescriptor_t, miopenDataType_t, int, const size_t *, const size_t *){
MIOpen(HIP): 	tensorDesc = {}, {}, packed, 
MIOpen(HIP): 	dataType = 0
MIOpen(HIP): 	nbDims = 4
MIOpen(HIP): 	dim.values = { 64 64 128 128 }
MIOpen(HIP): 	stride.values = { 1048576 16384 128 1 }
MIOpen(HIP): }
MIOpen(HIP): miopenStatus_t miopenCreateConvolutionDescriptor(miopenConvolutionDescriptor_t *){
MIOpen(HIP): 	convDesc = 0
MIOpen(HIP): }
MIOpen(HIP): miopenStatus_t miopenInitConvolutionNdDescriptor(miopenConvolutionDescriptor_t, int, const int *, const int *, const int *, miopenConvolutionMode_t){
MIOpen(HIP): 	convDesc = conv2d, miopenConvolution, miopenPaddingDefault, {0, 0}, {1, 1}, {1, 1}, 
MIOpen(HIP): 	spatialDim = 2
MIOpen(HIP): 	pads = { 1 1 }
MIOpen(HIP): 	strides = { 1 1 }
MIOpen(HIP): 	dilations = { 1 1 }
MIOpen(HIP): 	c_mode = 0
MIOpen(HIP): }
MIOpen(HIP): miopenStatus_t miopenSetConvolutionGroupCount(miopenConvolutionDescriptor_t, int){
MIOpen(HIP): 	convDesc = conv2d, miopenConvolution, miopenPaddingDefault, {1, 1}, {1, 1}, {1, 1}, 
MIOpen(HIP): 	groupCount = 1
MIOpen(HIP): }
MIOpen(HIP): miopenStatus_t miopenSetConvolutionAttribute(miopenConvolutionDescriptor_t, const miopenConvolutionAttrib_t, const int){
MIOpen(HIP): 	convDesc = conv2d, miopenConvolution, miopenPaddingDefault, {1, 1}, {1, 1}, {1, 1}, 
MIOpen(HIP): 	attr = 1
MIOpen(HIP): 	value = 0
MIOpen(HIP): }
MIOpen(HIP): miopenStatus_t miopenConvolutionForward(miopenHandle_t, const void *, const miopenTensorDescriptor_t, const void *, const miopenTensorDescriptor_t, const void *, const miopenConvolutionDescriptor_t, miopenConvFwdAlgorithm_t, const void *, const miopenTensorDescriptor_t, void *, void *, size_t){
MIOpen(HIP): 	handle = stream: 0, device_id: 0
MIOpen(HIP): 	alpha = 0x7fff37062900
MIOpen(HIP): 	xDesc = {64, 128, 128, 128}, {2097152, 16384, 128, 1}, packed, 
MIOpen(HIP): 	x = 0x7cdd7f800000
MIOpen(HIP): 	wDesc = {64, 128, 3, 3}, {1152, 9, 3, 1}, packed, 
MIOpen(HIP): 	w = 0x7cdd78600000
MIOpen(HIP): 	convDesc = conv2d, miopenConvolution, miopenPaddingDefault, {1, 1}, {1, 1}, {1, 1}, 
MIOpen(HIP): 	algo = 3
MIOpen(HIP): 	beta = 0x7fff37062908
MIOpen(HIP): 	yDesc = {64, 64, 128, 128}, {1048576, 16384, 128, 1}, packed, 
MIOpen(HIP): 	y = 0x7cdd70400000
MIOpen(HIP): 	workSpace = 0x7cdd78624200
MIOpen(HIP): 	workSpaceSize = 2048
MIOpen(HIP): }
MIOpen(HIP): Command [LogCmdConvolution] ./bin/MIOpenDriver convfp16 -n 64 -c 128 -H 128 -W 128 -k 64 -y 3 -x 3 -p 1 -q 1 -u 1 -v 1 -l 1 -j 1 -m conv -g 1 -F 1 -t 1
MIOpen(HIP): Info [ConvolutionForward] algo = 3, workspace = 2048
MIOpen(HIP): Info2 [GetInvoker] Returning an invoker for problem 128x128x128x3x3x64x128x128x64xNCHWxFP16x1x1x1x1x1x1x1xFxDefault and algorithm miopenConvolutionFwdAlgoWinograd
MIOpen(HIP): Info2 [MakeGcnAsmWinoV2InvokerFactory]  N=64 C=128 H=128 W=128 K=64 R=3 S=3 pad_H=1 pad_W=1 out_H=128 out_W=128 G=1 alpha=0 beta=0 act_mode=0 d_offset=0 f_offset=0 o_offset=0 b_offset=0 d_N_stride=2097152 d_C_stride=16384 d_H_stride=128 d_G_stride=2097152 f_K_stride=1152 f_C_stride=9 f_R_stride=3 f_G_stride=73728 o_N_stride=1048576 o_K_stride=16384 o_H_stride=128 o_G_stride=1048576 n_groups=96 flags64=0xe200 sync_limit=0 sync_period=0
MIOpen(HIP): Info2 [run] kernel_name = miopenSp3AsmConvFury_v2_4_1_gfx11_1536vgprs_fp16_fp16acc_f2x3_c32_stride1, global_work_dim = { 36864, 1, 1 }, local_work_dim = { 384, 1, 1 }
MIOpen(HIP): miopenStatus_t miopenDestroyConvolutionDescriptor(miopenConvolutionDescriptor_t){
MIOpen(HIP): 	convDesc = conv2d, miopenConvolution, miopenPaddingDefault, {1, 1}, {1, 1}, {1, 1}, 
MIOpen(HIP): }
MIOpen(HIP): miopenStatus_t miopenDestroyTensorDescriptor(miopenTensorDescriptor_t){
MIOpen(HIP): 	tensorDesc = {64, 128, 3, 3}, {1152, 9, 3, 1}, packed, 
MIOpen(HIP): }
MIOpen(HIP): miopenStatus_t miopenDestroyTensorDescriptor(miopenTensorDescriptor_t){
MIOpen(HIP): 	tensorDesc = {64, 64, 128, 128}, {1048576, 16384, 128, 1}, packed, 
MIOpen(HIP): }
MIOpen(HIP): miopenStatus_t miopenDestroyTensorDescriptor(miopenTensorDescriptor_t){
MIOpen(HIP): 	tensorDesc = {64, 128, 128, 128}, {2097152, 16384, 128, 1}, packed, 
MIOpen(HIP): }
MIOpen(HIP): Info [get_device_name] Raw device name: gfx1100
MIOpen(HIP): Info [SetStream] stream: 0, device_id: 0
MIOpen(HIP): miopenStatus_t miopenCreateTensorDescriptor(miopenTensorDescriptor_t *){
MIOpen(HIP): 	tensorDesc = 0
MIOpen(HIP): }
MIOpen(HIP): miopenStatus_t miopenSetTensorDescriptorV2(miopenTensorDescriptor_t, miopenDataType_t, int, const size_t *, const size_t *){
MIOpen(HIP): 	tensorDesc = {}, {}, packed, 
MIOpen(HIP): 	dataType = 0
MIOpen(HIP): 	nbDims = 4
MIOpen(HIP): 	dim.values = { 64 128 128 128 }
MIOpen(HIP): 	stride.values = { 2097152 16384 128 1 }
MIOpen(HIP): }
MIOpen(HIP): miopenStatus_t miopenCreateTensorDescriptor(miopenTensorDescriptor_t *){
MIOpen(HIP): 	tensorDesc = 0
MIOpen(HIP): }
MIOpen(HIP): miopenStatus_t miopenSetTensorDescriptorV2(miopenTensorDescriptor_t, miopenDataType_t, int, const size_t *, const size_t *){
MIOpen(HIP): 	tensorDesc = {}, {}, packed, 
MIOpen(HIP): 	dataType = 0
MIOpen(HIP): 	nbDims = 4
MIOpen(HIP): 	dim.values = { 64 128 3 3 }
MIOpen(HIP): 	stride.values = { 1152 9 3 1 }
MIOpen(HIP): }
MIOpen(HIP): miopenStatus_t miopenCreateTensorDescriptor(miopenTensorDescriptor_t *){
MIOpen(HIP): 	tensorDesc = 0
MIOpen(HIP): }
MIOpen(HIP): miopenStatus_t miopenSetTensorDescriptorV2(miopenTensorDescriptor_t, miopenDataType_t, int, const size_t *, const size_t *){
MIOpen(HIP): 	tensorDesc = {}, {}, packed, 
MIOpen(HIP): 	dataType = 0
MIOpen(HIP): 	nbDims = 4
MIOpen(HIP): 	dim.values = { 64 64 128 128 }
MIOpen(HIP): 	stride.values = { 1048576 16384 128 1 }
MIOpen(HIP): }
MIOpen(HIP): miopenStatus_t miopenCreateConvolutionDescriptor(miopenConvolutionDescriptor_t *){
MIOpen(HIP): 	convDesc = 0
MIOpen(HIP): }
MIOpen(HIP): miopenStatus_t miopenInitConvolutionNdDescriptor(miopenConvolutionDescriptor_t, int, const int *, const int *, const int *, miopenConvolutionMode_t){
MIOpen(HIP): 	convDesc = conv2d, miopenConvolution, miopenPaddingDefault, {0, 0}, {1, 1}, {1, 1}, 
MIOpen(HIP): 	spatialDim = 2
MIOpen(HIP): 	pads = { 1 1 }
MIOpen(HIP): 	strides = { 1 1 }
MIOpen(HIP): 	dilations = { 1 1 }
MIOpen(HIP): 	c_mode = 0
MIOpen(HIP): }
MIOpen(HIP): miopenStatus_t miopenSetConvolutionGroupCount(miopenConvolutionDescriptor_t, int){
MIOpen(HIP): 	convDesc = conv2d, miopenConvolution, miopenPaddingDefault, {1, 1}, {1, 1}, {1, 1}, 
MIOpen(HIP): 	groupCount = 1
MIOpen(HIP): }
MIOpen(HIP): miopenStatus_t miopenSetConvolutionAttribute(miopenConvolutionDescriptor_t, const miopenConvolutionAttrib_t, const int){
MIOpen(HIP): 	convDesc = conv2d, miopenConvolution, miopenPaddingDefault, {1, 1}, {1, 1}, {1, 1}, 
MIOpen(HIP): 	attr = 1
MIOpen(HIP): 	value = 0
MIOpen(HIP): }
MIOpen(HIP): miopenStatus_t miopenConvolutionForward(miopenHandle_t, const void *, const miopenTensorDescriptor_t, const void *, const miopenTensorDescriptor_t, const void *, const miopenConvolutionDescriptor_t, miopenConvFwdAlgorithm_t, const void *, const miopenTensorDescriptor_t, void *, void *, size_t){
MIOpen(HIP): 	handle = stream: 0, device_id: 0
MIOpen(HIP): 	alpha = 0x7fff37062900
MIOpen(HIP): 	xDesc = {64, 128, 128, 128}, {2097152, 16384, 128, 1}, packed, 
MIOpen(HIP): 	x = 0x7cdd7f800000
MIOpen(HIP): 	wDesc = {64, 128, 3, 3}, {1152, 9, 3, 1}, packed, 
MIOpen(HIP): 	w = 0x7cdd78600000
MIOpen(HIP): 	convDesc = conv2d, miopenConvolution, miopenPaddingDefault, {1, 1}, {1, 1}, {1, 1}, 
MIOpen(HIP): 	algo = 3
MIOpen(HIP): 	beta = 0x7fff37062908
MIOpen(HIP): 	yDesc = {64, 64, 128, 128}, {1048576, 16384, 128, 1}, packed, 
MIOpen(HIP): 	y = 0x7cdd70400000
MIOpen(HIP): 	workSpace = 0x7cdd78624200
MIOpen(HIP): 	workSpaceSize = 2048
MIOpen(HIP): }
MIOpen(HIP): Command [LogCmdConvolution] ./bin/MIOpenDriver convfp16 -n 64 -c 128 -H 128 -W 128 -k 64 -y 3 -x 3 -p 1 -q 1 -u 1 -v 1 -l 1 -j 1 -m conv -g 1 -F 1 -t 1
MIOpen(HIP): Info [ConvolutionForward] algo = 3, workspace = 2048
MIOpen(HIP): Info2 [GetInvoker] Returning an invoker for problem 128x128x128x3x3x64x128x128x64xNCHWxFP16x1x1x1x1x1x1x1xFxDefault and algorithm miopenConvolutionFwdAlgoWinograd
MIOpen(HIP): Info2 [MakeGcnAsmWinoV2InvokerFactory]  N=64 C=128 H=128 W=128 K=64 R=3 S=3 pad_H=1 pad_W=1 out_H=128 out_W=128 G=1 alpha=0 beta=0 act_mode=0 d_offset=0 f_offset=0 o_offset=0 b_offset=0 d_N_stride=2097152 d_C_stride=16384 d_H_stride=128 d_G_stride=2097152 f_K_stride=1152 f_C_stride=9 f_R_stride=3 f_G_stride=73728 o_N_stride=1048576 o_K_stride=16384 o_H_stride=128 o_G_stride=1048576 n_groups=96 flags64=0xe200 sync_limit=0 sync_period=0
MIOpen(HIP): Info2 [run] kernel_name = miopenSp3AsmConvFury_v2_4_1_gfx11_1536vgprs_fp16_fp16acc_f2x3_c32_stride1, global_work_dim = { 36864, 1, 1 }, local_work_dim = { 384, 1, 1 }
MIOpen(HIP): miopenStatus_t miopenDestroyConvolutionDescriptor(miopenConvolutionDescriptor_t){
MIOpen(HIP): 	convDesc = conv2d, miopenConvolution, miopenPaddingDefault, {1, 1}, {1, 1}, {1, 1}, 
MIOpen(HIP): }
MIOpen(HIP): miopenStatus_t miopenDestroyTensorDescriptor(miopenTensorDescriptor_t){
MIOpen(HIP): 	tensorDesc = {64, 128, 3, 3}, {1152, 9, 3, 1}, packed, 
MIOpen(HIP): }
MIOpen(HIP): miopenStatus_t miopenDestroyTensorDescriptor(miopenTensorDescriptor_t){
MIOpen(HIP): 	tensorDesc = {64, 64, 128, 128}, {1048576, 16384, 128, 1}, packed, 
MIOpen(HIP): }
MIOpen(HIP): miopenStatus_t miopenDestroyTensorDescriptor(miopenTensorDescriptor_t){
MIOpen(HIP): 	tensorDesc = {64, 128, 128, 128}, {2097152, 16384, 128, 1}, packed, 
MIOpen(HIP): }
MIOpen(HIP): Info [get_device_name] Raw device name: gfx1100
MIOpen(HIP): Info [SetStream] stream: 0, device_id: 0
MIOpen(HIP): miopenStatus_t miopenCreateTensorDescriptor(miopenTensorDescriptor_t *){
MIOpen(HIP): 	tensorDesc = 0
MIOpen(HIP): }
MIOpen(HIP): miopenStatus_t miopenSetTensorDescriptorV2(miopenTensorDescriptor_t, miopenDataType_t, int, const size_t *, const size_t *){
MIOpen(HIP): 	tensorDesc = {}, {}, packed, 
MIOpen(HIP): 	dataType = 0
MIOpen(HIP): 	nbDims = 4
MIOpen(HIP): 	dim.values = { 64 128 128 128 }
MIOpen(HIP): 	stride.values = { 2097152 16384 128 1 }
MIOpen(HIP): }
MIOpen(HIP): miopenStatus_t miopenCreateTensorDescriptor(miopenTensorDescriptor_t *){
MIOpen(HIP): 	tensorDesc = 0
MIOpen(HIP): }
MIOpen(HIP): miopenStatus_t miopenSetTensorDescriptorV2(miopenTensorDescriptor_t, miopenDataType_t, int, const size_t *, const size_t *){
MIOpen(HIP): 	tensorDesc = {}, {}, packed, 
MIOpen(HIP): 	dataType = 0
MIOpen(HIP): 	nbDims = 4
MIOpen(HIP): 	dim.values = { 64 128 3 3 }
MIOpen(HIP): 	stride.values = { 1152 9 3 1 }
MIOpen(HIP): }
MIOpen(HIP): miopenStatus_t miopenCreateTensorDescriptor(miopenTensorDescriptor_t *){
MIOpen(HIP): 	tensorDesc = 0
MIOpen(HIP): }
MIOpen(HIP): miopenStatus_t miopenSetTensorDescriptorV2(miopenTensorDescriptor_t, miopenDataType_t, int, const size_t *, const size_t *){
MIOpen(HIP): 	tensorDesc = {}, {}, packed, 
MIOpen(HIP): 	dataType = 0
MIOpen(HIP): 	nbDims = 4
MIOpen(HIP): 	dim.values = { 64 64 128 128 }
MIOpen(HIP): 	stride.values = { 1048576 16384 128 1 }
MIOpen(HIP): }
MIOpen(HIP): miopenStatus_t miopenCreateConvolutionDescriptor(miopenConvolutionDescriptor_t *){
MIOpen(HIP): 	convDesc = 0
MIOpen(HIP): }
MIOpen(HIP): miopenStatus_t miopenInitConvolutionNdDescriptor(miopenConvolutionDescriptor_t, int, const int *, const int *, const int *, miopenConvolutionMode_t){
MIOpen(HIP): 	convDesc = conv2d, miopenConvolution, miopenPaddingDefault, {0, 0}, {1, 1}, {1, 1}, 
MIOpen(HIP): 	spatialDim = 2
MIOpen(HIP): 	pads = { 1 1 }
MIOpen(HIP): 	strides = { 1 1 }
MIOpen(HIP): 	dilations = { 1 1 }
MIOpen(HIP): 	c_mode = 0
MIOpen(HIP): }
MIOpen(HIP): miopenStatus_t miopenSetConvolutionGroupCount(miopenConvolutionDescriptor_t, int){
MIOpen(HIP): 	convDesc = conv2d, miopenConvolution, miopenPaddingDefault, {1, 1}, {1, 1}, {1, 1}, 
MIOpen(HIP): 	groupCount = 1
MIOpen(HIP): }
MIOpen(HIP): miopenStatus_t miopenSetConvolutionAttribute(miopenConvolutionDescriptor_t, const miopenConvolutionAttrib_t, const int){
MIOpen(HIP): 	convDesc = conv2d, miopenConvolution, miopenPaddingDefault, {1, 1}, {1, 1}, {1, 1}, 
MIOpen(HIP): 	attr = 1
MIOpen(HIP): 	value = 0
MIOpen(HIP): }
MIOpen(HIP): miopenStatus_t miopenConvolutionForward(miopenHandle_t, const void *, const miopenTensorDescriptor_t, const void *, const miopenTensorDescriptor_t, const void *, const miopenConvolutionDescriptor_t, miopenConvFwdAlgorithm_t, const void *, const miopenTensorDescriptor_t, void *, void *, size_t){
MIOpen(HIP): 	handle = stream: 0, device_id: 0
MIOpen(HIP): 	alpha = 0x7fff37062900
MIOpen(HIP): 	xDesc = {64, 128, 128, 128}, {2097152, 16384, 128, 1}, packed, 
MIOpen(HIP): 	x = 0x7cdd7f800000
MIOpen(HIP): 	wDesc = {64, 128, 3, 3}, {1152, 9, 3, 1}, packed, 
MIOpen(HIP): 	w = 0x7cdd78600000
MIOpen(HIP): 	convDesc = conv2d, miopenConvolution, miopenPaddingDefault, {1, 1}, {1, 1}, {1, 1}, 
MIOpen(HIP): 	algo = 3
MIOpen(HIP): 	beta = 0x7fff37062908
MIOpen(HIP): 	yDesc = {64, 64, 128, 128}, {1048576, 16384, 128, 1}, packed, 
MIOpen(HIP): 	y = 0x7cdd70400000
MIOpen(HIP): 	workSpace = 0x7cdd78624200
MIOpen(HIP): 	workSpaceSize = 2048
MIOpen(HIP): }
MIOpen(HIP): Command [LogCmdConvolution] ./bin/MIOpenDriver convfp16 -n 64 -c 128 -H 128 -W 128 -k 64 -y 3 -x 3 -p 1 -q 1 -u 1 -v 1 -l 1 -j 1 -m conv -g 1 -F 1 -t 1
MIOpen(HIP): Info [ConvolutionForward] algo = 3, workspace = 2048
MIOpen(HIP): Info2 [GetInvoker] Returning an invoker for problem 128x128x128x3x3x64x128x128x64xNCHWxFP16x1x1x1x1x1x1x1xFxDefault and algorithm miopenConvolutionFwdAlgoWinograd
MIOpen(HIP): Info2 [MakeGcnAsmWinoV2InvokerFactory]  N=64 C=128 H=128 W=128 K=64 R=3 S=3 pad_H=1 pad_W=1 out_H=128 out_W=128 G=1 alpha=0 beta=0 act_mode=0 d_offset=0 f_offset=0 o_offset=0 b_offset=0 d_N_stride=2097152 d_C_stride=16384 d_H_stride=128 d_G_stride=2097152 f_K_stride=1152 f_C_stride=9 f_R_stride=3 f_G_stride=73728 o_N_stride=1048576 o_K_stride=16384 o_H_stride=128 o_G_stride=1048576 n_groups=96 flags64=0xe200 sync_limit=0 sync_period=0
MIOpen(HIP): Info2 [run] kernel_name = miopenSp3AsmConvFury_v2_4_1_gfx11_1536vgprs_fp16_fp16acc_f2x3_c32_stride1, global_work_dim = { 36864, 1, 1 }, local_work_dim = { 384, 1, 1 }
MIOpen(HIP): miopenStatus_t miopenDestroyConvolutionDescriptor(miopenConvolutionDescriptor_t){
MIOpen(HIP): 	convDesc = conv2d, miopenConvolution, miopenPaddingDefault, {1, 1}, {1, 1}, {1, 1}, 
MIOpen(HIP): }
MIOpen(HIP): miopenStatus_t miopenDestroyTensorDescriptor(miopenTensorDescriptor_t){
MIOpen(HIP): 	tensorDesc = {64, 128, 3, 3}, {1152, 9, 3, 1}, packed, 
MIOpen(HIP): }
MIOpen(HIP): miopenStatus_t miopenDestroyTensorDescriptor(miopenTensorDescriptor_t){
MIOpen(HIP): 	tensorDesc = {64, 64, 128, 128}, {1048576, 16384, 128, 1}, packed, 
MIOpen(HIP): }
MIOpen(HIP): miopenStatus_t miopenDestroyTensorDescriptor(miopenTensorDescriptor_t){
MIOpen(HIP): 	tensorDesc = {64, 128, 128, 128}, {2097152, 16384, 128, 1}, packed, 
MIOpen(HIP): }
MIOpen(HIP): Info [get_device_name] Raw device name: gfx1100
MIOpen(HIP): Info [SetStream] stream: 0, device_id: 0
MIOpen(HIP): miopenStatus_t miopenCreateTensorDescriptor(miopenTensorDescriptor_t *){
MIOpen(HIP): 	tensorDesc = 0
MIOpen(HIP): }
MIOpen(HIP): miopenStatus_t miopenSetTensorDescriptorV2(miopenTensorDescriptor_t, miopenDataType_t, int, const size_t *, const size_t *){
MIOpen(HIP): 	tensorDesc = {}, {}, packed, 
MIOpen(HIP): 	dataType = 0
MIOpen(HIP): 	nbDims = 4
MIOpen(HIP): 	dim.values = { 64 128 128 128 }
MIOpen(HIP): 	stride.values = { 2097152 16384 128 1 }
MIOpen(HIP): }
MIOpen(HIP): miopenStatus_t miopenCreateTensorDescriptor(miopenTensorDescriptor_t *){
MIOpen(HIP): 	tensorDesc = 0
MIOpen(HIP): }
MIOpen(HIP): miopenStatus_t miopenSetTensorDescriptorV2(miopenTensorDescriptor_t, miopenDataType_t, int, const size_t *, const size_t *){
MIOpen(HIP): 	tensorDesc = {}, {}, packed, 
MIOpen(HIP): 	dataType = 0
MIOpen(HIP): 	nbDims = 4
MIOpen(HIP): 	dim.values = { 64 128 3 3 }
MIOpen(HIP): 	stride.values = { 1152 9 3 1 }
MIOpen(HIP): }
MIOpen(HIP): miopenStatus_t miopenCreateTensorDescriptor(miopenTensorDescriptor_t *){
MIOpen(HIP): 	tensorDesc = 0
MIOpen(HIP): }
MIOpen(HIP): miopenStatus_t miopenSetTensorDescriptorV2(miopenTensorDescriptor_t, miopenDataType_t, int, const size_t *, const size_t *){
MIOpen(HIP): 	tensorDesc = {}, {}, packed, 
MIOpen(HIP): 	dataType = 0
MIOpen(HIP): 	nbDims = 4
MIOpen(HIP): 	dim.values = { 64 64 128 128 }
MIOpen(HIP): 	stride.values = { 1048576 16384 128 1 }
MIOpen(HIP): }
MIOpen(HIP): miopenStatus_t miopenCreateConvolutionDescriptor(miopenConvolutionDescriptor_t *){
MIOpen(HIP): 	convDesc = 0
MIOpen(HIP): }
MIOpen(HIP): miopenStatus_t miopenInitConvolutionNdDescriptor(miopenConvolutionDescriptor_t, int, const int *, const int *, const int *, miopenConvolutionMode_t){
MIOpen(HIP): 	convDesc = conv2d, miopenConvolution, miopenPaddingDefault, {0, 0}, {1, 1}, {1, 1}, 
MIOpen(HIP): 	spatialDim = 2
MIOpen(HIP): 	pads = { 1 1 }
MIOpen(HIP): 	strides = { 1 1 }
MIOpen(HIP): 	dilations = { 1 1 }
MIOpen(HIP): 	c_mode = 0
MIOpen(HIP): }
MIOpen(HIP): miopenStatus_t miopenSetConvolutionGroupCount(miopenConvolutionDescriptor_t, int){
MIOpen(HIP): 	convDesc = conv2d, miopenConvolution, miopenPaddingDefault, {1, 1}, {1, 1}, {1, 1}, 
MIOpen(HIP): 	groupCount = 1
MIOpen(HIP): }
MIOpen(HIP): miopenStatus_t miopenSetConvolutionAttribute(miopenConvolutionDescriptor_t, const miopenConvolutionAttrib_t, const int){
MIOpen(HIP): 	convDesc = conv2d, miopenConvolution, miopenPaddingDefault, {1, 1}, {1, 1}, {1, 1}, 
MIOpen(HIP): 	attr = 1
MIOpen(HIP): 	value = 0
MIOpen(HIP): }
MIOpen(HIP): miopenStatus_t miopenConvolutionForward(miopenHandle_t, const void *, const miopenTensorDescriptor_t, const void *, const miopenTensorDescriptor_t, const void *, const miopenConvolutionDescriptor_t, miopenConvFwdAlgorithm_t, const void *, const miopenTensorDescriptor_t, void *, void *, size_t){
MIOpen(HIP): 	handle = stream: 0, device_id: 0
MIOpen(HIP): 	alpha = 0x7fff37062900
MIOpen(HIP): 	xDesc = {64, 128, 128, 128}, {2097152, 16384, 128, 1}, packed, 
MIOpen(HIP): 	x = 0x7cdd7f800000
MIOpen(HIP): 	wDesc = {64, 128, 3, 3}, {1152, 9, 3, 1}, packed, 
MIOpen(HIP): 	w = 0x7cdd78600000
MIOpen(HIP): 	convDesc = conv2d, miopenConvolution, miopenPaddingDefault, {1, 1}, {1, 1}, {1, 1}, 
MIOpen(HIP): 	algo = 3
MIOpen(HIP): 	beta = 0x7fff37062908
MIOpen(HIP): 	yDesc = {64, 64, 128, 128}, {1048576, 16384, 128, 1}, packed, 
MIOpen(HIP): 	y = 0x7cdd70400000
MIOpen(HIP): 	workSpace = 0x7cdd78624200
MIOpen(HIP): 	workSpaceSize = 2048
MIOpen(HIP): }
MIOpen(HIP): Command [LogCmdConvolution] ./bin/MIOpenDriver convfp16 -n 64 -c 128 -H 128 -W 128 -k 64 -y 3 -x 3 -p 1 -q 1 -u 1 -v 1 -l 1 -j 1 -m conv -g 1 -F 1 -t 1
MIOpen(HIP): Info [ConvolutionForward] algo = 3, workspace = 2048
MIOpen(HIP): Info2 [GetInvoker] Returning an invoker for problem 128x128x128x3x3x64x128x128x64xNCHWxFP16x1x1x1x1x1x1x1xFxDefault and algorithm miopenConvolutionFwdAlgoWinograd
MIOpen(HIP): Info2 [MakeGcnAsmWinoV2InvokerFactory]  N=64 C=128 H=128 W=128 K=64 R=3 S=3 pad_H=1 pad_W=1 out_H=128 out_W=128 G=1 alpha=0 beta=0 act_mode=0 d_offset=0 f_offset=0 o_offset=0 b_offset=0 d_N_stride=2097152 d_C_stride=16384 d_H_stride=128 d_G_stride=2097152 f_K_stride=1152 f_C_stride=9 f_R_stride=3 f_G_stride=73728 o_N_stride=1048576 o_K_stride=16384 o_H_stride=128 o_G_stride=1048576 n_groups=96 flags64=0xe200 sync_limit=0 sync_period=0
MIOpen(HIP): Info2 [run] kernel_name = miopenSp3AsmConvFury_v2_4_1_gfx11_1536vgprs_fp16_fp16acc_f2x3_c32_stride1, global_work_dim = { 36864, 1, 1 }, local_work_dim = { 384, 1, 1 }
MIOpen(HIP): miopenStatus_t miopenDestroyConvolutionDescriptor(miopenConvolutionDescriptor_t){
MIOpen(HIP): 	convDesc = conv2d, miopenConvolution, miopenPaddingDefault, {1, 1}, {1, 1}, {1, 1}, 
MIOpen(HIP): }
MIOpen(HIP): miopenStatus_t miopenDestroyTensorDescriptor(miopenTensorDescriptor_t){
MIOpen(HIP): 	tensorDesc = {64, 128, 3, 3}, {1152, 9, 3, 1}, packed, 
MIOpen(HIP): }
MIOpen(HIP): miopenStatus_t miopenDestroyTensorDescriptor(miopenTensorDescriptor_t){
MIOpen(HIP): 	tensorDesc = {64, 64, 128, 128}, {1048576, 16384, 128, 1}, packed, 
MIOpen(HIP): }
MIOpen(HIP): miopenStatus_t miopenDestroyTensorDescriptor(miopenTensorDescriptor_t){
MIOpen(HIP): 	tensorDesc = {64, 128, 128, 128}, {2097152, 16384, 128, 1}, packed, 
MIOpen(HIP): }
MIOpen(HIP): Info [get_device_name] Raw device name: gfx1100
MIOpen(HIP): Info [SetStream] stream: 0, device_id: 0
MIOpen(HIP): miopenStatus_t miopenCreateTensorDescriptor(miopenTensorDescriptor_t *){
MIOpen(HIP): 	tensorDesc = 0
MIOpen(HIP): }
MIOpen(HIP): miopenStatus_t miopenSetTensorDescriptorV2(miopenTensorDescriptor_t, miopenDataType_t, int, const size_t *, const size_t *){
MIOpen(HIP): 	tensorDesc = {}, {}, packed, 
MIOpen(HIP): 	dataType = 0
MIOpen(HIP): 	nbDims = 4
MIOpen(HIP): 	dim.values = { 64 128 128 128 }
MIOpen(HIP): 	stride.values = { 2097152 16384 128 1 }
MIOpen(HIP): }
MIOpen(HIP): miopenStatus_t miopenCreateTensorDescriptor(miopenTensorDescriptor_t *){
MIOpen(HIP): 	tensorDesc = 0
MIOpen(HIP): }
MIOpen(HIP): miopenStatus_t miopenSetTensorDescriptorV2(miopenTensorDescriptor_t, miopenDataType_t, int, const size_t *, const size_t *){
MIOpen(HIP): 	tensorDesc = {}, {}, packed, 
MIOpen(HIP): 	dataType = 0
MIOpen(HIP): 	nbDims = 4
MIOpen(HIP): 	dim.values = { 64 128 3 3 }
MIOpen(HIP): 	stride.values = { 1152 9 3 1 }
MIOpen(HIP): }
MIOpen(HIP): miopenStatus_t miopenCreateTensorDescriptor(miopenTensorDescriptor_t *){
MIOpen(HIP): 	tensorDesc = 0
MIOpen(HIP): }
MIOpen(HIP): miopenStatus_t miopenSetTensorDescriptorV2(miopenTensorDescriptor_t, miopenDataType_t, int, const size_t *, const size_t *){
MIOpen(HIP): 	tensorDesc = {}, {}, packed, 
MIOpen(HIP): 	dataType = 0
MIOpen(HIP): 	nbDims = 4
MIOpen(HIP): 	dim.values = { 64 64 128 128 }
MIOpen(HIP): 	stride.values = { 1048576 16384 128 1 }
MIOpen(HIP): }
MIOpen(HIP): miopenStatus_t miopenCreateConvolutionDescriptor(miopenConvolutionDescriptor_t *){
MIOpen(HIP): 	convDesc = 0
MIOpen(HIP): }
MIOpen(HIP): miopenStatus_t miopenInitConvolutionNdDescriptor(miopenConvolutionDescriptor_t, int, const int *, const int *, const int *, miopenConvolutionMode_t){
MIOpen(HIP): 	convDesc = conv2d, miopenConvolution, miopenPaddingDefault, {0, 0}, {1, 1}, {1, 1}, 
MIOpen(HIP): 	spatialDim = 2
MIOpen(HIP): 	pads = { 1 1 }
MIOpen(HIP): 	strides = { 1 1 }
MIOpen(HIP): 	dilations = { 1 1 }
MIOpen(HIP): 	c_mode = 0
MIOpen(HIP): }
MIOpen(HIP): miopenStatus_t miopenSetConvolutionGroupCount(miopenConvolutionDescriptor_t, int){
MIOpen(HIP): 	convDesc = conv2d, miopenConvolution, miopenPaddingDefault, {1, 1}, {1, 1}, {1, 1}, 
MIOpen(HIP): 	groupCount = 1
MIOpen(HIP): }
MIOpen(HIP): miopenStatus_t miopenSetConvolutionAttribute(miopenConvolutionDescriptor_t, const miopenConvolutionAttrib_t, const int){
MIOpen(HIP): 	convDesc = conv2d, miopenConvolution, miopenPaddingDefault, {1, 1}, {1, 1}, {1, 1}, 
MIOpen(HIP): 	attr = 1
MIOpen(HIP): 	value = 0
MIOpen(HIP): }
MIOpen(HIP): miopenStatus_t miopenConvolutionForward(miopenHandle_t, const void *, const miopenTensorDescriptor_t, const void *, const miopenTensorDescriptor_t, const void *, const miopenConvolutionDescriptor_t, miopenConvFwdAlgorithm_t, const void *, const miopenTensorDescriptor_t, void *, void *, size_t){
MIOpen(HIP): 	handle = stream: 0, device_id: 0
MIOpen(HIP): 	alpha = 0x7fff37062900
MIOpen(HIP): 	xDesc = {64, 128, 128, 128}, {2097152, 16384, 128, 1}, packed, 
MIOpen(HIP): 	x = 0x7cdd7f800000
MIOpen(HIP): 	wDesc = {64, 128, 3, 3}, {1152, 9, 3, 1}, packed, 
MIOpen(HIP): 	w = 0x7cdd78600000
MIOpen(HIP): 	convDesc = conv2d, miopenConvolution, miopenPaddingDefault, {1, 1}, {1, 1}, {1, 1}, 
MIOpen(HIP): 	algo = 3
MIOpen(HIP): 	beta = 0x7fff37062908
MIOpen(HIP): 	yDesc = {64, 64, 128, 128}, {1048576, 16384, 128, 1}, packed, 
MIOpen(HIP): 	y = 0x7cdd70400000
MIOpen(HIP): 	workSpace = 0x7cdd78624200
MIOpen(HIP): 	workSpaceSize = 2048
MIOpen(HIP): }
MIOpen(HIP): Command [LogCmdConvolution] ./bin/MIOpenDriver convfp16 -n 64 -c 128 -H 128 -W 128 -k 64 -y 3 -x 3 -p 1 -q 1 -u 1 -v 1 -l 1 -j 1 -m conv -g 1 -F 1 -t 1
MIOpen(HIP): Info [ConvolutionForward] algo = 3, workspace = 2048
MIOpen(HIP): Info2 [GetInvoker] Returning an invoker for problem 128x128x128x3x3x64x128x128x64xNCHWxFP16x1x1x1x1x1x1x1xFxDefault and algorithm miopenConvolutionFwdAlgoWinograd
MIOpen(HIP): Info2 [MakeGcnAsmWinoV2InvokerFactory]  N=64 C=128 H=128 W=128 K=64 R=3 S=3 pad_H=1 pad_W=1 out_H=128 out_W=128 G=1 alpha=0 beta=0 act_mode=0 d_offset=0 f_offset=0 o_offset=0 b_offset=0 d_N_stride=2097152 d_C_stride=16384 d_H_stride=128 d_G_stride=2097152 f_K_stride=1152 f_C_stride=9 f_R_stride=3 f_G_stride=73728 o_N_stride=1048576 o_K_stride=16384 o_H_stride=128 o_G_stride=1048576 n_groups=96 flags64=0xe200 sync_limit=0 sync_period=0
MIOpen(HIP): Info2 [run] kernel_name = miopenSp3AsmConvFury_v2_4_1_gfx11_1536vgprs_fp16_fp16acc_f2x3_c32_stride1, global_work_dim = { 36864, 1, 1 }, local_work_dim = { 384, 1, 1 }
MIOpen(HIP): miopenStatus_t miopenDestroyConvolutionDescriptor(miopenConvolutionDescriptor_t){
MIOpen(HIP): 	convDesc = conv2d, miopenConvolution, miopenPaddingDefault, {1, 1}, {1, 1}, {1, 1}, 
MIOpen(HIP): }
MIOpen(HIP): miopenStatus_t miopenDestroyTensorDescriptor(miopenTensorDescriptor_t){
MIOpen(HIP): 	tensorDesc = {64, 128, 3, 3}, {1152, 9, 3, 1}, packed, 
MIOpen(HIP): }
MIOpen(HIP): miopenStatus_t miopenDestroyTensorDescriptor(miopenTensorDescriptor_t){
MIOpen(HIP): 	tensorDesc = {64, 64, 128, 128}, {1048576, 16384, 128, 1}, packed, 
MIOpen(HIP): }
MIOpen(HIP): miopenStatus_t miopenDestroyTensorDescriptor(miopenTensorDescriptor_t){
MIOpen(HIP): 	tensorDesc = {64, 128, 128, 128}, {2097152, 16384, 128, 1}, packed, 
MIOpen(HIP): }
MIOpen(HIP): Info [get_device_name] Raw device name: gfx1100
MIOpen(HIP): Info [SetStream] stream: 0, device_id: 0
MIOpen(HIP): miopenStatus_t miopenCreateTensorDescriptor(miopenTensorDescriptor_t *){
MIOpen(HIP): 	tensorDesc = 0
MIOpen(HIP): }
MIOpen(HIP): miopenStatus_t miopenSetTensorDescriptorV2(miopenTensorDescriptor_t, miopenDataType_t, int, const size_t *, const size_t *){
MIOpen(HIP): 	tensorDesc = {}, {}, packed, 
MIOpen(HIP): 	dataType = 0
MIOpen(HIP): 	nbDims = 4
MIOpen(HIP): 	dim.values = { 64 128 128 128 }
MIOpen(HIP): 	stride.values = { 2097152 16384 128 1 }
MIOpen(HIP): }
MIOpen(HIP): miopenStatus_t miopenCreateTensorDescriptor(miopenTensorDescriptor_t *){
MIOpen(HIP): 	tensorDesc = 0
MIOpen(HIP): }
MIOpen(HIP): miopenStatus_t miopenSetTensorDescriptorV2(miopenTensorDescriptor_t, miopenDataType_t, int, const size_t *, const size_t *){
MIOpen(HIP): 	tensorDesc = {}, {}, packed, 
MIOpen(HIP): 	dataType = 0
MIOpen(HIP): 	nbDims = 4
MIOpen(HIP): 	dim.values = { 64 128 3 3 }
MIOpen(HIP): 	stride.values = { 1152 9 3 1 }
MIOpen(HIP): }
MIOpen(HIP): miopenStatus_t miopenCreateTensorDescriptor(miopenTensorDescriptor_t *){
MIOpen(HIP): 	tensorDesc = 0
MIOpen(HIP): }
MIOpen(HIP): miopenStatus_t miopenSetTensorDescriptorV2(miopenTensorDescriptor_t, miopenDataType_t, int, const size_t *, const size_t *){
MIOpen(HIP): 	tensorDesc = {}, {}, packed, 
MIOpen(HIP): 	dataType = 0
MIOpen(HIP): 	nbDims = 4
MIOpen(HIP): 	dim.values = { 64 64 128 128 }
MIOpen(HIP): 	stride.values = { 1048576 16384 128 1 }
MIOpen(HIP): }
MIOpen(HIP): miopenStatus_t miopenCreateConvolutionDescriptor(miopenConvolutionDescriptor_t *){
MIOpen(HIP): 	convDesc = 0
MIOpen(HIP): }
MIOpen(HIP): miopenStatus_t miopenInitConvolutionNdDescriptor(miopenConvolutionDescriptor_t, int, const int *, const int *, const int *, miopenConvolutionMode_t){
MIOpen(HIP): 	convDesc = conv2d, miopenConvolution, miopenPaddingDefault, {0, 0}, {1, 1}, {1, 1}, 
MIOpen(HIP): 	spatialDim = 2
MIOpen(HIP): 	pads = { 1 1 }
MIOpen(HIP): 	strides = { 1 1 }
MIOpen(HIP): 	dilations = { 1 1 }
MIOpen(HIP): 	c_mode = 0
MIOpen(HIP): }
MIOpen(HIP): miopenStatus_t miopenSetConvolutionGroupCount(miopenConvolutionDescriptor_t, int){
MIOpen(HIP): 	convDesc = conv2d, miopenConvolution, miopenPaddingDefault, {1, 1}, {1, 1}, {1, 1}, 
MIOpen(HIP): 	groupCount = 1
MIOpen(HIP): }
MIOpen(HIP): miopenStatus_t miopenSetConvolutionAttribute(miopenConvolutionDescriptor_t, const miopenConvolutionAttrib_t, const int){
MIOpen(HIP): 	convDesc = conv2d, miopenConvolution, miopenPaddingDefault, {1, 1}, {1, 1}, {1, 1}, 
MIOpen(HIP): 	attr = 1
MIOpen(HIP): 	value = 0
MIOpen(HIP): }
MIOpen(HIP): miopenStatus_t miopenConvolutionForward(miopenHandle_t, const void *, const miopenTensorDescriptor_t, const void *, const miopenTensorDescriptor_t, const void *, const miopenConvolutionDescriptor_t, miopenConvFwdAlgorithm_t, const void *, const miopenTensorDescriptor_t, void *, void *, size_t){
MIOpen(HIP): 	handle = stream: 0, device_id: 0
MIOpen(HIP): 	alpha = 0x7fff37062900
MIOpen(HIP): 	xDesc = {64, 128, 128, 128}, {2097152, 16384, 128, 1}, packed, 
MIOpen(HIP): 	x = 0x7cdd7f800000
MIOpen(HIP): 	wDesc = {64, 128, 3, 3}, {1152, 9, 3, 1}, packed, 
MIOpen(HIP): 	w = 0x7cdd78600000
MIOpen(HIP): 	convDesc = conv2d, miopenConvolution, miopenPaddingDefault, {1, 1}, {1, 1}, {1, 1}, 
MIOpen(HIP): 	algo = 3
MIOpen(HIP): 	beta = 0x7fff37062908
MIOpen(HIP): 	yDesc = {64, 64, 128, 128}, {1048576, 16384, 128, 1}, packed, 
MIOpen(HIP): 	y = 0x7cdd70400000
MIOpen(HIP): 	workSpace = 0x7cdd78624200
MIOpen(HIP): 	workSpaceSize = 2048
MIOpen(HIP): }
MIOpen(HIP): Command [LogCmdConvolution] ./bin/MIOpenDriver convfp16 -n 64 -c 128 -H 128 -W 128 -k 64 -y 3 -x 3 -p 1 -q 1 -u 1 -v 1 -l 1 -j 1 -m conv -g 1 -F 1 -t 1
MIOpen(HIP): Info [ConvolutionForward] algo = 3, workspace = 2048
MIOpen(HIP): Info2 [GetInvoker] Returning an invoker for problem 128x128x128x3x3x64x128x128x64xNCHWxFP16x1x1x1x1x1x1x1xFxDefault and algorithm miopenConvolutionFwdAlgoWinograd
MIOpen(HIP): Info2 [MakeGcnAsmWinoV2InvokerFactory]  N=64 C=128 H=128 W=128 K=64 R=3 S=3 pad_H=1 pad_W=1 out_H=128 out_W=128 G=1 alpha=0 beta=0 act_mode=0 d_offset=0 f_offset=0 o_offset=0 b_offset=0 d_N_stride=2097152 d_C_stride=16384 d_H_stride=128 d_G_stride=2097152 f_K_stride=1152 f_C_stride=9 f_R_stride=3 f_G_stride=73728 o_N_stride=1048576 o_K_stride=16384 o_H_stride=128 o_G_stride=1048576 n_groups=96 flags64=0xe200 sync_limit=0 sync_period=0
MIOpen(HIP): Info2 [run] kernel_name = miopenSp3AsmConvFury_v2_4_1_gfx11_1536vgprs_fp16_fp16acc_f2x3_c32_stride1, global_work_dim = { 36864, 1, 1 }, local_work_dim = { 384, 1, 1 }
MIOpen(HIP): miopenStatus_t miopenDestroyConvolutionDescriptor(miopenConvolutionDescriptor_t){
MIOpen(HIP): 	convDesc = conv2d, miopenConvolution, miopenPaddingDefault, {1, 1}, {1, 1}, {1, 1}, 
MIOpen(HIP): }
MIOpen(HIP): miopenStatus_t miopenDestroyTensorDescriptor(miopenTensorDescriptor_t){
MIOpen(HIP): 	tensorDesc = {64, 128, 3, 3}, {1152, 9, 3, 1}, packed, 
MIOpen(HIP): }
MIOpen(HIP): miopenStatus_t miopenDestroyTensorDescriptor(miopenTensorDescriptor_t){
MIOpen(HIP): 	tensorDesc = {64, 64, 128, 128}, {1048576, 16384, 128, 1}, packed, 
MIOpen(HIP): }
MIOpen(HIP): miopenStatus_t miopenDestroyTensorDescriptor(miopenTensorDescriptor_t){
MIOpen(HIP): 	tensorDesc = {64, 128, 128, 128}, {2097152, 16384, 128, 1}, packed, 
MIOpen(HIP): }
MIOpen(HIP): Info [get_device_name] Raw device name: gfx1100
MIOpen(HIP): Info [SetStream] stream: 0, device_id: 0
MIOpen(HIP): miopenStatus_t miopenCreateTensorDescriptor(miopenTensorDescriptor_t *){
MIOpen(HIP): 	tensorDesc = 0
MIOpen(HIP): }
MIOpen(HIP): miopenStatus_t miopenSetTensorDescriptorV2(miopenTensorDescriptor_t, miopenDataType_t, int, const size_t *, const size_t *){
MIOpen(HIP): 	tensorDesc = {}, {}, packed, 
MIOpen(HIP): 	dataType = 0
MIOpen(HIP): 	nbDims = 4
MIOpen(HIP): 	dim.values = { 64 128 128 128 }
MIOpen(HIP): 	stride.values = { 2097152 16384 128 1 }
MIOpen(HIP): }
MIOpen(HIP): miopenStatus_t miopenCreateTensorDescriptor(miopenTensorDescriptor_t *){
MIOpen(HIP): 	tensorDesc = 0
MIOpen(HIP): }
MIOpen(HIP): miopenStatus_t miopenSetTensorDescriptorV2(miopenTensorDescriptor_t, miopenDataType_t, int, const size_t *, const size_t *){
MIOpen(HIP): 	tensorDesc = {}, {}, packed, 
MIOpen(HIP): 	dataType = 0
MIOpen(HIP): 	nbDims = 4
MIOpen(HIP): 	dim.values = { 64 128 3 3 }
MIOpen(HIP): 	stride.values = { 1152 9 3 1 }
MIOpen(HIP): }
MIOpen(HIP): miopenStatus_t miopenCreateTensorDescriptor(miopenTensorDescriptor_t *){
MIOpen(HIP): 	tensorDesc = 0
MIOpen(HIP): }
MIOpen(HIP): miopenStatus_t miopenSetTensorDescriptorV2(miopenTensorDescriptor_t, miopenDataType_t, int, const size_t *, const size_t *){
MIOpen(HIP): 	tensorDesc = {}, {}, packed, 
MIOpen(HIP): 	dataType = 0
MIOpen(HIP): 	nbDims = 4
MIOpen(HIP): 	dim.values = { 64 64 128 128 }
MIOpen(HIP): 	stride.values = { 1048576 16384 128 1 }
MIOpen(HIP): }
MIOpen(HIP): miopenStatus_t miopenCreateConvolutionDescriptor(miopenConvolutionDescriptor_t *){
MIOpen(HIP): 	convDesc = 0
MIOpen(HIP): }
MIOpen(HIP): miopenStatus_t miopenInitConvolutionNdDescriptor(miopenConvolutionDescriptor_t, int, const int *, const int *, const int *, miopenConvolutionMode_t){
MIOpen(HIP): 	convDesc = conv2d, miopenConvolution, miopenPaddingDefault, {0, 0}, {1, 1}, {1, 1}, 
MIOpen(HIP): 	spatialDim = 2
MIOpen(HIP): 	pads = { 1 1 }
MIOpen(HIP): 	strides = { 1 1 }
MIOpen(HIP): 	dilations = { 1 1 }
MIOpen(HIP): 	c_mode = 0
MIOpen(HIP): }
MIOpen(HIP): miopenStatus_t miopenSetConvolutionGroupCount(miopenConvolutionDescriptor_t, int){
MIOpen(HIP): 	convDesc = conv2d, miopenConvolution, miopenPaddingDefault, {1, 1}, {1, 1}, {1, 1}, 
MIOpen(HIP): 	groupCount = 1
MIOpen(HIP): }
MIOpen(HIP): miopenStatus_t miopenSetConvolutionAttribute(miopenConvolutionDescriptor_t, const miopenConvolutionAttrib_t, const int){
MIOpen(HIP): 	convDesc = conv2d, miopenConvolution, miopenPaddingDefault, {1, 1}, {1, 1}, {1, 1}, 
MIOpen(HIP): 	attr = 1
MIOpen(HIP): 	value = 0
MIOpen(HIP): }
MIOpen(HIP): miopenStatus_t miopenConvolutionForward(miopenHandle_t, const void *, const miopenTensorDescriptor_t, const void *, const miopenTensorDescriptor_t, const void *, const miopenConvolutionDescriptor_t, miopenConvFwdAlgorithm_t, const void *, const miopenTensorDescriptor_t, void *, void *, size_t){
MIOpen(HIP): 	handle = stream: 0, device_id: 0
MIOpen(HIP): 	alpha = 0x7fff37062900
MIOpen(HIP): 	xDesc = {64, 128, 128, 128}, {2097152, 16384, 128, 1}, packed, 
MIOpen(HIP): 	x = 0x7cdd7f800000
MIOpen(HIP): 	wDesc = {64, 128, 3, 3}, {1152, 9, 3, 1}, packed, 
MIOpen(HIP): 	w = 0x7cdd78600000
MIOpen(HIP): 	convDesc = conv2d, miopenConvolution, miopenPaddingDefault, {1, 1}, {1, 1}, {1, 1}, 
MIOpen(HIP): 	algo = 3
MIOpen(HIP): 	beta = 0x7fff37062908
MIOpen(HIP): 	yDesc = {64, 64, 128, 128}, {1048576, 16384, 128, 1}, packed, 
MIOpen(HIP): 	y = 0x7cdd70400000
MIOpen(HIP): 	workSpace = 0x7cdd78624200
MIOpen(HIP): 	workSpaceSize = 2048
MIOpen(HIP): }
MIOpen(HIP): Command [LogCmdConvolution] ./bin/MIOpenDriver convfp16 -n 64 -c 128 -H 128 -W 128 -k 64 -y 3 -x 3 -p 1 -q 1 -u 1 -v 1 -l 1 -j 1 -m conv -g 1 -F 1 -t 1
MIOpen(HIP): Info [ConvolutionForward] algo = 3, workspace = 2048
MIOpen(HIP): Info2 [GetInvoker] Returning an invoker for problem 128x128x128x3x3x64x128x128x64xNCHWxFP16x1x1x1x1x1x1x1xFxDefault and algorithm miopenConvolutionFwdAlgoWinograd
MIOpen(HIP): Info2 [MakeGcnAsmWinoV2InvokerFactory]  N=64 C=128 H=128 W=128 K=64 R=3 S=3 pad_H=1 pad_W=1 out_H=128 out_W=128 G=1 alpha=0 beta=0 act_mode=0 d_offset=0 f_offset=0 o_offset=0 b_offset=0 d_N_stride=2097152 d_C_stride=16384 d_H_stride=128 d_G_stride=2097152 f_K_stride=1152 f_C_stride=9 f_R_stride=3 f_G_stride=73728 o_N_stride=1048576 o_K_stride=16384 o_H_stride=128 o_G_stride=1048576 n_groups=96 flags64=0xe200 sync_limit=0 sync_period=0
MIOpen(HIP): Info2 [run] kernel_name = miopenSp3AsmConvFury_v2_4_1_gfx11_1536vgprs_fp16_fp16acc_f2x3_c32_stride1, global_work_dim = { 36864, 1, 1 }, local_work_dim = { 384, 1, 1 }
MIOpen(HIP): miopenStatus_t miopenDestroyConvolutionDescriptor(miopenConvolutionDescriptor_t){
MIOpen(HIP): 	convDesc = conv2d, miopenConvolution, miopenPaddingDefault, {1, 1}, {1, 1}, {1, 1}, 
MIOpen(HIP): }
MIOpen(HIP): miopenStatus_t miopenDestroyTensorDescriptor(miopenTensorDescriptor_t){
MIOpen(HIP): 	tensorDesc = {64, 128, 3, 3}, {1152, 9, 3, 1}, packed, 
MIOpen(HIP): }
MIOpen(HIP): miopenStatus_t miopenDestroyTensorDescriptor(miopenTensorDescriptor_t){
MIOpen(HIP): 	tensorDesc = {64, 64, 128, 128}, {1048576, 16384, 128, 1}, packed, 
MIOpen(HIP): }
MIOpen(HIP): miopenStatus_t miopenDestroyTensorDescriptor(miopenTensorDescriptor_t){
MIOpen(HIP): 	tensorDesc = {64, 128, 128, 128}, {2097152, 16384, 128, 1}, packed, 
MIOpen(HIP): }
MIOpen(HIP): Info [get_device_name] Raw device name: gfx1100
MIOpen(HIP): Info [SetStream] stream: 0, device_id: 0
MIOpen(HIP): miopenStatus_t miopenCreateTensorDescriptor(miopenTensorDescriptor_t *){
MIOpen(HIP): 	tensorDesc = 0
MIOpen(HIP): }
MIOpen(HIP): miopenStatus_t miopenSetTensorDescriptorV2(miopenTensorDescriptor_t, miopenDataType_t, int, const size_t *, const size_t *){
MIOpen(HIP): 	tensorDesc = {}, {}, packed, 
MIOpen(HIP): 	dataType = 0
MIOpen(HIP): 	nbDims = 4
MIOpen(HIP): 	dim.values = { 64 128 128 128 }
MIOpen(HIP): 	stride.values = { 2097152 16384 128 1 }
MIOpen(HIP): }
MIOpen(HIP): miopenStatus_t miopenCreateTensorDescriptor(miopenTensorDescriptor_t *){
MIOpen(HIP): 	tensorDesc = 0
MIOpen(HIP): }
MIOpen(HIP): miopenStatus_t miopenSetTensorDescriptorV2(miopenTensorDescriptor_t, miopenDataType_t, int, const size_t *, const size_t *){
MIOpen(HIP): 	tensorDesc = {}, {}, packed, 
MIOpen(HIP): 	dataType = 0
MIOpen(HIP): 	nbDims = 4
MIOpen(HIP): 	dim.values = { 64 128 3 3 }
MIOpen(HIP): 	stride.values = { 1152 9 3 1 }
MIOpen(HIP): }
MIOpen(HIP): miopenStatus_t miopenCreateTensorDescriptor(miopenTensorDescriptor_t *){
MIOpen(HIP): 	tensorDesc = 0
MIOpen(HIP): }
MIOpen(HIP): miopenStatus_t miopenSetTensorDescriptorV2(miopenTensorDescriptor_t, miopenDataType_t, int, const size_t *, const size_t *){
MIOpen(HIP): 	tensorDesc = {}, {}, packed, 
MIOpen(HIP): 	dataType = 0
MIOpen(HIP): 	nbDims = 4
MIOpen(HIP): 	dim.values = { 64 64 128 128 }
MIOpen(HIP): 	stride.values = { 1048576 16384 128 1 }
MIOpen(HIP): }
MIOpen(HIP): miopenStatus_t miopenCreateConvolutionDescriptor(miopenConvolutionDescriptor_t *){
MIOpen(HIP): 	convDesc = 0
MIOpen(HIP): }
MIOpen(HIP): miopenStatus_t miopenInitConvolutionNdDescriptor(miopenConvolutionDescriptor_t, int, const int *, const int *, const int *, miopenConvolutionMode_t){
MIOpen(HIP): 	convDesc = conv2d, miopenConvolution, miopenPaddingDefault, {0, 0}, {1, 1}, {1, 1}, 
MIOpen(HIP): 	spatialDim = 2
MIOpen(HIP): 	pads = { 1 1 }
MIOpen(HIP): 	strides = { 1 1 }
MIOpen(HIP): 	dilations = { 1 1 }
MIOpen(HIP): 	c_mode = 0
MIOpen(HIP): }
MIOpen(HIP): miopenStatus_t miopenSetConvolutionGroupCount(miopenConvolutionDescriptor_t, int){
MIOpen(HIP): 	convDesc = conv2d, miopenConvolution, miopenPaddingDefault, {1, 1}, {1, 1}, {1, 1}, 
MIOpen(HIP): 	groupCount = 1
MIOpen(HIP): }
MIOpen(HIP): miopenStatus_t miopenSetConvolutionAttribute(miopenConvolutionDescriptor_t, const miopenConvolutionAttrib_t, const int){
MIOpen(HIP): 	convDesc = conv2d, miopenConvolution, miopenPaddingDefault, {1, 1}, {1, 1}, {1, 1}, 
MIOpen(HIP): 	attr = 1
MIOpen(HIP): 	value = 0
MIOpen(HIP): }
MIOpen(HIP): miopenStatus_t miopenConvolutionForward(miopenHandle_t, const void *, const miopenTensorDescriptor_t, const void *, const miopenTensorDescriptor_t, const void *, const miopenConvolutionDescriptor_t, miopenConvFwdAlgorithm_t, const void *, const miopenTensorDescriptor_t, void *, void *, size_t){
MIOpen(HIP): 	handle = stream: 0, device_id: 0
MIOpen(HIP): 	alpha = 0x7fff37062900
MIOpen(HIP): 	xDesc = {64, 128, 128, 128}, {2097152, 16384, 128, 1}, packed, 
MIOpen(HIP): 	x = 0x7cdd7f800000
MIOpen(HIP): 	wDesc = {64, 128, 3, 3}, {1152, 9, 3, 1}, packed, 
MIOpen(HIP): 	w = 0x7cdd78600000
MIOpen(HIP): 	convDesc = conv2d, miopenConvolution, miopenPaddingDefault, {1, 1}, {1, 1}, {1, 1}, 
MIOpen(HIP): 	algo = 3
MIOpen(HIP): 	beta = 0x7fff37062908
MIOpen(HIP): 	yDesc = {64, 64, 128, 128}, {1048576, 16384, 128, 1}, packed, 
MIOpen(HIP): 	y = 0x7cdd70400000
MIOpen(HIP): 	workSpace = 0x7cdd78624200
MIOpen(HIP): 	workSpaceSize = 2048
MIOpen(HIP): }
MIOpen(HIP): Command [LogCmdConvolution] ./bin/MIOpenDriver convfp16 -n 64 -c 128 -H 128 -W 128 -k 64 -y 3 -x 3 -p 1 -q 1 -u 1 -v 1 -l 1 -j 1 -m conv -g 1 -F 1 -t 1
MIOpen(HIP): Info [ConvolutionForward] algo = 3, workspace = 2048
MIOpen(HIP): Info2 [GetInvoker] Returning an invoker for problem 128x128x128x3x3x64x128x128x64xNCHWxFP16x1x1x1x1x1x1x1xFxDefault and algorithm miopenConvolutionFwdAlgoWinograd
MIOpen(HIP): Info2 [MakeGcnAsmWinoV2InvokerFactory]  N=64 C=128 H=128 W=128 K=64 R=3 S=3 pad_H=1 pad_W=1 out_H=128 out_W=128 G=1 alpha=0 beta=0 act_mode=0 d_offset=0 f_offset=0 o_offset=0 b_offset=0 d_N_stride=2097152 d_C_stride=16384 d_H_stride=128 d_G_stride=2097152 f_K_stride=1152 f_C_stride=9 f_R_stride=3 f_G_stride=73728 o_N_stride=1048576 o_K_stride=16384 o_H_stride=128 o_G_stride=1048576 n_groups=96 flags64=0xe200 sync_limit=0 sync_period=0
MIOpen(HIP): Info2 [run] kernel_name = miopenSp3AsmConvFury_v2_4_1_gfx11_1536vgprs_fp16_fp16acc_f2x3_c32_stride1, global_work_dim = { 36864, 1, 1 }, local_work_dim = { 384, 1, 1 }
MIOpen(HIP): miopenStatus_t miopenDestroyConvolutionDescriptor(miopenConvolutionDescriptor_t){
MIOpen(HIP): 	convDesc = conv2d, miopenConvolution, miopenPaddingDefault, {1, 1}, {1, 1}, {1, 1}, 
MIOpen(HIP): }
MIOpen(HIP): miopenStatus_t miopenDestroyTensorDescriptor(miopenTensorDescriptor_t){
MIOpen(HIP): 	tensorDesc = {64, 128, 3, 3}, {1152, 9, 3, 1}, packed, 
MIOpen(HIP): }
MIOpen(HIP): miopenStatus_t miopenDestroyTensorDescriptor(miopenTensorDescriptor_t){
MIOpen(HIP): 	tensorDesc = {64, 64, 128, 128}, {1048576, 16384, 128, 1}, packed, 
MIOpen(HIP): }
MIOpen(HIP): miopenStatus_t miopenDestroyTensorDescriptor(miopenTensorDescriptor_t){
MIOpen(HIP): 	tensorDesc = {64, 128, 128, 128}, {2097152, 16384, 128, 1}, packed, 
MIOpen(HIP): }
MIOpen(HIP): Info [get_device_name] Raw device name: gfx1100
MIOpen(HIP): Info [SetStream] stream: 0, device_id: 0
MIOpen(HIP): miopenStatus_t miopenCreateTensorDescriptor(miopenTensorDescriptor_t *){
MIOpen(HIP): 	tensorDesc = 0
MIOpen(HIP): }
MIOpen(HIP): miopenStatus_t miopenSetTensorDescriptorV2(miopenTensorDescriptor_t, miopenDataType_t, int, const size_t *, const size_t *){
MIOpen(HIP): 	tensorDesc = {}, {}, packed, 
MIOpen(HIP): 	dataType = 0
MIOpen(HIP): 	nbDims = 4
MIOpen(HIP): 	dim.values = { 64 128 128 128 }
MIOpen(HIP): 	stride.values = { 2097152 16384 128 1 }
MIOpen(HIP): }
MIOpen(HIP): miopenStatus_t miopenCreateTensorDescriptor(miopenTensorDescriptor_t *){
MIOpen(HIP): 	tensorDesc = 0
MIOpen(HIP): }
MIOpen(HIP): miopenStatus_t miopenSetTensorDescriptorV2(miopenTensorDescriptor_t, miopenDataType_t, int, const size_t *, const size_t *){
MIOpen(HIP): 	tensorDesc = {}, {}, packed, 
MIOpen(HIP): 	dataType = 0
MIOpen(HIP): 	nbDims = 4
MIOpen(HIP): 	dim.values = { 64 128 3 3 }
MIOpen(HIP): 	stride.values = { 1152 9 3 1 }
MIOpen(HIP): }
MIOpen(HIP): miopenStatus_t miopenCreateTensorDescriptor(miopenTensorDescriptor_t *){
MIOpen(HIP): 	tensorDesc = 0
MIOpen(HIP): }
MIOpen(HIP): miopenStatus_t miopenSetTensorDescriptorV2(miopenTensorDescriptor_t, miopenDataType_t, int, const size_t *, const size_t *){
MIOpen(HIP): 	tensorDesc = {}, {}, packed, 
MIOpen(HIP): 	dataType = 0
MIOpen(HIP): 	nbDims = 4
MIOpen(HIP): 	dim.values = { 64 64 128 128 }
MIOpen(HIP): 	stride.values = { 1048576 16384 128 1 }
MIOpen(HIP): }
MIOpen(HIP): miopenStatus_t miopenCreateConvolutionDescriptor(miopenConvolutionDescriptor_t *){
MIOpen(HIP): 	convDesc = 0
MIOpen(HIP): }
MIOpen(HIP): miopenStatus_t miopenInitConvolutionNdDescriptor(miopenConvolutionDescriptor_t, int, const int *, const int *, const int *, miopenConvolutionMode_t){
MIOpen(HIP): 	convDesc = conv2d, miopenConvolution, miopenPaddingDefault, {0, 0}, {1, 1}, {1, 1}, 
MIOpen(HIP): 	spatialDim = 2
MIOpen(HIP): 	pads = { 1 1 }
MIOpen(HIP): 	strides = { 1 1 }
MIOpen(HIP): 	dilations = { 1 1 }
MIOpen(HIP): 	c_mode = 0
MIOpen(HIP): }
MIOpen(HIP): miopenStatus_t miopenSetConvolutionGroupCount(miopenConvolutionDescriptor_t, int){
MIOpen(HIP): 	convDesc = conv2d, miopenConvolution, miopenPaddingDefault, {1, 1}, {1, 1}, {1, 1}, 
MIOpen(HIP): 	groupCount = 1
MIOpen(HIP): }
MIOpen(HIP): miopenStatus_t miopenSetConvolutionAttribute(miopenConvolutionDescriptor_t, const miopenConvolutionAttrib_t, const int){
MIOpen(HIP): 	convDesc = conv2d, miopenConvolution, miopenPaddingDefault, {1, 1}, {1, 1}, {1, 1}, 
MIOpen(HIP): 	attr = 1
MIOpen(HIP): 	value = 0
MIOpen(HIP): }
MIOpen(HIP): miopenStatus_t miopenConvolutionForward(miopenHandle_t, const void *, const miopenTensorDescriptor_t, const void *, const miopenTensorDescriptor_t, const void *, const miopenConvolutionDescriptor_t, miopenConvFwdAlgorithm_t, const void *, const miopenTensorDescriptor_t, void *, void *, size_t){
MIOpen(HIP): 	handle = stream: 0, device_id: 0
MIOpen(HIP): 	alpha = 0x7fff37062900
MIOpen(HIP): 	xDesc = {64, 128, 128, 128}, {2097152, 16384, 128, 1}, packed, 
MIOpen(HIP): 	x = 0x7cdd7f800000
MIOpen(HIP): 	wDesc = {64, 128, 3, 3}, {1152, 9, 3, 1}, packed, 
MIOpen(HIP): 	w = 0x7cdd78600000
MIOpen(HIP): 	convDesc = conv2d, miopenConvolution, miopenPaddingDefault, {1, 1}, {1, 1}, {1, 1}, 
MIOpen(HIP): 	algo = 3
MIOpen(HIP): 	beta = 0x7fff37062908
MIOpen(HIP): 	yDesc = {64, 64, 128, 128}, {1048576, 16384, 128, 1}, packed, 
MIOpen(HIP): 	y = 0x7cdd70400000
MIOpen(HIP): 	workSpace = 0x7cdd78624200
MIOpen(HIP): 	workSpaceSize = 2048
MIOpen(HIP): }
MIOpen(HIP): Command [LogCmdConvolution] ./bin/MIOpenDriver convfp16 -n 64 -c 128 -H 128 -W 128 -k 64 -y 3 -x 3 -p 1 -q 1 -u 1 -v 1 -l 1 -j 1 -m conv -g 1 -F 1 -t 1
MIOpen(HIP): Info [ConvolutionForward] algo = 3, workspace = 2048
MIOpen(HIP): Info2 [GetInvoker] Returning an invoker for problem 128x128x128x3x3x64x128x128x64xNCHWxFP16x1x1x1x1x1x1x1xFxDefault and algorithm miopenConvolutionFwdAlgoWinograd
MIOpen(HIP): Info2 [MakeGcnAsmWinoV2InvokerFactory]  N=64 C=128 H=128 W=128 K=64 R=3 S=3 pad_H=1 pad_W=1 out_H=128 out_W=128 G=1 alpha=0 beta=0 act_mode=0 d_offset=0 f_offset=0 o_offset=0 b_offset=0 d_N_stride=2097152 d_C_stride=16384 d_H_stride=128 d_G_stride=2097152 f_K_stride=1152 f_C_stride=9 f_R_stride=3 f_G_stride=73728 o_N_stride=1048576 o_K_stride=16384 o_H_stride=128 o_G_stride=1048576 n_groups=96 flags64=0xe200 sync_limit=0 sync_period=0
MIOpen(HIP): Info2 [run] kernel_name = miopenSp3AsmConvFury_v2_4_1_gfx11_1536vgprs_fp16_fp16acc_f2x3_c32_stride1, global_work_dim = { 36864, 1, 1 }, local_work_dim = { 384, 1, 1 }
MIOpen(HIP): miopenStatus_t miopenDestroyConvolutionDescriptor(miopenConvolutionDescriptor_t){
MIOpen(HIP): 	convDesc = conv2d, miopenConvolution, miopenPaddingDefault, {1, 1}, {1, 1}, {1, 1}, 
MIOpen(HIP): }
MIOpen(HIP): miopenStatus_t miopenDestroyTensorDescriptor(miopenTensorDescriptor_t){
MIOpen(HIP): 	tensorDesc = {64, 128, 3, 3}, {1152, 9, 3, 1}, packed, 
MIOpen(HIP): }
MIOpen(HIP): miopenStatus_t miopenDestroyTensorDescriptor(miopenTensorDescriptor_t){
MIOpen(HIP): 	tensorDesc = {64, 64, 128, 128}, {1048576, 16384, 128, 1}, packed, 
MIOpen(HIP): }
MIOpen(HIP): miopenStatus_t miopenDestroyTensorDescriptor(miopenTensorDescriptor_t){
MIOpen(HIP): 	tensorDesc = {64, 128, 128, 128}, {2097152, 16384, 128, 1}, packed, 
MIOpen(HIP): }
MIOpen(HIP): Info [get_device_name] Raw device name: gfx1100
MIOpen(HIP): Info [SetStream] stream: 0, device_id: 0
MIOpen(HIP): miopenStatus_t miopenCreateTensorDescriptor(miopenTensorDescriptor_t *){
MIOpen(HIP): 	tensorDesc = 0
MIOpen(HIP): }
MIOpen(HIP): miopenStatus_t miopenSetTensorDescriptorV2(miopenTensorDescriptor_t, miopenDataType_t, int, const size_t *, const size_t *){
MIOpen(HIP): 	tensorDesc = {}, {}, packed, 
MIOpen(HIP): 	dataType = 0
MIOpen(HIP): 	nbDims = 4
MIOpen(HIP): 	dim.values = { 64 128 128 128 }
MIOpen(HIP): 	stride.values = { 2097152 16384 128 1 }
MIOpen(HIP): }
MIOpen(HIP): miopenStatus_t miopenCreateTensorDescriptor(miopenTensorDescriptor_t *){
MIOpen(HIP): 	tensorDesc = 0
MIOpen(HIP): }
MIOpen(HIP): miopenStatus_t miopenSetTensorDescriptorV2(miopenTensorDescriptor_t, miopenDataType_t, int, const size_t *, const size_t *){
MIOpen(HIP): 	tensorDesc = {}, {}, packed, 
MIOpen(HIP): 	dataType = 0
MIOpen(HIP): 	nbDims = 4
MIOpen(HIP): 	dim.values = { 64 128 3 3 }
MIOpen(HIP): 	stride.values = { 1152 9 3 1 }
MIOpen(HIP): }
MIOpen(HIP): miopenStatus_t miopenCreateTensorDescriptor(miopenTensorDescriptor_t *){
MIOpen(HIP): 	tensorDesc = 0
MIOpen(HIP): }
MIOpen(HIP): miopenStatus_t miopenSetTensorDescriptorV2(miopenTensorDescriptor_t, miopenDataType_t, int, const size_t *, const size_t *){
MIOpen(HIP): 	tensorDesc = {}, {}, packed, 
MIOpen(HIP): 	dataType = 0
MIOpen(HIP): 	nbDims = 4
MIOpen(HIP): 	dim.values = { 64 64 128 128 }
MIOpen(HIP): 	stride.values = { 1048576 16384 128 1 }
MIOpen(HIP): }
MIOpen(HIP): miopenStatus_t miopenCreateConvolutionDescriptor(miopenConvolutionDescriptor_t *){
MIOpen(HIP): 	convDesc = 0
MIOpen(HIP): }
MIOpen(HIP): miopenStatus_t miopenInitConvolutionNdDescriptor(miopenConvolutionDescriptor_t, int, const int *, const int *, const int *, miopenConvolutionMode_t){
MIOpen(HIP): 	convDesc = conv2d, miopenConvolution, miopenPaddingDefault, {0, 0}, {1, 1}, {1, 1}, 
MIOpen(HIP): 	spatialDim = 2
MIOpen(HIP): 	pads = { 1 1 }
MIOpen(HIP): 	strides = { 1 1 }
MIOpen(HIP): 	dilations = { 1 1 }
MIOpen(HIP): 	c_mode = 0
MIOpen(HIP): }
MIOpen(HIP): miopenStatus_t miopenSetConvolutionGroupCount(miopenConvolutionDescriptor_t, int){
MIOpen(HIP): 	convDesc = conv2d, miopenConvolution, miopenPaddingDefault, {1, 1}, {1, 1}, {1, 1}, 
MIOpen(HIP): 	groupCount = 1
MIOpen(HIP): }
MIOpen(HIP): miopenStatus_t miopenSetConvolutionAttribute(miopenConvolutionDescriptor_t, const miopenConvolutionAttrib_t, const int){
MIOpen(HIP): 	convDesc = conv2d, miopenConvolution, miopenPaddingDefault, {1, 1}, {1, 1}, {1, 1}, 
MIOpen(HIP): 	attr = 1
MIOpen(HIP): 	value = 0
MIOpen(HIP): }
MIOpen(HIP): miopenStatus_t miopenConvolutionForward(miopenHandle_t, const void *, const miopenTensorDescriptor_t, const void *, const miopenTensorDescriptor_t, const void *, const miopenConvolutionDescriptor_t, miopenConvFwdAlgorithm_t, const void *, const miopenTensorDescriptor_t, void *, void *, size_t){
MIOpen(HIP): 	handle = stream: 0, device_id: 0
MIOpen(HIP): 	alpha = 0x7fff37062900
MIOpen(HIP): 	xDesc = {64, 128, 128, 128}, {2097152, 16384, 128, 1}, packed, 
MIOpen(HIP): 	x = 0x7cdd7f800000
MIOpen(HIP): 	wDesc = {64, 128, 3, 3}, {1152, 9, 3, 1}, packed, 
MIOpen(HIP): 	w = 0x7cdd78600000
MIOpen(HIP): 	convDesc = conv2d, miopenConvolution, miopenPaddingDefault, {1, 1}, {1, 1}, {1, 1}, 
MIOpen(HIP): 	algo = 3
MIOpen(HIP): 	beta = 0x7fff37062908
MIOpen(HIP): 	yDesc = {64, 64, 128, 128}, {1048576, 16384, 128, 1}, packed, 
MIOpen(HIP): 	y = 0x7cdd70400000
MIOpen(HIP): 	workSpace = 0x7cdd78624200
MIOpen(HIP): 	workSpaceSize = 2048
MIOpen(HIP): }
MIOpen(HIP): Command [LogCmdConvolution] ./bin/MIOpenDriver convfp16 -n 64 -c 128 -H 128 -W 128 -k 64 -y 3 -x 3 -p 1 -q 1 -u 1 -v 1 -l 1 -j 1 -m conv -g 1 -F 1 -t 1
MIOpen(HIP): Info [ConvolutionForward] algo = 3, workspace = 2048
MIOpen(HIP): Info2 [GetInvoker] Returning an invoker for problem 128x128x128x3x3x64x128x128x64xNCHWxFP16x1x1x1x1x1x1x1xFxDefault and algorithm miopenConvolutionFwdAlgoWinograd
MIOpen(HIP): Info2 [MakeGcnAsmWinoV2InvokerFactory]  N=64 C=128 H=128 W=128 K=64 R=3 S=3 pad_H=1 pad_W=1 out_H=128 out_W=128 G=1 alpha=0 beta=0 act_mode=0 d_offset=0 f_offset=0 o_offset=0 b_offset=0 d_N_stride=2097152 d_C_stride=16384 d_H_stride=128 d_G_stride=2097152 f_K_stride=1152 f_C_stride=9 f_R_stride=3 f_G_stride=73728 o_N_stride=1048576 o_K_stride=16384 o_H_stride=128 o_G_stride=1048576 n_groups=96 flags64=0xe200 sync_limit=0 sync_period=0
MIOpen(HIP): Info2 [run] kernel_name = miopenSp3AsmConvFury_v2_4_1_gfx11_1536vgprs_fp16_fp16acc_f2x3_c32_stride1, global_work_dim = { 36864, 1, 1 }, local_work_dim = { 384, 1, 1 }
MIOpen(HIP): miopenStatus_t miopenDestroyConvolutionDescriptor(miopenConvolutionDescriptor_t){
MIOpen(HIP): 	convDesc = conv2d, miopenConvolution, miopenPaddingDefault, {1, 1}, {1, 1}, {1, 1}, 
MIOpen(HIP): }
MIOpen(HIP): miopenStatus_t miopenDestroyTensorDescriptor(miopenTensorDescriptor_t){
MIOpen(HIP): 	tensorDesc = {64, 128, 3, 3}, {1152, 9, 3, 1}, packed, 
MIOpen(HIP): }
MIOpen(HIP): miopenStatus_t miopenDestroyTensorDescriptor(miopenTensorDescriptor_t){
MIOpen(HIP): 	tensorDesc = {64, 64, 128, 128}, {1048576, 16384, 128, 1}, packed, 
MIOpen(HIP): }
MIOpen(HIP): miopenStatus_t miopenDestroyTensorDescriptor(miopenTensorDescriptor_t){
MIOpen(HIP): 	tensorDesc = {64, 128, 128, 128}, {2097152, 16384, 128, 1}, packed, 
MIOpen(HIP): }
MIOpen(HIP): Info [get_device_name] Raw device name: gfx1100
MIOpen(HIP): Info [SetStream] stream: 0, device_id: 0
MIOpen(HIP): miopenStatus_t miopenCreateTensorDescriptor(miopenTensorDescriptor_t *){
MIOpen(HIP): 	tensorDesc = 0
MIOpen(HIP): }
MIOpen(HIP): miopenStatus_t miopenSetTensorDescriptorV2(miopenTensorDescriptor_t, miopenDataType_t, int, const size_t *, const size_t *){
MIOpen(HIP): 	tensorDesc = {}, {}, packed, 
MIOpen(HIP): 	dataType = 0
MIOpen(HIP): 	nbDims = 4
MIOpen(HIP): 	dim.values = { 64 128 128 128 }
MIOpen(HIP): 	stride.values = { 2097152 16384 128 1 }
MIOpen(HIP): }
MIOpen(HIP): miopenStatus_t miopenCreateTensorDescriptor(miopenTensorDescriptor_t *){
MIOpen(HIP): 	tensorDesc = 0
MIOpen(HIP): }
MIOpen(HIP): miopenStatus_t miopenSetTensorDescriptorV2(miopenTensorDescriptor_t, miopenDataType_t, int, const size_t *, const size_t *){
MIOpen(HIP): 	tensorDesc = {}, {}, packed, 
MIOpen(HIP): 	dataType = 0
MIOpen(HIP): 	nbDims = 4
MIOpen(HIP): 	dim.values = { 64 128 3 3 }
MIOpen(HIP): 	stride.values = { 1152 9 3 1 }
MIOpen(HIP): }
MIOpen(HIP): miopenStatus_t miopenCreateTensorDescriptor(miopenTensorDescriptor_t *){
MIOpen(HIP): 	tensorDesc = 0
MIOpen(HIP): }
MIOpen(HIP): miopenStatus_t miopenSetTensorDescriptorV2(miopenTensorDescriptor_t, miopenDataType_t, int, const size_t *, const size_t *){
MIOpen(HIP): 	tensorDesc = {}, {}, packed, 
MIOpen(HIP): 	dataType = 0
MIOpen(HIP): 	nbDims = 4
MIOpen(HIP): 	dim.values = { 64 64 128 128 }
MIOpen(HIP): 	stride.values = { 1048576 16384 128 1 }
MIOpen(HIP): }
MIOpen(HIP): miopenStatus_t miopenCreateConvolutionDescriptor(miopenConvolutionDescriptor_t *){
MIOpen(HIP): 	convDesc = 0
MIOpen(HIP): }
MIOpen(HIP): miopenStatus_t miopenInitConvolutionNdDescriptor(miopenConvolutionDescriptor_t, int, const int *, const int *, const int *, miopenConvolutionMode_t){
MIOpen(HIP): 	convDesc = conv2d, miopenConvolution, miopenPaddingDefault, {0, 0}, {1, 1}, {1, 1}, 
MIOpen(HIP): 	spatialDim = 2
MIOpen(HIP): 	pads = { 1 1 }
MIOpen(HIP): 	strides = { 1 1 }
MIOpen(HIP): 	dilations = { 1 1 }
MIOpen(HIP): 	c_mode = 0
MIOpen(HIP): }
MIOpen(HIP): miopenStatus_t miopenSetConvolutionGroupCount(miopenConvolutionDescriptor_t, int){
MIOpen(HIP): 	convDesc = conv2d, miopenConvolution, miopenPaddingDefault, {1, 1}, {1, 1}, {1, 1}, 
MIOpen(HIP): 	groupCount = 1
MIOpen(HIP): }
MIOpen(HIP): miopenStatus_t miopenSetConvolutionAttribute(miopenConvolutionDescriptor_t, const miopenConvolutionAttrib_t, const int){
MIOpen(HIP): 	convDesc = conv2d, miopenConvolution, miopenPaddingDefault, {1, 1}, {1, 1}, {1, 1}, 
MIOpen(HIP): 	attr = 1
MIOpen(HIP): 	value = 0
MIOpen(HIP): }
MIOpen(HIP): miopenStatus_t miopenConvolutionForward(miopenHandle_t, const void *, const miopenTensorDescriptor_t, const void *, const miopenTensorDescriptor_t, const void *, const miopenConvolutionDescriptor_t, miopenConvFwdAlgorithm_t, const void *, const miopenTensorDescriptor_t, void *, void *, size_t){
MIOpen(HIP): 	handle = stream: 0, device_id: 0
MIOpen(HIP): 	alpha = 0x7fff37062900
MIOpen(HIP): 	xDesc = {64, 128, 128, 128}, {2097152, 16384, 128, 1}, packed, 
MIOpen(HIP): 	x = 0x7cdd7f800000
MIOpen(HIP): 	wDesc = {64, 128, 3, 3}, {1152, 9, 3, 1}, packed, 
MIOpen(HIP): 	w = 0x7cdd78600000
MIOpen(HIP): 	convDesc = conv2d, miopenConvolution, miopenPaddingDefault, {1, 1}, {1, 1}, {1, 1}, 
MIOpen(HIP): 	algo = 3
MIOpen(HIP): 	beta = 0x7fff37062908
MIOpen(HIP): 	yDesc = {64, 64, 128, 128}, {1048576, 16384, 128, 1}, packed, 
MIOpen(HIP): 	y = 0x7cdd70400000
MIOpen(HIP): 	workSpace = 0x7cdd78624200
MIOpen(HIP): 	workSpaceSize = 2048
MIOpen(HIP): }
MIOpen(HIP): Command [LogCmdConvolution] ./bin/MIOpenDriver convfp16 -n 64 -c 128 -H 128 -W 128 -k 64 -y 3 -x 3 -p 1 -q 1 -u 1 -v 1 -l 1 -j 1 -m conv -g 1 -F 1 -t 1
MIOpen(HIP): Info [ConvolutionForward] algo = 3, workspace = 2048
MIOpen(HIP): Info2 [GetInvoker] Returning an invoker for problem 128x128x128x3x3x64x128x128x64xNCHWxFP16x1x1x1x1x1x1x1xFxDefault and algorithm miopenConvolutionFwdAlgoWinograd
MIOpen(HIP): Info2 [MakeGcnAsmWinoV2InvokerFactory]  N=64 C=128 H=128 W=128 K=64 R=3 S=3 pad_H=1 pad_W=1 out_H=128 out_W=128 G=1 alpha=0 beta=0 act_mode=0 d_offset=0 f_offset=0 o_offset=0 b_offset=0 d_N_stride=2097152 d_C_stride=16384 d_H_stride=128 d_G_stride=2097152 f_K_stride=1152 f_C_stride=9 f_R_stride=3 f_G_stride=73728 o_N_stride=1048576 o_K_stride=16384 o_H_stride=128 o_G_stride=1048576 n_groups=96 flags64=0xe200 sync_limit=0 sync_period=0
MIOpen(HIP): Info2 [run] kernel_name = miopenSp3AsmConvFury_v2_4_1_gfx11_1536vgprs_fp16_fp16acc_f2x3_c32_stride1, global_work_dim = { 36864, 1, 1 }, local_work_dim = { 384, 1, 1 }
MIOpen(HIP): miopenStatus_t miopenDestroyConvolutionDescriptor(miopenConvolutionDescriptor_t){
MIOpen(HIP): 	convDesc = conv2d, miopenConvolution, miopenPaddingDefault, {1, 1}, {1, 1}, {1, 1}, 
MIOpen(HIP): }
MIOpen(HIP): miopenStatus_t miopenDestroyTensorDescriptor(miopenTensorDescriptor_t){
MIOpen(HIP): 	tensorDesc = {64, 128, 3, 3}, {1152, 9, 3, 1}, packed, 
MIOpen(HIP): }
MIOpen(HIP): miopenStatus_t miopenDestroyTensorDescriptor(miopenTensorDescriptor_t){
MIOpen(HIP): 	tensorDesc = {64, 64, 128, 128}, {1048576, 16384, 128, 1}, packed, 
MIOpen(HIP): }
MIOpen(HIP): miopenStatus_t miopenDestroyTensorDescriptor(miopenTensorDescriptor_t){
MIOpen(HIP): 	tensorDesc = {64, 128, 128, 128}, {2097152, 16384, 128, 1}, packed, 
MIOpen(HIP): }
MIOpen(HIP): Info [get_device_name] Raw device name: gfx1100
MIOpen(HIP): Info [SetStream] stream: 0, device_id: 0
MIOpen(HIP): miopenStatus_t miopenCreateTensorDescriptor(miopenTensorDescriptor_t *){
MIOpen(HIP): 	tensorDesc = 0
MIOpen(HIP): }
MIOpen(HIP): miopenStatus_t miopenSetTensorDescriptorV2(miopenTensorDescriptor_t, miopenDataType_t, int, const size_t *, const size_t *){
MIOpen(HIP): 	tensorDesc = {}, {}, packed, 
MIOpen(HIP): 	dataType = 0
MIOpen(HIP): 	nbDims = 4
MIOpen(HIP): 	dim.values = { 64 128 128 128 }
MIOpen(HIP): 	stride.values = { 2097152 16384 128 1 }
MIOpen(HIP): }
MIOpen(HIP): miopenStatus_t miopenCreateTensorDescriptor(miopenTensorDescriptor_t *){
MIOpen(HIP): 	tensorDesc = 0
MIOpen(HIP): }
MIOpen(HIP): miopenStatus_t miopenSetTensorDescriptorV2(miopenTensorDescriptor_t, miopenDataType_t, int, const size_t *, const size_t *){
MIOpen(HIP): 	tensorDesc = {}, {}, packed, 
MIOpen(HIP): 	dataType = 0
MIOpen(HIP): 	nbDims = 4
MIOpen(HIP): 	dim.values = { 64 128 3 3 }
MIOpen(HIP): 	stride.values = { 1152 9 3 1 }
MIOpen(HIP): }
MIOpen(HIP): miopenStatus_t miopenCreateTensorDescriptor(miopenTensorDescriptor_t *){
MIOpen(HIP): 	tensorDesc = 0
MIOpen(HIP): }
MIOpen(HIP): miopenStatus_t miopenSetTensorDescriptorV2(miopenTensorDescriptor_t, miopenDataType_t, int, const size_t *, const size_t *){
MIOpen(HIP): 	tensorDesc = {}, {}, packed, 
MIOpen(HIP): 	dataType = 0
MIOpen(HIP): 	nbDims = 4
MIOpen(HIP): 	dim.values = { 64 64 128 128 }
MIOpen(HIP): 	stride.values = { 1048576 16384 128 1 }
MIOpen(HIP): }
MIOpen(HIP): miopenStatus_t miopenCreateConvolutionDescriptor(miopenConvolutionDescriptor_t *){
MIOpen(HIP): 	convDesc = 0
MIOpen(HIP): }
MIOpen(HIP): miopenStatus_t miopenInitConvolutionNdDescriptor(miopenConvolutionDescriptor_t, int, const int *, const int *, const int *, miopenConvolutionMode_t){
MIOpen(HIP): 	convDesc = conv2d, miopenConvolution, miopenPaddingDefault, {0, 0}, {1, 1}, {1, 1}, 
MIOpen(HIP): 	spatialDim = 2
MIOpen(HIP): 	pads = { 1 1 }
MIOpen(HIP): 	strides = { 1 1 }
MIOpen(HIP): 	dilations = { 1 1 }
MIOpen(HIP): 	c_mode = 0
MIOpen(HIP): }
MIOpen(HIP): miopenStatus_t miopenSetConvolutionGroupCount(miopenConvolutionDescriptor_t, int){
MIOpen(HIP): 	convDesc = conv2d, miopenConvolution, miopenPaddingDefault, {1, 1}, {1, 1}, {1, 1}, 
MIOpen(HIP): 	groupCount = 1
MIOpen(HIP): }
MIOpen(HIP): miopenStatus_t miopenSetConvolutionAttribute(miopenConvolutionDescriptor_t, const miopenConvolutionAttrib_t, const int){
MIOpen(HIP): 	convDesc = conv2d, miopenConvolution, miopenPaddingDefault, {1, 1}, {1, 1}, {1, 1}, 
MIOpen(HIP): 	attr = 1
MIOpen(HIP): 	value = 0
MIOpen(HIP): }
MIOpen(HIP): miopenStatus_t miopenConvolutionForward(miopenHandle_t, const void *, const miopenTensorDescriptor_t, const void *, const miopenTensorDescriptor_t, const void *, const miopenConvolutionDescriptor_t, miopenConvFwdAlgorithm_t, const void *, const miopenTensorDescriptor_t, void *, void *, size_t){
MIOpen(HIP): 	handle = stream: 0, device_id: 0
MIOpen(HIP): 	alpha = 0x7fff37062900
MIOpen(HIP): 	xDesc = {64, 128, 128, 128}, {2097152, 16384, 128, 1}, packed, 
MIOpen(HIP): 	x = 0x7cdd7f800000
MIOpen(HIP): 	wDesc = {64, 128, 3, 3}, {1152, 9, 3, 1}, packed, 
MIOpen(HIP): 	w = 0x7cdd78600000
MIOpen(HIP): 	convDesc = conv2d, miopenConvolution, miopenPaddingDefault, {1, 1}, {1, 1}, {1, 1}, 
MIOpen(HIP): 	algo = 3
MIOpen(HIP): 	beta = 0x7fff37062908
MIOpen(HIP): 	yDesc = {64, 64, 128, 128}, {1048576, 16384, 128, 1}, packed, 
MIOpen(HIP): 	y = 0x7cdd70400000
MIOpen(HIP): 	workSpace = 0x7cdd78624200
MIOpen(HIP): 	workSpaceSize = 2048
MIOpen(HIP): }
MIOpen(HIP): Command [LogCmdConvolution] ./bin/MIOpenDriver convfp16 -n 64 -c 128 -H 128 -W 128 -k 64 -y 3 -x 3 -p 1 -q 1 -u 1 -v 1 -l 1 -j 1 -m conv -g 1 -F 1 -t 1
MIOpen(HIP): Info [ConvolutionForward] algo = 3, workspace = 2048
MIOpen(HIP): Info2 [GetInvoker] Returning an invoker for problem 128x128x128x3x3x64x128x128x64xNCHWxFP16x1x1x1x1x1x1x1xFxDefault and algorithm miopenConvolutionFwdAlgoWinograd
MIOpen(HIP): Info2 [MakeGcnAsmWinoV2InvokerFactory]  N=64 C=128 H=128 W=128 K=64 R=3 S=3 pad_H=1 pad_W=1 out_H=128 out_W=128 G=1 alpha=0 beta=0 act_mode=0 d_offset=0 f_offset=0 o_offset=0 b_offset=0 d_N_stride=2097152 d_C_stride=16384 d_H_stride=128 d_G_stride=2097152 f_K_stride=1152 f_C_stride=9 f_R_stride=3 f_G_stride=73728 o_N_stride=1048576 o_K_stride=16384 o_H_stride=128 o_G_stride=1048576 n_groups=96 flags64=0xe200 sync_limit=0 sync_period=0
MIOpen(HIP): Info2 [run] kernel_name = miopenSp3AsmConvFury_v2_4_1_gfx11_1536vgprs_fp16_fp16acc_f2x3_c32_stride1, global_work_dim = { 36864, 1, 1 }, local_work_dim = { 384, 1, 1 }
MIOpen(HIP): miopenStatus_t miopenDestroyConvolutionDescriptor(miopenConvolutionDescriptor_t){
MIOpen(HIP): 	convDesc = conv2d, miopenConvolution, miopenPaddingDefault, {1, 1}, {1, 1}, {1, 1}, 
MIOpen(HIP): }
MIOpen(HIP): miopenStatus_t miopenDestroyTensorDescriptor(miopenTensorDescriptor_t){
MIOpen(HIP): 	tensorDesc = {64, 128, 3, 3}, {1152, 9, 3, 1}, packed, 
MIOpen(HIP): }
MIOpen(HIP): miopenStatus_t miopenDestroyTensorDescriptor(miopenTensorDescriptor_t){
MIOpen(HIP): 	tensorDesc = {64, 64, 128, 128}, {1048576, 16384, 128, 1}, packed, 
MIOpen(HIP): }
MIOpen(HIP): miopenStatus_t miopenDestroyTensorDescriptor(miopenTensorDescriptor_t){
MIOpen(HIP): 	tensorDesc = {64, 128, 128, 128}, {2097152, 16384, 128, 1}, packed, 
MIOpen(HIP): }
